YEAR,MONTH_NUM,DAY,HOUR,MONTH,departure_count,arrival_count,within_count,avg_temp,avg_precip,date_str,event_date,day_of_week,event,open_hour,close_hour,event_flag
2024,10,1,1,Oct,328,204,48,15.8,0.0,2024-10-1,2024-10-01,3,,,,0
2024,10,1,13,Oct,946,979,193,21.4,0.0,2024-10-1,2024-10-01,3,,,,0
2024,10,5,10,Oct,1208,1315,216,19.3,0.0,2024-10-5,2024-10-05,7,,,,0
2024,10,7,3,Oct,286,205,34,16.3,0.0,2024-10-7,2024-10-07,2,,,,0
2024,10,7,21,Oct,1409,1242,187,16.3,0.0,2024-10-7,2024-10-07,2,,,,0
2024,10,8,9,Oct,1263,1393,264,13.7,0.0,2024-10-8,2024-10-08,3,,,,0
2024,10,9,10,Oct,1072,1300,240,15.8,0.0,2024-10-9,2024-10-09,4,,,,0
2024,10,1,0,Oct,589,371,85,16.0,0.0,2024-10-1,2024-10-01,3,,,,0
2024,10,2,9,Oct,1243,1448,229,15.3,0.0,2024-10-2,2024-10-02,4,,,,0
2024,10,5,2,Oct,1477,788,176,16.9,0.26,2024-10-5,2024-10-05,7,,,,0
2024,10,5,17,Oct,1605,1541,263,23.0,0.0,2024-10-5,2024-10-05,7,,,,0
2024,10,6,23,Oct,940,739,136,17.0,0.0,2024-10-6,2024-10-06,1,,,,0
2024,10,7,4,Oct,343,320,32,16.4,0.6,2024-10-7,2024-10-07,2,,,,0
2024,10,7,15,Oct,1093,1034,182,23.2,0.0,2024-10-7,2024-10-07,2,,,,0
2024,10,1,23,Oct,1182,761,137,14.8,0.0,2024-10-1,2024-10-01,3,,,,0
2024,10,2,6,Oct,699,820,94,13.6,0.0,2024-10-2,2024-10-02,4,,,,0
2024,10,3,8,Oct,1327,1401,260,15.6,0.0,2024-10-3,2024-10-03,5,,,,0
2024,10,3,11,Oct,1066,1069,146,20.4,0.0,2024-10-3,2024-10-03,5,,,,0
2024,10,3,15,Oct,1213,1173,208,22.3,0.0,2024-10-3,2024-10-03,5,,,,0
2024,10,4,15,Oct,1253,1297,248,22.4,0.0,2024-10-4,2024-10-04,6,,,,0
2024,10,4,20,Oct,1770,1793,317,18.2,0.0,2024-10-4,2024-10-04,6,,,,0
2024,10,5,3,Oct,1199,604,145,16.4,0.0,2024-10-5,2024-10-05,7,,,,0
2024,10,5,20,Oct,1694,1610,296,17.8,0.0,2024-10-5,2024-10-05,7,,,,0
2024,10,9,8,Oct,1586,1767,388,11.3,0.0,2024-10-9,2024-10-09,4,,,,0
2024,10,1,14,Oct,1053,976,170,21.6,0.0,2024-10-1,2024-10-01,3,,,,0
2024,10,3,2,Oct,394,219,48,16.2,0.0,2024-10-3,2024-10-03,5,,,,0
2024,10,3,21,Oct,1702,1428,224,16.4,0.0,2024-10-3,2024-10-03,5,,,,0
2024,10,4,12,Oct,1072,1148,206,22.5,0.0,2024-10-4,2024-10-04,6,,,,0
2024,10,5,23,Oct,2039,1626,299,14.0,0.0,2024-10-5,2024-10-05,7,,,,0
2024,10,6,9,Oct,961,1118,171,14.4,0.0,2024-10-6,2024-10-06,1,,,,0
2024,10,6,19,Oct,1320,1243,222,17.1,0.0,2024-10-6,2024-10-06,1,,,,0
2024,10,9,9,Oct,1339,1507,307,13.6,0.0,2024-10-9,2024-10-09,4,,,,0
2024,10,2,22,Oct,1487,1264,172,16.8,0.0,2024-10-2,2024-10-02,4,,,,0
2024,10,3,14,Oct,1086,1086,180,21.9,0.0,2024-10-3,2024-10-03,5,,,,0
2024,10,6,11,Oct,1202,1354,223,18.8,0.0,2024-10-6,2024-10-06,1,,,,0
2024,10,7,11,Oct,968,1103,206,20.7,0.04,2024-10-7,2024-10-07,2,,,,0
2024,10,7,14,Oct,1003,974,176,23.4,0.0,2024-10-7,2024-10-07,2,,,,0
2024,10,2,13,Oct,1047,991,185,19.6,0.0,2024-10-2,2024-10-02,4,,,,0
2024,10,5,0,Oct,1800,1375,244,17.7,0.0,2024-10-5,2024-10-05,7,,,,0
2024,10,5,8,Oct,696,1030,120,16.0,0.0,2024-10-5,2024-10-05,7,,,,0
2024,10,5,16,Oct,1471,1409,221,23.5,0.0,2024-10-5,2024-10-05,7,,,,0
2024,10,6,16,Oct,1273,1205,233,21.0,0.0,2024-10-6,2024-10-06,1,,,,0
2024,10,7,8,Oct,1336,1373,283,16.7,0.0,2024-10-7,2024-10-07,2,,,,0
2024,10,8,12,Oct,941,979,166,18.3,0.0,2024-10-8,2024-10-08,3,,,,0
2024,10,8,22,Oct,1771,1173,204,13.7,0.0,2024-10-8,2024-10-08,3,,,,0
2024,10,1,6,Oct,657,835,94,14.8,0.0,2024-10-1,2024-10-01,3,,,,0
2024,10,4,0,Oct,1055,761,136,14.6,0.0,2024-10-4,2024-10-04,6,,,,0
2024,10,5,1,Oct,1662,1056,193,17.7,0.04,2024-10-5,2024-10-05,7,,,,0
2024,10,6,18,Oct,1326,1217,239,18.5,0.0,2024-10-6,2024-10-06,1,,,,0
2024,10,2,12,Oct,1020,1002,169,18.6,0.0,2024-10-2,2024-10-02,4,,,,0
2024,10,3,13,Oct,1167,1031,175,21.7,0.0,2024-10-3,2024-10-03,5,,,,0
2024,10,3,17,Oct,1592,1477,274,21.3,0.0,2024-10-3,2024-10-03,5,,,,0
2024,10,4,8,Oct,1115,1112,233,13.7,0.0,2024-10-4,2024-10-04,6,,,,0
2024,10,4,13,Oct,1216,1160,220,23.2,0.0,2024-10-4,2024-10-04,6,,,,0
2024,10,6,3,Oct,2814,1681,344,11.7,0.0,2024-10-6,2024-10-06,1,,,,0
2024,10,6,17,Oct,1375,1206,238,20.0,0.0,2024-10-6,2024-10-06,1,,,,0
2024,10,7,1,Oct,486,242,68,15.9,0.0,2024-10-7,2024-10-07,2,,,,0
2024,10,1,11,Oct,913,982,193,19.3,0.0,2024-10-1,2024-10-01,3,,,,0
2024,10,1,17,Oct,1670,1569,286,21.0,0.0,2024-10-1,2024-10-01,3,,,,0
2024,10,2,14,Oct,1042,1002,182,20.2,0.0,2024-10-2,2024-10-02,4,,,,0
2024,10,5,14,Oct,1200,1179,220,23.7,0.0,2024-10-5,2024-10-05,7,,,,0
2024,10,7,0,Oct,743,445,83,16.2,0.0,2024-10-7,2024-10-07,2,,,,0
2024,10,7,22,Oct,1201,1116,146,15.7,0.0,2024-10-7,2024-10-07,2,,,,0
2024,10,8,8,Oct,1532,1626,366,11.8,0.0,2024-10-8,2024-10-08,3,,,,0
2024,10,9,13,Oct,1169,1071,188,19.3,0.0,2024-10-9,2024-10-09,4,,,,0
2024,10,6,15,Oct,1126,1074,243,21.6,0.0,2024-10-6,2024-10-06,1,,,,0
2024,10,8,4,Oct,225,342,21,11.6,0.0,2024-10-8,2024-10-08,3,,,,0
2024,10,9,11,Oct,1108,1225,213,17.3,0.0,2024-10-9,2024-10-09,4,,,,0
2024,10,1,2,Oct,226,152,30,15.2,0.0,2024-10-1,2024-10-01,3,,,,0
2024,10,1,4,Oct,251,338,32,15.1,0.0,2024-10-1,2024-10-01,3,,,,0
2024,10,1,19,Oct,1677,1419,269,17.9,0.0,2024-10-1,2024-10-01,3,,,,0
2024,10,3,1,Oct,483,312,67,16.2,0.0,2024-10-3,2024-10-03,5,,,,0
2024,10,4,22,Oct,2106,1844,318,18.1,0.2,2024-10-4,2024-10-04,6,,,,0
2024,10,6,0,Oct,1767,1546,265,13.3,0.0,2024-10-6,2024-10-06,1,,,,0
2024,10,7,23,Oct,860,741,116,15.2,0.0,2024-10-7,2024-10-07,2,,,,0
2024,10,8,2,Oct,211,184,29,12.8,0.0,2024-10-8,2024-10-08,3,,,,0
2024,10,4,16,Oct,1352,1446,249,21.9,0.0,2024-10-4,2024-10-04,6,,,,0
2024,10,8,0,Oct,490,416,65,14.7,0.0,2024-10-8,2024-10-08,3,,,,0
2024,10,3,5,Oct,383,441,45,15.3,0.0,2024-10-3,2024-10-03,5,,,,0
2024,10,4,1,Oct,753,463,88,14.1,0.0,2024-10-4,2024-10-04,6,,,,0
2024,10,5,5,Oct,378,398,37,15.9,0.0,2024-10-5,2024-10-05,7,,,,0
2024,10,5,18,Oct,1745,1786,326,21.3,0.0,2024-10-5,2024-10-05,7,,,,0
2024,10,6,20,Oct,1333,1186,194,17.0,0.0,2024-10-6,2024-10-06,1,,,,0
2024,10,6,22,Oct,1209,1172,175,17.2,0.0,2024-10-6,2024-10-06,1,,,,0
2024,10,2,2,Oct,279,179,40,13.9,0.0,2024-10-2,2024-10-02,4,,,,0
2024,10,2,5,Oct,390,463,40,13.9,0.06,2024-10-2,2024-10-02,4,,,,0
2024,10,2,15,Oct,1237,1176,172,20.6,0.0,2024-10-2,2024-10-02,4,,,,0
2024,10,2,18,Oct,1619,1413,245,18.4,0.0,2024-10-2,2024-10-02,4,,,,0
2024,10,2,23,Oct,1264,941,129,16.8,0.0,2024-10-2,2024-10-02,4,,,,0
2024,10,4,11,Oct,1051,1165,212,20.9,0.0,2024-10-4,2024-10-04,6,,,,0
2024,10,6,1,Oct,1593,1153,218,12.9,0.0,2024-10-6,2024-10-06,1,,,,0
2024,10,6,5,Oct,528,436,55,10.9,0.0,2024-10-6,2024-10-06,1,,,,0
2024,10,6,14,Oct,1271,1120,237,22.0,0.0,2024-10-6,2024-10-06,1,,,,0
2024,10,7,12,Oct,997,1031,177,21.7,0.1,2024-10-7,2024-10-07,2,,,,0
2024,10,8,3,Oct,169,161,25,12.1,0.0,2024-10-8,2024-10-08,3,,,,0
2024,10,9,1,Oct,405,292,37,13.2,0.0,2024-10-9,2024-10-09,4,,,,0
2024,10,3,20,Oct,1618,1371,250,16.9,0.0,2024-10-3,2024-10-03,5,,,,0
2024,10,4,10,Oct,968,1158,202,18.4,0.0,2024-10-4,2024-10-04,6,,,,0
2024,10,7,9,Oct,1190,1152,228,18.0,0.26,2024-10-7,2024-10-07,2,,,,0
2024,10,8,10,Oct,976,1089,201,15.9,0.0,2024-10-8,2024-10-08,3,,,,0
2024,10,8,13,Oct,1050,935,184,19.4,0.0,2024-10-8,2024-10-08,3,,,,0
2024,10,8,14,Oct,1135,1113,181,20.6,0.0,2024-10-8,2024-10-08,3,,,,0
2024,10,8,23,Oct,1116,957,145,13.3,0.0,2024-10-8,2024-10-08,3,,,,0
2024,10,9,0,Oct,767,511,90,12.9,0.0,2024-10-9,2024-10-09,4,,,,0
2024,10,9,6,Oct,742,867,97,9.3,0.0,2024-10-9,2024-10-09,4,,,,0
2024,10,9,7,Oct,1187,1268,246,9.5,0.0,2024-10-9,2024-10-09,4,,,,0
2024,10,2,3,Oct,208,200,26,13.5,0.0,2024-10-2,2024-10-02,4,,,,0
2024,10,3,7,Oct,932,984,166,15.1,0.0,2024-10-3,2024-10-03,5,,,,0
2024,10,4,21,Oct,1762,1593,303,18.2,0.0,2024-10-4,2024-10-04,6,,,,0
2024,10,6,6,Oct,442,621,56,10.6,0.0,2024-10-6,2024-10-06,1,,,,0
2024,10,7,5,Oct,374,466,51,16.5,0.1,2024-10-7,2024-10-07,2,,,,0
2024,10,8,21,Oct,2011,1369,249,14.8,0.0,2024-10-8,2024-10-08,3,,,,0
2024,10,9,12,Oct,1091,1023,184,18.5,0.0,2024-10-9,2024-10-09,4,,,,0
2024,10,1,21,Oct,1722,1229,192,15.2,0.0,2024-10-1,2024-10-01,3,,,,0
2024,10,2,20,Oct,1510,1326,194,16.8,0.0,2024-10-2,2024-10-02,4,,,,0
2024,10,3,18,Oct,1742,1597,267,19.1,0.0,2024-10-3,2024-10-03,5,,,,0
2024,10,4,4,Oct,398,434,38,12.6,0.0,2024-10-4,2024-10-04,6,,,,0
2024,10,4,17,Oct,1727,1712,300,21.2,0.0,2024-10-4,2024-10-04,6,,,,0
2024,10,6,4,Oct,850,460,93,11.2,0.0,2024-10-6,2024-10-06,1,,,,0
2024,10,6,12,Oct,1213,1449,247,20.5,0.0,2024-10-6,2024-10-06,1,,,,0
2024,10,8,11,Oct,959,1058,192,17.1,0.0,2024-10-8,2024-10-08,3,,,,0
2024,10,1,12,Oct,973,971,180,20.6,0.0,2024-10-1,2024-10-01,3,,,,0
2024,10,3,0,Oct,831,512,122,16.6,0.0,2024-10-3,2024-10-03,5,,,,0
2024,10,3,10,Oct,1009,1107,171,18.8,0.0,2024-10-3,2024-10-03,5,,,,0
2024,10,4,3,Oct,423,340,52,13.0,0.0,2024-10-4,2024-10-04,6,,,,0
2024,10,4,23,Oct,2189,1753,325,18.2,0.0,2024-10-4,2024-10-04,6,,,,0
2024,10,8,15,Oct,1246,1150,219,20.5,0.0,2024-10-8,2024-10-08,3,,,,0
2024,10,2,10,Oct,1095,1171,206,16.1,0.0,2024-10-2,2024-10-02,4,,,,0
2024,10,3,16,Oct,1194,1331,231,22.4,0.0,2024-10-3,2024-10-03,5,,,,0
2024,10,7,10,Oct,927,1101,215,18.9,0.1,2024-10-7,2024-10-07,2,,,,0
2024,10,7,20,Oct,1432,1205,224,17.2,0.0,2024-10-7,2024-10-07,2,,,,0
2024,10,1,7,Oct,1125,1182,220,14.8,0.0,2024-10-1,2024-10-01,3,,,,0
2024,10,2,4,Oct,296,327,36,13.8,0.06,2024-10-2,2024-10-02,4,,,,0
2024,10,3,19,Oct,1762,1508,301,17.6,0.0,2024-10-3,2024-10-03,5,,,,0
2024,10,5,21,Oct,1746,1603,273,16.0,0.0,2024-10-5,2024-10-05,7,,,,0
2024,10,7,2,Oct,313,166,37,16.0,0.0,2024-10-7,2024-10-07,2,,,,0
2024,10,7,7,Oct,1059,1053,169,16.5,3.04,2024-10-7,2024-10-07,2,,,,0
2024,10,7,17,Oct,1458,1214,244,21.9,0.0,2024-10-7,2024-10-07,2,,,,0
2024,10,1,8,Oct,1450,1676,296,16.0,0.0,2024-10-1,2024-10-01,3,,,,0
2024,10,2,16,Oct,1266,1269,238,20.5,0.0,2024-10-2,2024-10-02,4,,,,0
2024,10,3,12,Oct,978,989,156,21.3,0.1,2024-10-3,2024-10-03,5,,,,0
2024,10,5,6,Oct,448,658,64,15.8,0.0,2024-10-5,2024-10-05,7,,,,0
2024,10,8,17,Oct,1758,1689,363,20.1,0.0,2024-10-8,2024-10-08,3,,,,0
2024,10,2,21,Oct,1597,1315,190,16.4,0.0,2024-10-2,2024-10-02,4,,,,0
2024,10,5,12,Oct,1233,1062,235,22.2,0.0,2024-10-5,2024-10-05,7,,,,0
2024,10,8,1,Oct,373,230,51,14.0,0.0,2024-10-8,2024-10-08,3,,,,0
2024,10,8,18,Oct,1877,1583,373,18.8,0.0,2024-10-8,2024-10-08,3,,,,0
2024,10,8,20,Oct,2083,1430,272,16.2,0.0,2024-10-8,2024-10-08,3,,,,0
2024,10,1,3,Oct,188,171,28,14.8,0.0,2024-10-1,2024-10-01,3,,,,0
2024,10,1,9,Oct,1196,1374,278,17.5,0.0,2024-10-1,2024-10-01,3,,,,0
2024,10,1,10,Oct,1014,1023,184,18.5,0.0,2024-10-1,2024-10-01,3,,,,0
2024,10,2,17,Oct,1542,1308,276,19.3,0.0,2024-10-2,2024-10-02,4,,,,0
2024,10,3,4,Oct,345,348,33,15.4,0.0,2024-10-3,2024-10-03,5,,,,0
2024,10,4,14,Oct,1212,1232,206,23.5,0.0,2024-10-4,2024-10-04,6,,,,0
2024,10,5,22,Oct,2161,1846,289,15.0,0.0,2024-10-5,2024-10-05,7,,,,0
2024,10,7,6,Oct,700,784,99,16.4,1.68,2024-10-7,2024-10-07,2,,,,0
2024,10,9,15,Oct,1313,1209,230,19.2,0.0,2024-10-9,2024-10-09,4,,,,0
2024,10,9,16,Oct,1327,1389,284,19.7,0.0,2024-10-9,2024-10-09,4,,,,0
2024,10,1,5,Oct,382,490,54,15.0,0.0,2024-10-1,2024-10-01,3,,,,0
2024,10,1,15,Oct,1175,1164,214,21.5,0.0,2024-10-1,2024-10-01,3,,,,0
2024,10,2,11,Oct,1024,1104,186,17.4,0.0,2024-10-2,2024-10-02,4,,,,0
2024,10,3,6,Oct,641,726,91,15.2,0.0,2024-10-3,2024-10-03,5,,,,0
2024,10,4,5,Oct,382,479,46,12.8,0.0,2024-10-4,2024-10-04,6,,,,0
2024,10,6,7,Oct,486,716,69,10.3,0.0,2024-10-6,2024-10-06,1,,,,0
2024,10,8,6,Oct,647,879,108,10.9,0.0,2024-10-8,2024-10-08,3,,,,0
2024,10,9,4,Oct,280,299,23,11.4,0.0,2024-10-9,2024-10-09,4,,,,0
2024,10,3,22,Oct,1668,1329,219,15.9,0.0,2024-10-3,2024-10-03,5,,,,0
2024,10,4,2,Oct,535,286,82,13.5,0.0,2024-10-4,2024-10-04,6,,,,0
2024,10,7,19,Oct,1384,1311,220,18.6,0.0,2024-10-7,2024-10-07,2,,,,0
2024,10,8,19,Oct,1886,1475,305,17.1,0.0,2024-10-8,2024-10-08,3,,,,0
2024,10,1,18,Oct,1670,1476,339,20.0,0.0,2024-10-1,2024-10-01,3,,,,0
2024,10,2,1,Oct,447,242,67,14.1,0.0,2024-10-2,2024-10-02,4,,,,0
2024,10,5,9,Oct,956,1201,186,17.8,0.0,2024-10-5,2024-10-05,7,,,,0
2024,10,5,15,Oct,1220,1322,204,23.9,0.0,2024-10-5,2024-10-05,7,,,,0
2024,10,7,16,Oct,1070,1126,211,22.7,0.0,2024-10-7,2024-10-07,2,,,,0
2024,10,9,5,Oct,373,473,44,10.5,0.0,2024-10-9,2024-10-09,4,,,,0
2024,10,2,19,Oct,1575,1452,278,17.2,0.0,2024-10-2,2024-10-02,4,,,,0
2024,10,4,9,Oct,1132,1171,233,15.6,0.0,2024-10-4,2024-10-04,6,,,,0
2024,10,6,8,Oct,638,815,79,11.7,0.0,2024-10-6,2024-10-06,1,,,,0
2024,10,6,21,Oct,1348,1110,174,17.1,0.0,2024-10-6,2024-10-06,1,,,,0
2024,10,7,18,Oct,1449,1273,243,20.3,0.0,2024-10-7,2024-10-07,2,,,,0
2024,10,8,5,Oct,332,526,50,11.3,0.0,2024-10-8,2024-10-08,3,,,,0
2024,10,9,14,Oct,1205,1080,197,19.8,0.0,2024-10-9,2024-10-09,4,,,,0
2024,10,1,16,Oct,1171,1241,228,21.3,0.06,2024-10-1,2024-10-01,3,,,,0
2024,10,1,20,Oct,1817,1332,236,16.5,0.0,2024-10-1,2024-10-01,3,,,,0
2024,10,3,3,Oct,313,230,47,15.5,0.0,2024-10-3,2024-10-03,5,,,,0
2024,10,4,6,Oct,659,703,75,12.5,0.0,2024-10-4,2024-10-04,6,,,,0
2024,10,4,7,Oct,875,837,126,12.2,0.0,2024-10-4,2024-10-04,6,,,,0
2024,10,4,18,Oct,1871,1840,281,19.6,0.0,2024-10-4,2024-10-04,6,,,,0
2024,10,5,4,Oct,663,382,84,16.6,0.04,2024-10-5,2024-10-05,7,,,,0
2024,10,5,11,Oct,1191,1229,221,20.9,0.0,2024-10-5,2024-10-05,7,,,,0
2024,10,7,13,Oct,984,944,168,22.8,0.0,2024-10-7,2024-10-07,2,,,,0
2024,10,9,3,Oct,228,169,21,13.3,0.0,2024-10-9,2024-10-09,4,,,,0
2024,10,2,8,Oct,1482,1623,283,13.9,0.0,2024-10-2,2024-10-02,4,,,,0
2024,10,3,9,Oct,1208,1284,231,17.0,0.0,2024-10-3,2024-10-03,5,,,,0
2024,10,4,19,Oct,1982,1962,387,18.6,0.0,2024-10-4,2024-10-04,6,,,,0
2024,10,5,7,Oct,520,761,68,15.5,0.0,2024-10-5,2024-10-05,7,,,,0
2024,10,5,13,Oct,1194,1119,199,23.1,0.0,2024-10-5,2024-10-05,7,,,,0
2024,10,5,19,Oct,1943,1931,381,18.8,0.0,2024-10-5,2024-10-05,7,,,,0
2024,10,6,10,Oct,1162,1294,191,16.8,0.0,2024-10-6,2024-10-06,1,,,,0
2024,10,8,7,Oct,1139,1175,208,10.6,0.0,2024-10-8,2024-10-08,3,,,,0
2024,10,8,16,Oct,1250,1317,238,20.6,0.0,2024-10-8,2024-10-08,3,,,,0
2024,10,9,2,Oct,291,195,29,13.7,0.0,2024-10-9,2024-10-09,4,,,,0
2024,10,1,22,Oct,1662,1069,167,15.3,0.0,2024-10-1,2024-10-01,3,,,,0
2024,10,2,7,Oct,1087,1136,230,13.1,0.0,2024-10-2,2024-10-02,4,,,,0
2024,10,6,13,Oct,1312,1245,219,21.5,0.0,2024-10-6,2024-10-06,1,,,,0
2024,10,2,0,Oct,855,470,103,14.5,0.0,2024-10-2,2024-10-02,4,,,,0
2024,10,3,23,Oct,1305,1138,172,15.2,0.0,2024-10-3,2024-10-03,5,,,,0
2024,10,12,14,Oct,1357,1278,221,22.8,0.0,2024-10-12,2024-10-12,7,NYCC,10.0,19.0,1
2024,10,12,18,Oct,1869,1900,336,19.5,0.0,2024-10-12,2024-10-12,7,NYCC,10.0,19.0,1
2024,10,14,2,Oct,425,226,60,12.6,0.0,2024-10-14,2024-10-14,2,,,,0
2024,10,14,10,Oct,961,1106,210,14.0,0.0,2024-10-14,2024-10-14,2,,,,0
2024,10,14,11,Oct,938,1061,225,17.1,0.06,2024-10-14,2024-10-14,2,,,,0
2024,10,15,12,Oct,930,966,153,13.3,0.0,2024-10-15,2024-10-15,3,,,,0
2024,10,16,0,Oct,785,542,116,7.8,0.0,2024-10-16,2024-10-16,4,,,,0
2024,10,16,3,Oct,245,221,39,6.5,0.0,2024-10-16,2024-10-16,4,,,,0
2024,10,16,10,Oct,1081,1175,196,10.7,0.0,2024-10-16,2024-10-16,4,,,,0
2024,10,16,20,Oct,1989,1542,288,10.1,0.0,2024-10-16,2024-10-16,4,,,,0
2024,10,10,21,Oct,2188,1563,273,11.2,0.0,2024-10-10,2024-10-10,5,NYCC,10.0,19.0,0
2024,10,12,0,Oct,1613,1268,232,14.3,0.0,2024-10-12,2024-10-12,7,NYCC,10.0,19.0,0
2024,10,12,15,Oct,1371,1433,250,22.8,0.0,2024-10-12,2024-10-12,7,NYCC,10.0,19.0,1
2024,10,17,18,Oct,2074,1798,438,13.1,0.0,2024-10-17,2024-10-17,5,,,,0
2024,10,9,20,Oct,1876,1529,282,14.4,0.0,2024-10-9,2024-10-09,4,,,,0
2024,10,10,4,Oct,396,387,29,9.0,0.0,2024-10-10,2024-10-10,5,NYCC,10.0,19.0,0
2024,10,11,3,Oct,430,342,65,7.7,0.0,2024-10-11,2024-10-11,6,NYCC,10.0,19.0,0
2024,10,11,4,Oct,553,519,48,7.4,0.0,2024-10-11,2024-10-11,6,NYCC,10.0,19.0,0
2024,10,12,2,Oct,1179,814,144,14.1,0.0,2024-10-12,2024-10-12,7,NYCC,10.0,19.0,0
2024,10,13,10,Oct,1054,1430,201,15.1,0.0,2024-10-13,2024-10-13,1,NYCC,10.0,17.0,1
2024,10,16,6,Oct,765,886,105,5.7,0.0,2024-10-16,2024-10-16,4,,,,0
2024,10,17,16,Oct,1536,1406,286,15.0,0.0,2024-10-17,2024-10-17,5,,,,0
2024,10,10,9,Oct,1317,1478,312,10.3,0.0,2024-10-10,2024-10-10,5,NYCC,10.0,19.0,0
2024,10,10,15,Oct,1320,1243,216,17.9,0.0,2024-10-10,2024-10-10,5,NYCC,10.0,19.0,1
2024,10,12,19,Oct,1987,1901,335,16.4,0.0,2024-10-12,2024-10-12,7,NYCC,10.0,19.0,0
2024,10,14,23,Oct,957,703,104,8.5,0.0,2024-10-14,2024-10-14,2,,,,0
2024,10,15,9,Oct,1273,1365,251,8.5,0.0,2024-10-15,2024-10-15,3,,,,0
2024,10,12,10,Oct,1079,1354,189,20.5,0.0,2024-10-12,2024-10-12,7,NYCC,10.0,19.0,1
2024,10,15,18,Oct,1634,1575,346,12.6,0.0,2024-10-15,2024-10-15,3,,,,0
2024,10,16,17,Oct,1693,1594,295,14.5,0.0,2024-10-16,2024-10-16,4,,,,0
2024,10,17,9,Oct,1315,1833,349,7.2,0.0,2024-10-17,2024-10-17,5,,,,0
2024,10,10,17,Oct,1637,1731,342,16.4,0.0,2024-10-10,2024-10-10,5,NYCC,10.0,19.0,1
2024,10,10,20,Oct,2112,1549,316,12.5,0.0,2024-10-10,2024-10-10,5,NYCC,10.0,19.0,0
2024,10,11,9,Oct,1249,1214,212,11.0,0.0,2024-10-11,2024-10-11,6,NYCC,10.0,19.0,0
2024,10,13,11,Oct,1222,1419,239,17.6,0.0,2024-10-13,2024-10-13,1,NYCC,10.0,17.0,1
2024,10,15,3,Oct,222,169,33,7.1,0.0,2024-10-15,2024-10-15,3,,,,0
2024,10,15,21,Oct,2027,1463,253,8.8,0.0,2024-10-15,2024-10-15,3,,,,0
2024,10,16,7,Oct,1198,1193,249,5.6,0.0,2024-10-16,2024-10-16,4,,,,0
2024,10,17,7,Oct,1178,1390,276,3.9,0.0,2024-10-17,2024-10-17,5,,,,0
2024,10,10,0,Oct,1092,659,136,11.8,0.0,2024-10-10,2024-10-10,5,NYCC,10.0,19.0,0
2024,10,11,19,Oct,1888,1622,341,16.9,0.0,2024-10-11,2024-10-11,6,NYCC,10.0,19.0,0
2024,10,11,23,Oct,1843,1633,270,14.5,0.0,2024-10-11,2024-10-11,6,NYCC,10.0,19.0,0
2024,10,13,20,Oct,1489,1239,259,20.6,0.0,2024-10-13,2024-10-13,1,NYCC,10.0,17.0,0
2024,10,17,5,Oct,399,538,62,4.7,0.0,2024-10-17,2024-10-17,5,,,,0
2024,10,10,3,Oct,337,264,37,9.8,0.0,2024-10-10,2024-10-10,5,NYCC,10.0,19.0,0
2024,10,10,23,Oct,1746,1103,161,9.7,0.0,2024-10-10,2024-10-10,5,NYCC,10.0,19.0,0
2024,10,13,9,Oct,906,1139,154,12.9,0.0,2024-10-13,2024-10-13,1,NYCC,10.0,17.0,0
2024,10,13,12,Oct,1354,1343,243,20.1,0.0,2024-10-13,2024-10-13,1,NYCC,10.0,17.0,1
2024,10,16,22,Oct,2103,1311,266,8.7,0.0,2024-10-16,2024-10-16,4,,,,0
2024,10,17,12,Oct,1089,1165,208,12.9,0.0,2024-10-17,2024-10-17,5,,,,0
2024,10,17,17,Oct,1884,1683,367,14.3,0.0,2024-10-17,2024-10-17,5,,,,0
2024,10,10,1,Oct,693,328,71,11.2,0.0,2024-10-10,2024-10-10,5,NYCC,10.0,19.0,0
2024,10,11,10,Oct,1079,1164,221,13.2,0.0,2024-10-11,2024-10-11,6,NYCC,10.0,19.0,1
2024,10,11,22,Oct,2025,1635,305,14.8,0.0,2024-10-11,2024-10-11,6,NYCC,10.0,19.0,0
2024,10,12,8,Oct,678,1025,115,16.1,0.0,2024-10-12,2024-10-12,7,NYCC,10.0,19.0,0
2024,10,13,23,Oct,1251,915,179,16.0,0.0,2024-10-13,2024-10-13,1,NYCC,10.0,17.0,0
2024,10,14,3,Oct,378,260,56,11.5,0.0,2024-10-14,2024-10-14,2,,,,0
2024,10,15,10,Oct,1108,1130,204,10.3,0.0,2024-10-15,2024-10-15,3,,,,0
2024,10,10,12,Oct,1197,994,175,15.0,0.0,2024-10-10,2024-10-10,5,NYCC,10.0,19.0,1
2024,10,11,11,Oct,1182,1208,206,15.2,0.0,2024-10-11,2024-10-11,6,NYCC,10.0,19.0,1
2024,10,12,1,Oct,1540,1011,175,14.2,0.0,2024-10-12,2024-10-12,7,NYCC,10.0,19.0,0
2024,10,13,0,Oct,1943,1363,249,11.5,0.0,2024-10-13,2024-10-13,1,NYCC,10.0,17.0,0
2024,10,14,8,Oct,1129,1200,237,11.3,0.0,2024-10-14,2024-10-14,2,,,,0
2024,10,14,15,Oct,1216,1136,187,19.0,0.0,2024-10-14,2024-10-14,2,,,,0
2024,10,15,2,Oct,228,148,31,7.4,0.0,2024-10-15,2024-10-15,3,,,,0
2024,10,17,10,Oct,1076,1449,269,9.6,0.0,2024-10-17,2024-10-17,5,,,,0
2024,10,17,13,Oct,1199,1198,233,14.1,0.0,2024-10-17,2024-10-17,5,,,,0
2024,10,9,21,Oct,2139,1489,234,14.9,0.04,2024-10-9,2024-10-09,4,,,,0
2024,10,11,13,Oct,1323,1196,199,18.9,0.0,2024-10-11,2024-10-11,6,NYCC,10.0,19.0,1
2024,10,12,11,Oct,1256,1292,201,21.3,0.0,2024-10-12,2024-10-12,7,NYCC,10.0,19.0,1
2024,10,12,21,Oct,1897,1742,319,14.3,0.0,2024-10-12,2024-10-12,7,NYCC,10.0,19.0,0
2024,10,16,23,Oct,1408,956,168,8.0,0.0,2024-10-16,2024-10-16,4,,,,0
2024,10,9,23,Oct,1329,879,161,13.3,0.0,2024-10-9,2024-10-09,4,,,,0
2024,10,11,1,Oct,763,526,91,8.4,0.0,2024-10-11,2024-10-11,6,NYCC,10.0,19.0,0
2024,10,13,15,Oct,1180,1190,217,23.2,0.0,2024-10-13,2024-10-13,1,NYCC,10.0,17.0,1
2024,10,14,16,Oct,1222,1205,184,16.9,0.0,2024-10-14,2024-10-14,2,,,,0
2024,10,14,22,Oct,1378,1106,169,9.0,0.0,2024-10-14,2024-10-14,2,,,,0
2024,10,16,13,Oct,1142,1070,214,14.3,0.0,2024-10-16,2024-10-16,4,,,,0
2024,10,11,0,Oct,1286,811,138,8.9,0.0,2024-10-11,2024-10-11,6,NYCC,10.0,19.0,0
2024,10,12,3,Oct,1112,622,109,14.2,0.0,2024-10-12,2024-10-12,7,NYCC,10.0,19.0,0
2024,10,12,20,Oct,1806,1837,297,15.1,0.0,2024-10-12,2024-10-12,7,NYCC,10.0,19.0,0
2024,10,12,22,Oct,2175,1709,293,13.1,0.0,2024-10-12,2024-10-12,7,NYCC,10.0,19.0,0
2024,10,13,13,Oct,1368,1262,238,21.9,0.0,2024-10-13,2024-10-13,1,NYCC,10.0,17.0,1
2024,10,14,17,Oct,1428,1372,269,13.5,0.0,2024-10-14,2024-10-14,2,,,,0
2024,10,14,18,Oct,1581,1483,277,11.7,0.0,2024-10-14,2024-10-14,2,,,,0
2024,10,15,15,Oct,1157,1143,200,14.3,0.1,2024-10-15,2024-10-15,3,,,,0
2024,10,10,22,Oct,2103,1361,269,10.4,0.0,2024-10-10,2024-10-10,5,NYCC,10.0,19.0,0
2024,10,13,2,Oct,1441,894,185,9.8,0.0,2024-10-13,2024-10-13,1,NYCC,10.0,17.0,0
2024,10,14,0,Oct,888,574,114,15.9,0.0,2024-10-14,2024-10-14,2,,,,0
2024,10,15,0,Oct,879,467,70,8.0,0.0,2024-10-15,2024-10-15,3,,,,0
2024,10,15,6,Oct,730,853,96,5.8,0.0,2024-10-15,2024-10-15,3,,,,0
2024,10,15,7,Oct,1111,1149,227,5.5,0.0,2024-10-15,2024-10-15,3,,,,0
2024,10,16,4,Oct,300,393,36,6.2,0.0,2024-10-16,2024-10-16,4,,,,0
2024,10,16,11,Oct,1186,1177,204,11.5,0.0,2024-10-16,2024-10-16,4,,,,0
2024,10,16,18,Oct,1796,1765,365,12.9,0.0,2024-10-16,2024-10-16,4,,,,0
2024,10,9,22,Oct,1938,1281,237,14.1,0.0,2024-10-9,2024-10-09,4,,,,0
2024,10,10,7,Oct,1111,1277,230,7.8,0.0,2024-10-10,2024-10-10,5,NYCC,10.0,19.0,0
2024,10,10,13,Oct,1195,1076,212,16.4,0.0,2024-10-10,2024-10-10,5,NYCC,10.0,19.0,1
2024,10,11,8,Oct,1257,1220,214,8.4,0.0,2024-10-11,2024-10-11,6,NYCC,10.0,19.0,0
2024,10,11,18,Oct,1653,1543,280,18.7,0.0,2024-10-11,2024-10-11,6,NYCC,10.0,19.0,1
2024,10,13,22,Oct,1438,1125,198,16.9,0.0,2024-10-13,2024-10-13,1,NYCC,10.0,17.0,0
2024,10,15,5,Oct,385,511,51,6.1,0.0,2024-10-15,2024-10-15,3,,,,0
2024,10,15,17,Oct,1654,1495,339,13.9,0.0,2024-10-15,2024-10-15,3,,,,0
2024,10,16,19,Oct,1838,1595,316,11.1,0.0,2024-10-16,2024-10-16,4,,,,0
2024,10,9,17,Oct,1816,1569,361,19.1,0.0,2024-10-9,2024-10-09,4,,,,0
2024,10,12,12,Oct,1366,1266,219,22.1,0.0,2024-10-12,2024-10-12,7,NYCC,10.0,19.0,1
2024,10,15,11,Oct,1031,1006,160,11.8,0.0,2024-10-15,2024-10-15,3,,,,0
2024,10,15,16,Oct,1173,1273,243,14.5,0.0,2024-10-15,2024-10-15,3,,,,0
2024,10,15,23,Oct,1133,918,129,8.1,0.0,2024-10-15,2024-10-15,3,,,,0
2024,10,16,9,Oct,1430,1495,300,8.9,0.0,2024-10-16,2024-10-16,4,,,,0
2024,10,9,19,Oct,1826,1410,320,15.4,0.0,2024-10-9,2024-10-09,4,,,,0
2024,10,10,8,Oct,1495,1684,336,8.8,0.0,2024-10-10,2024-10-10,5,NYCC,10.0,19.0,0
2024,10,10,16,Oct,1385,1380,276,17.0,0.0,2024-10-10,2024-10-10,5,NYCC,10.0,19.0,1
2024,10,11,16,Oct,1291,1312,264,20.9,0.0,2024-10-11,2024-10-11,6,NYCC,10.0,19.0,1
2024,10,16,5,Oct,385,475,54,5.9,0.0,2024-10-16,2024-10-16,4,,,,0
2024,10,17,14,Oct,1354,1112,213,15.0,0.0,2024-10-17,2024-10-17,5,,,,0
2024,10,12,13,Oct,1377,1231,205,22.5,0.0,2024-10-12,2024-10-12,7,NYCC,10.0,19.0,1
2024,10,12,16,Oct,1460,1602,271,22.5,0.0,2024-10-12,2024-10-12,7,NYCC,10.0,19.0,1
2024,10,13,3,Oct,1295,741,127,11.7,0.0,2024-10-13,2024-10-13,1,NYCC,10.0,17.0,0
2024,10,15,8,Oct,1524,1506,332,6.3,0.0,2024-10-15,2024-10-15,3,,,,0
2024,10,17,6,Oct,740,866,130,4.5,0.0,2024-10-17,2024-10-17,5,,,,0
2024,10,17,15,Oct,1444,1330,256,15.0,0.0,2024-10-17,2024-10-17,5,,,,0
2024,10,13,17,Oct,1451,1453,260,22.7,0.0,2024-10-13,2024-10-13,1,NYCC,10.0,17.0,0
2024,10,14,12,Oct,1055,1029,190,19.1,0.0,2024-10-14,2024-10-14,2,,,,0
2024,10,14,21,Oct,1610,1255,225,9.6,0.0,2024-10-14,2024-10-14,2,,,,0
2024,10,15,19,Oct,1739,1478,279,11.0,0.0,2024-10-15,2024-10-15,3,,,,0
2024,10,15,22,Oct,1541,1162,197,8.1,0.0,2024-10-15,2024-10-15,3,,,,0
2024,10,16,2,Oct,300,158,34,6.9,0.0,2024-10-16,2024-10-16,4,,,,0
2024,10,16,21,Oct,2063,1489,275,9.2,0.0,2024-10-16,2024-10-16,4,,,,0
2024,10,11,12,Oct,1088,1111,186,17.3,0.0,2024-10-11,2024-10-11,6,NYCC,10.0,19.0,1
2024,10,13,16,Oct,1315,1342,251,23.2,0.0,2024-10-13,2024-10-13,1,NYCC,10.0,17.0,1
2024,10,17,0,Oct,936,622,117,7.0,0.0,2024-10-17,2024-10-17,5,,,,0
2024,10,10,5,Oct,423,579,55,8.5,0.0,2024-10-10,2024-10-10,5,NYCC,10.0,19.0,0
2024,10,14,9,Oct,1052,1140,200,11.6,0.0,2024-10-14,2024-10-14,2,,,,0
2024,10,15,13,Oct,1004,1014,144,14.2,0.0,2024-10-15,2024-10-15,3,,,,0
2024,10,16,1,Oct,459,265,69,7.2,0.0,2024-10-16,2024-10-16,4,,,,0
2024,10,17,2,Oct,392,237,48,5.7,0.0,2024-10-17,2024-10-17,5,,,,0
2024,10,11,7,Oct,985,960,150,6.9,0.0,2024-10-11,2024-10-11,6,NYCC,10.0,19.0,0
2024,10,12,5,Oct,379,480,51,15.1,0.0,2024-10-12,2024-10-12,7,NYCC,10.0,19.0,0
2024,10,14,6,Oct,535,648,71,11.1,0.0,2024-10-14,2024-10-14,2,,,,0
2024,10,9,18,Oct,1800,1632,382,17.7,0.0,2024-10-9,2024-10-09,4,,,,0
2024,10,10,6,Oct,779,901,99,8.2,0.0,2024-10-10,2024-10-10,5,NYCC,10.0,19.0,0
2024,10,10,10,Oct,1126,1239,242,11.7,0.0,2024-10-10,2024-10-10,5,NYCC,10.0,19.0,1
2024,10,10,18,Oct,1889,1826,365,15.1,0.0,2024-10-10,2024-10-10,5,NYCC,10.0,19.0,1
2024,10,11,20,Oct,1772,1558,301,16.2,0.0,2024-10-11,2024-10-11,6,NYCC,10.0,19.0,0
2024,10,12,6,Oct,463,663,72,15.2,0.0,2024-10-12,2024-10-12,7,NYCC,10.0,19.0,0
2024,10,10,11,Oct,1179,1213,178,13.2,0.0,2024-10-10,2024-10-10,5,NYCC,10.0,19.0,1
2024,10,13,6,Oct,442,610,51,12.0,0.0,2024-10-13,2024-10-13,1,NYCC,10.0,17.0,0
2024,10,13,7,Oct,516,704,66,11.8,0.0,2024-10-13,2024-10-13,1,NYCC,10.0,17.0,0
2024,10,13,18,Oct,1544,1318,262,21.6,0.0,2024-10-13,2024-10-13,1,NYCC,10.0,17.0,0
2024,10,14,7,Oct,818,945,152,10.6,0.0,2024-10-14,2024-10-14,2,,,,0
2024,10,17,1,Oct,448,335,75,6.1,0.0,2024-10-17,2024-10-17,5,,,,0
2024,10,12,7,Oct,461,777,75,15.2,0.0,2024-10-12,2024-10-12,7,NYCC,10.0,19.0,0
2024,10,16,8,Oct,1583,1572,356,6.6,0.0,2024-10-16,2024-10-16,4,,,,0
2024,10,17,4,Oct,378,409,36,5.0,0.0,2024-10-17,2024-10-17,5,,,,0
2024,10,11,6,Oct,710,733,66,7.0,0.0,2024-10-11,2024-10-11,6,NYCC,10.0,19.0,0
2024,10,12,9,Oct,937,1203,167,18.7,0.0,2024-10-12,2024-10-12,7,NYCC,10.0,19.0,0
2024,10,13,8,Oct,640,887,100,11.9,0.0,2024-10-13,2024-10-13,1,NYCC,10.0,17.0,0
2024,10,14,19,Oct,1435,1340,265,10.5,0.0,2024-10-14,2024-10-14,2,,,,0
2024,10,15,4,Oct,295,350,28,6.6,0.0,2024-10-15,2024-10-15,3,,,,0
2024,10,13,4,Oct,820,436,92,11.8,0.0,2024-10-13,2024-10-13,1,NYCC,10.0,17.0,0
2024,10,14,5,Oct,370,411,43,11.2,0.0,2024-10-14,2024-10-14,2,,,,0
2024,10,17,3,Oct,311,268,32,5.4,0.0,2024-10-17,2024-10-17,5,,,,0
2024,10,11,5,Oct,472,504,47,7.1,0.0,2024-10-11,2024-10-11,6,NYCC,10.0,19.0,0
2024,10,11,17,Oct,1433,1384,245,20.5,0.0,2024-10-11,2024-10-11,6,NYCC,10.0,19.0,1
2024,10,14,13,Oct,1102,949,197,19.1,0.0,2024-10-14,2024-10-14,2,,,,0
2024,10,15,20,Oct,1898,1404,234,9.5,0.0,2024-10-15,2024-10-15,3,,,,0
2024,10,16,16,Oct,1258,1437,265,15.3,0.0,2024-10-16,2024-10-16,4,,,,0
2024,10,17,8,Oct,1436,1915,384,4.9,0.0,2024-10-17,2024-10-17,5,,,,0
2024,10,11,21,Oct,1869,1489,290,15.5,0.0,2024-10-11,2024-10-11,6,NYCC,10.0,19.0,0
2024,10,12,4,Oct,635,439,73,14.7,0.0,2024-10-12,2024-10-12,7,NYCC,10.0,19.0,0
2024,10,12,17,Oct,1507,1715,285,21.7,0.0,2024-10-12,2024-10-12,7,NYCC,10.0,19.0,1
2024,10,13,1,Oct,1606,1140,195,10.5,0.0,2024-10-13,2024-10-13,1,NYCC,10.0,17.0,0
2024,10,13,19,Oct,1430,1278,241,21.2,0.0,2024-10-13,2024-10-13,1,NYCC,10.0,17.0,0
2024,10,13,21,Oct,1461,1167,211,17.0,0.0,2024-10-13,2024-10-13,1,NYCC,10.0,17.0,0
2024,10,15,1,Oct,426,212,40,7.6,0.0,2024-10-15,2024-10-15,3,,,,0
2024,10,15,14,Oct,1099,1085,176,14.4,0.04,2024-10-15,2024-10-15,3,,,,0
2024,10,16,15,Oct,1254,1204,203,15.3,0.0,2024-10-16,2024-10-16,4,,,,0
2024,10,11,2,Oct,580,324,64,8.0,0.0,2024-10-11,2024-10-11,6,NYCC,10.0,19.0,0
2024,10,12,23,Oct,2073,1654,304,12.4,0.0,2024-10-12,2024-10-12,7,NYCC,10.0,19.0,0
2024,10,14,1,Oct,591,348,76,14.3,0.0,2024-10-14,2024-10-14,2,,,,0
2024,10,10,2,Oct,368,202,45,10.5,0.0,2024-10-10,2024-10-10,5,NYCC,10.0,19.0,0
2024,10,10,19,Oct,1959,1751,364,13.6,0.0,2024-10-10,2024-10-10,5,NYCC,10.0,19.0,0
2024,10,11,14,Oct,1286,1160,203,20.1,0.0,2024-10-11,2024-10-11,6,NYCC,10.0,19.0,1
2024,10,13,14,Oct,1400,1192,239,22.6,0.0,2024-10-13,2024-10-13,1,NYCC,10.0,17.0,1
2024,10,14,14,Oct,1044,953,195,18.8,0.0,2024-10-14,2024-10-14,2,,,,0
2024,10,14,20,Oct,1509,1180,226,9.7,0.0,2024-10-14,2024-10-14,2,,,,0
2024,10,16,14,Oct,1209,1156,206,14.9,0.0,2024-10-16,2024-10-16,4,,,,0
2024,10,10,14,Oct,1329,1113,181,17.3,0.0,2024-10-10,2024-10-10,5,NYCC,10.0,19.0,1
2024,10,11,15,Oct,1263,1230,219,20.8,0.0,2024-10-11,2024-10-11,6,NYCC,10.0,19.0,1
2024,10,13,5,Oct,489,413,51,12.0,0.0,2024-10-13,2024-10-13,1,NYCC,10.0,17.0,0
2024,10,14,4,Oct,382,377,62,11.1,0.0,2024-10-14,2024-10-14,2,,,,0
2024,10,16,12,Oct,1050,1077,181,13.2,0.0,2024-10-16,2024-10-16,4,,,,0
2024,10,17,11,Oct,1126,1283,233,11.6,0.0,2024-10-17,2024-10-17,5,,,,0
2024,10,17,21,Oct,2294,1578,300,10.1,0.0,2024-10-17,2024-10-17,5,,,,0
2024,10,19,19,Oct,2000,1905,376,14.3,0.0,2024-10-19,2024-10-19,7,,,,0
2024,10,20,9,Oct,953,1630,246,10.2,0.0,2024-10-20,2024-10-20,1,,,,0
2024,10,20,16,Oct,1625,1318,243,24.1,0.0,2024-10-20,2024-10-20,1,,,,0
2024,10,22,16,Oct,1254,1261,259,26.4,0.0,2024-10-22,2024-10-22,3,,,,0
2024,10,23,9,Oct,1321,1469,267,14.9,0.0,2024-10-23,2024-10-23,4,,,,0
2024,10,17,23,Oct,1613,1256,193,8.6,0.0,2024-10-17,2024-10-17,5,,,,0
2024,10,18,13,Oct,1322,1377,250,17.8,0.0,2024-10-18,2024-10-18,6,,,,0
2024,10,19,7,Oct,529,954,106,7.5,0.0,2024-10-19,2024-10-19,7,,,,0
2024,10,19,13,Oct,1450,1386,297,20.2,0.0,2024-10-19,2024-10-19,7,,,,0
2024,10,20,17,Oct,1724,1326,236,23.0,0.0,2024-10-20,2024-10-20,1,,,,0
2024,10,25,12,Oct,1183,1141,200,14.4,0.0,2024-10-25,2024-10-25,6,,,,0
2024,10,18,14,Oct,1379,1279,218,18.7,0.0,2024-10-18,2024-10-18,6,,,,0
2024,10,18,23,Oct,2074,1621,291,9.9,0.0,2024-10-18,2024-10-18,6,,,,0
2024,10,19,3,Oct,1040,687,105,8.4,0.0,2024-10-19,2024-10-19,7,,,,0
2024,10,23,7,Oct,1193,1283,230,11.2,0.0,2024-10-23,2024-10-23,4,,,,0
2024,10,23,11,Oct,952,1064,186,20.4,0.0,2024-10-23,2024-10-23,4,,,,0
2024,10,23,13,Oct,1076,1063,174,23.5,0.0,2024-10-23,2024-10-23,4,,,,0
2024,10,18,21,Oct,1988,1521,283,12.0,0.0,2024-10-18,2024-10-18,6,,,,0
2024,10,19,17,Oct,1750,1687,312,20.5,0.0,2024-10-19,2024-10-19,7,,,,0
2024,10,21,18,Oct,1479,1510,294,22.9,0.0,2024-10-21,2024-10-21,2,,,,0
2024,10,23,18,Oct,1881,1459,309,20.5,0.0,2024-10-23,2024-10-23,4,,,,0
2024,10,24,5,Oct,403,575,48,15.7,0.3,2024-10-24,2024-10-24,5,,,,0
2024,10,24,14,Oct,1258,1150,202,20.4,0.0,2024-10-24,2024-10-24,5,,,,0
2024,10,24,15,Oct,1328,1246,230,20.4,0.0,2024-10-24,2024-10-24,5,,,,0
2024,10,24,19,Oct,2001,1683,339,14.8,0.0,2024-10-24,2024-10-24,5,,,,0
2024,10,25,8,Oct,1342,1219,227,6.9,0.0,2024-10-25,2024-10-25,6,,,,0
2024,10,18,7,Oct,1009,1043,161,7.1,0.0,2024-10-18,2024-10-18,6,,,,0
2024,10,18,11,Oct,1105,1439,217,15.1,0.0,2024-10-18,2024-10-18,6,,,,0
2024,10,19,9,Oct,972,1724,251,10.8,0.0,2024-10-19,2024-10-19,7,,,,0
2024,10,19,18,Oct,2086,1803,334,16.9,0.0,2024-10-19,2024-10-19,7,,,,0
2024,10,20,6,Oct,548,672,62,6.9,0.0,2024-10-20,2024-10-20,1,,,,0
2024,10,22,7,Oct,1095,1205,203,13.0,0.0,2024-10-22,2024-10-22,3,,,,0
2024,10,23,1,Oct,402,271,40,14.6,0.0,2024-10-23,2024-10-23,4,,,,0
2024,10,23,3,Oct,185,193,25,13.8,0.0,2024-10-23,2024-10-23,4,,,,0
2024,10,25,4,Oct,471,464,45,7.9,0.0,2024-10-25,2024-10-25,6,,,,0
2024,10,25,11,Oct,1180,1241,192,12.7,0.0,2024-10-25,2024-10-25,6,,,,0
2024,10,18,8,Oct,1168,1492,265,7.9,0.0,2024-10-18,2024-10-18,6,,,,0
2024,10,18,12,Oct,1181,1386,232,16.6,0.0,2024-10-18,2024-10-18,6,,,,0
2024,10,21,12,Oct,953,892,156,23.4,0.0,2024-10-21,2024-10-21,2,,,,0
2024,10,22,10,Oct,1011,1076,192,20.2,0.0,2024-10-22,2024-10-22,3,,,,0
2024,10,23,21,Oct,1976,1459,246,18.3,0.0,2024-10-23,2024-10-23,4,,,,0
2024,10,24,1,Oct,504,326,68,15.2,0.0,2024-10-24,2024-10-24,5,,,,0
2024,10,25,17,Oct,1795,1756,326,17.7,0.0,2024-10-25,2024-10-25,6,,,,0
2024,10,17,20,Oct,2034,1567,312,10.3,0.0,2024-10-17,2024-10-17,5,,,,0
2024,10,19,22,Oct,2460,1744,316,11.2,0.0,2024-10-19,2024-10-19,7,,,,0
2024,10,21,2,Oct,352,164,47,10.3,0.0,2024-10-21,2024-10-21,2,,,,0
2024,10,22,23,Oct,1019,791,125,15.7,0.0,2024-10-22,2024-10-22,3,,,,0
2024,10,24,8,Oct,1486,1728,367,14.5,0.0,2024-10-24,2024-10-24,5,,,,0
2024,10,25,7,Oct,997,1034,155,6.6,0.0,2024-10-25,2024-10-25,6,,,,0
2024,10,26,10,Oct,1164,1374,210,16.0,0.0,2024-10-26,2024-10-26,7,,,,0
2024,10,26,18,Oct,2099,2097,378,14.2,0.0,2024-10-26,2024-10-26,7,,,,0
2024,10,18,22,Oct,2466,1694,297,10.8,0.0,2024-10-18,2024-10-18,6,,,,0
2024,10,19,23,Oct,2226,1735,334,10.1,0.0,2024-10-19,2024-10-19,7,,,,0
2024,10,21,22,Oct,1342,1050,175,18.3,0.0,2024-10-21,2024-10-21,2,,,,0
2024,10,25,6,Oct,713,788,82,7.0,0.0,2024-10-25,2024-10-25,6,,,,0
2024,10,26,9,Oct,1011,1285,153,14.9,0.0,2024-10-26,2024-10-26,7,,,,0
2024,10,26,19,Oct,2100,1871,299,13.1,0.0,2024-10-26,2024-10-26,7,,,,0
2024,10,21,3,Oct,313,224,41,9.6,0.0,2024-10-21,2024-10-21,2,,,,0
2024,10,21,19,Oct,1440,1223,214,21.4,0.0,2024-10-21,2024-10-21,2,,,,0
2024,10,21,21,Oct,1608,1265,223,19.4,0.0,2024-10-21,2024-10-21,2,,,,0
2024,10,23,23,Oct,1288,948,140,16.6,0.0,2024-10-23,2024-10-23,4,,,,0
2024,10,24,21,Oct,2545,1617,279,13.4,0.0,2024-10-24,2024-10-24,5,,,,0
2024,10,26,13,Oct,1405,1435,262,17.8,0.0,2024-10-26,2024-10-26,7,,,,0
2024,10,26,14,Oct,1419,1362,230,17.9,0.0,2024-10-26,2024-10-26,7,,,,0
2024,10,18,15,Oct,1522,1300,277,19.2,0.0,2024-10-18,2024-10-18,6,,,,0
2024,10,19,14,Oct,1506,1448,278,21.0,0.0,2024-10-19,2024-10-19,7,,,,0
2024,10,20,0,Oct,2007,1491,279,9.7,0.0,2024-10-20,2024-10-20,1,,,,0
2024,10,20,1,Oct,1717,1214,225,9.5,0.0,2024-10-20,2024-10-20,1,,,,0
2024,10,20,4,Oct,756,471,73,7.9,0.0,2024-10-20,2024-10-20,1,,,,0
2024,10,21,20,Oct,1493,1253,209,20.5,0.0,2024-10-21,2024-10-21,2,,,,0
2024,10,24,6,Oct,722,823,88,15.5,0.0,2024-10-24,2024-10-24,5,,,,0
2024,10,24,7,Oct,1127,1230,245,14.9,0.0,2024-10-24,2024-10-24,5,,,,0
2024,10,26,1,Oct,1927,1392,247,11.5,0.0,2024-10-26,2024-10-26,7,,,,0
2024,10,26,21,Oct,2311,1919,364,12.2,0.0,2024-10-26,2024-10-26,7,,,,0
2024,10,18,10,Oct,1099,1530,236,12.9,0.0,2024-10-18,2024-10-18,6,,,,0
2024,10,19,2,Oct,1249,834,161,8.5,0.0,2024-10-19,2024-10-19,7,,,,0
2024,10,20,2,Oct,1494,883,169,9.2,0.0,2024-10-20,2024-10-20,1,,,,0
2024,10,20,5,Oct,502,446,52,7.5,0.0,2024-10-20,2024-10-20,1,,,,0
2024,10,21,16,Oct,1138,1209,200,27.4,0.0,2024-10-21,2024-10-21,2,,,,0
2024,10,22,5,Oct,348,589,42,13.6,0.0,2024-10-22,2024-10-22,3,,,,0
2024,10,25,15,Oct,1363,1302,247,17.7,0.0,2024-10-25,2024-10-25,6,,,,0
2024,10,26,3,Oct,1482,952,160,10.6,0.0,2024-10-26,2024-10-26,7,,,,0
2024,10,26,15,Oct,1464,1465,248,17.7,0.0,2024-10-26,2024-10-26,7,,,,0
2024,10,20,19,Oct,1444,1325,221,15.1,0.0,2024-10-20,2024-10-20,1,,,,0
2024,10,21,7,Oct,1000,1006,156,8.2,0.0,2024-10-21,2024-10-21,2,,,,0
2024,10,22,17,Oct,1753,1553,334,24.2,0.0,2024-10-22,2024-10-22,3,,,,0
2024,10,17,22,Oct,2263,1503,265,9.4,0.0,2024-10-17,2024-10-17,5,,,,0
2024,10,20,23,Oct,1026,779,118,12.4,0.0,2024-10-20,2024-10-20,1,,,,0
2024,10,21,1,Oct,439,273,58,10.8,0.0,2024-10-21,2024-10-21,2,,,,0
2024,10,22,8,Oct,1438,1628,356,14.0,0.0,2024-10-22,2024-10-22,3,,,,0
2024,10,22,18,Oct,1878,1487,319,20.7,0.0,2024-10-22,2024-10-22,3,,,,0
2024,10,25,1,Oct,1006,567,95,9.7,0.0,2024-10-25,2024-10-25,6,,,,0
2024,10,26,22,Oct,2362,2187,363,12.2,0.0,2024-10-26,2024-10-26,7,,,,0
2024,10,18,2,Oct,546,354,69,7.5,0.0,2024-10-18,2024-10-18,6,,,,0
2024,10,18,6,Oct,658,836,92,7.3,0.0,2024-10-18,2024-10-18,6,,,,0
2024,10,20,10,Oct,1231,1739,275,14.3,0.0,2024-10-20,2024-10-20,1,,,,0
2024,10,21,8,Oct,1245,1287,230,10.0,0.0,2024-10-21,2024-10-21,2,,,,0
2024,10,22,6,Oct,677,859,94,12.9,0.0,2024-10-22,2024-10-22,3,,,,0
2024,10,23,6,Oct,750,848,93,11.9,0.0,2024-10-23,2024-10-23,4,,,,0
2024,10,23,8,Oct,1533,1664,373,12.2,0.0,2024-10-23,2024-10-23,4,,,,0
2024,10,25,19,Oct,2221,1970,374,13.1,0.0,2024-10-25,2024-10-25,6,,,,0
2024,10,18,18,Oct,2064,1808,345,15.9,0.0,2024-10-18,2024-10-18,6,,,,0
2024,10,20,21,Oct,1403,1050,181,14.9,0.0,2024-10-20,2024-10-20,1,,,,0
2024,10,21,0,Oct,683,455,87,11.6,0.0,2024-10-21,2024-10-21,2,,,,0
2024,10,22,2,Oct,267,163,32,14.5,0.0,2024-10-22,2024-10-22,3,,,,0
2024,10,23,4,Oct,293,359,24,12.9,0.0,2024-10-23,2024-10-23,4,,,,0
2024,10,23,20,Oct,1864,1468,247,18.3,0.0,2024-10-23,2024-10-23,4,,,,0
2024,10,24,17,Oct,1908,1980,368,19.0,0.0,2024-10-24,2024-10-24,5,,,,0
2024,10,17,19,Oct,2220,1752,410,11.7,0.0,2024-10-17,2024-10-17,5,,,,0
2024,10,18,16,Oct,1487,1515,317,19.1,0.0,2024-10-18,2024-10-18,6,,,,0
2024,10,18,17,Oct,1841,1665,362,18.4,0.0,2024-10-18,2024-10-18,6,,,,0
2024,10,19,1,Oct,1439,1075,185,8.8,0.0,2024-10-19,2024-10-19,7,,,,0
2024,10,19,11,Oct,1361,1534,247,16.8,0.0,2024-10-19,2024-10-19,7,,,,0
2024,10,21,15,Oct,1164,1033,211,27.3,0.0,2024-10-21,2024-10-21,2,,,,0
2024,10,25,21,Oct,2315,1928,363,13.2,0.0,2024-10-25,2024-10-25,6,,,,0
2024,10,21,17,Oct,1417,1445,236,26.6,0.0,2024-10-21,2024-10-21,2,,,,0
2024,10,22,13,Oct,1014,968,183,27.0,0.0,2024-10-22,2024-10-22,3,,,,0
2024,10,23,10,Oct,1064,1136,175,17.7,0.0,2024-10-23,2024-10-23,4,,,,0
2024,10,23,17,Oct,1746,1553,315,22.7,0.0,2024-10-23,2024-10-23,4,,,,0
2024,10,25,9,Oct,1265,1235,241,8.8,0.0,2024-10-25,2024-10-25,6,,,,0
2024,10,25,23,Oct,2238,2046,345,12.6,0.0,2024-10-25,2024-10-25,6,,,,0
2024,10,18,9,Oct,1132,1745,288,10.2,0.0,2024-10-18,2024-10-18,6,,,,0
2024,10,19,6,Oct,485,770,71,7.8,0.0,2024-10-19,2024-10-19,7,,,,0
2024,10,20,13,Oct,1477,1485,259,22.1,0.0,2024-10-20,2024-10-20,1,,,,0
2024,10,20,15,Oct,1496,1276,221,24.0,0.0,2024-10-20,2024-10-20,1,,,,0
2024,10,21,10,Oct,1036,968,162,18.3,0.0,2024-10-21,2024-10-21,2,,,,0
2024,10,22,4,Oct,248,323,18,13.6,0.0,2024-10-22,2024-10-22,3,,,,0
2024,10,25,2,Oct,637,385,84,9.0,0.0,2024-10-25,2024-10-25,6,,,,0
2024,10,25,16,Oct,1507,1474,265,18.0,0.0,2024-10-25,2024-10-25,6,,,,0
2024,10,25,20,Oct,2048,1927,376,13.1,0.0,2024-10-25,2024-10-25,6,,,,0
2024,10,26,6,Oct,470,799,76,10.2,0.0,2024-10-26,2024-10-26,7,,,,0
2024,10,19,8,Oct,734,1417,176,8.4,0.0,2024-10-19,2024-10-19,7,,,,0
2024,10,21,6,Oct,679,700,95,8.5,0.0,2024-10-21,2024-10-21,2,,,,0
2024,10,22,15,Oct,1233,1151,224,27.4,0.0,2024-10-22,2024-10-22,3,,,,0
2024,10,23,19,Oct,1682,1422,249,19.0,0.0,2024-10-23,2024-10-23,4,,,,0
2024,10,24,11,Oct,1038,1047,153,17.8,0.0,2024-10-24,2024-10-24,5,,,,0
2024,10,25,0,Oct,1416,854,137,10.5,0.0,2024-10-25,2024-10-25,6,,,,0
2024,10,19,4,Oct,658,420,66,8.3,0.0,2024-10-19,2024-10-19,7,,,,0
2024,10,20,20,Oct,1284,1167,190,14.9,0.0,2024-10-20,2024-10-20,1,,,,0
2024,10,21,9,Oct,1134,1156,207,15.0,0.0,2024-10-21,2024-10-21,2,,,,0
2024,10,26,7,Oct,550,936,83,10.4,0.0,2024-10-26,2024-10-26,7,,,,0
2024,10,19,20,Oct,1872,1778,351,12.8,0.0,2024-10-19,2024-10-19,7,,,,0
2024,10,20,7,Oct,510,777,74,6.1,0.0,2024-10-20,2024-10-20,1,,,,0
2024,10,22,14,Oct,1110,1012,173,27.5,0.0,2024-10-22,2024-10-22,3,,,,0
2024,10,21,13,Oct,987,894,169,25.3,0.0,2024-10-21,2024-10-21,2,,,,0
2024,10,23,5,Oct,393,530,46,12.6,0.0,2024-10-23,2024-10-23,4,,,,0
2024,10,24,4,Oct,358,370,32,15.7,0.0,2024-10-24,2024-10-24,5,,,,0
2024,10,24,20,Oct,2267,1596,290,13.4,0.0,2024-10-24,2024-10-24,5,,,,0
2024,10,21,11,Oct,1016,973,201,21.0,0.0,2024-10-21,2024-10-21,2,,,,0
2024,10,22,19,Oct,1762,1366,271,18.3,0.0,2024-10-22,2024-10-22,3,,,,0
2024,10,24,16,Oct,1508,1437,236,20.0,0.0,2024-10-24,2024-10-24,5,,,,0
2024,10,25,14,Oct,1230,1221,223,16.9,0.0,2024-10-25,2024-10-25,6,,,,0
2024,10,26,8,Oct,749,1275,163,11.9,0.0,2024-10-26,2024-10-26,7,,,,0
2024,10,26,12,Oct,1352,1355,204,17.7,0.0,2024-10-26,2024-10-26,7,,,,0
2024,10,26,17,Oct,1720,1777,331,15.7,0.0,2024-10-26,2024-10-26,7,,,,0
2024,10,26,20,Oct,2062,1896,362,12.2,0.0,2024-10-26,2024-10-26,7,,,,0
2024,10,18,3,Oct,407,361,48,7.2,0.0,2024-10-18,2024-10-18,6,,,,0
2024,10,19,0,Oct,1757,1378,221,9.2,0.0,2024-10-19,2024-10-19,7,,,,0
2024,10,19,10,Oct,1161,1760,235,14.0,0.0,2024-10-19,2024-10-19,7,,,,0
2024,10,23,14,Oct,1149,1061,164,24.8,0.0,2024-10-23,2024-10-23,4,,,,0
2024,10,23,16,Oct,1346,1277,324,24.5,0.0,2024-10-23,2024-10-23,4,,,,0
2024,10,24,2,Oct,379,208,37,15.1,0.0,2024-10-24,2024-10-24,5,,,,0
2024,10,25,3,Oct,464,366,52,8.5,0.0,2024-10-25,2024-10-25,6,,,,0
2024,10,18,5,Oct,439,555,50,7.2,0.0,2024-10-18,2024-10-18,6,,,,0
2024,10,20,3,Oct,1277,665,109,8.6,0.0,2024-10-20,2024-10-20,1,,,,0
2024,10,20,22,Oct,1446,961,176,13.7,0.0,2024-10-20,2024-10-20,1,,,,0
2024,10,22,3,Oct,215,165,25,13.9,0.0,2024-10-22,2024-10-22,3,,,,0
2024,10,22,11,Oct,962,972,180,23.2,0.0,2024-10-22,2024-10-22,3,,,,0
2024,10,22,20,Oct,1891,1344,253,17.3,0.0,2024-10-22,2024-10-22,3,,,,0
2024,10,24,0,Oct,776,599,128,15.8,0.0,2024-10-24,2024-10-24,5,,,,0
2024,10,25,10,Oct,1119,1171,267,10.7,0.0,2024-10-25,2024-10-25,6,,,,0
2024,10,25,18,Oct,2012,1900,341,15.0,0.0,2024-10-25,2024-10-25,6,,,,0
2024,10,19,12,Oct,1470,1461,323,18.9,0.0,2024-10-19,2024-10-19,7,,,,0
2024,10,21,5,Oct,411,473,42,8.7,0.0,2024-10-21,2024-10-21,2,,,,0
2024,10,21,23,Oct,930,769,124,17.2,0.0,2024-10-21,2024-10-21,2,,,,0
2024,10,23,2,Oct,233,187,20,14.4,0.0,2024-10-23,2024-10-23,4,,,,0
2024,10,23,22,Oct,1681,1284,210,17.6,0.0,2024-10-23,2024-10-23,4,,,,0
2024,10,25,22,Oct,2693,2154,368,12.6,0.0,2024-10-25,2024-10-25,6,,,,0
2024,10,19,16,Oct,1700,1550,287,21.4,0.0,2024-10-19,2024-10-19,7,,,,0
2024,10,22,12,Oct,923,944,180,25.6,0.0,2024-10-22,2024-10-22,3,,,,0
2024,10,22,21,Oct,1890,1340,225,17.4,0.0,2024-10-22,2024-10-22,3,,,,0
2024,10,22,22,Oct,1463,1087,168,16.7,0.0,2024-10-22,2024-10-22,3,,,,0
2024,10,23,15,Oct,1210,1199,195,25.1,0.0,2024-10-23,2024-10-23,4,,,,0
2024,10,25,5,Oct,475,556,62,7.4,0.0,2024-10-25,2024-10-25,6,,,,0
2024,10,18,1,Oct,845,528,81,7.8,0.0,2024-10-18,2024-10-18,6,,,,0
2024,10,19,15,Oct,1552,1395,300,21.4,0.0,2024-10-19,2024-10-19,7,,,,0
2024,10,19,21,Oct,1937,1649,308,12.2,0.0,2024-10-19,2024-10-19,7,,,,0
2024,10,20,8,Oct,722,1115,165,7.8,0.0,2024-10-20,2024-10-20,1,,,,0
2024,10,22,9,Oct,1214,1354,256,17.4,0.0,2024-10-22,2024-10-22,3,,,,0
2024,10,26,5,Oct,443,600,53,9.8,0.0,2024-10-26,2024-10-26,7,,,,0
2024,10,26,11,Oct,1382,1472,221,16.8,0.0,2024-10-26,2024-10-26,7,,,,0
2024,10,18,0,Oct,1389,841,141,8.0,0.0,2024-10-18,2024-10-18,6,,,,0
2024,10,18,4,Oct,463,512,47,7.0,0.0,2024-10-18,2024-10-18,6,,,,0
2024,10,18,19,Oct,2262,1829,361,14.0,0.0,2024-10-18,2024-10-18,6,,,,0
2024,10,18,20,Oct,2119,1630,373,13.2,0.0,2024-10-18,2024-10-18,6,,,,0
2024,10,20,14,Oct,1502,1375,253,23.3,0.0,2024-10-20,2024-10-20,1,,,,0
2024,10,21,4,Oct,393,374,27,8.8,0.0,2024-10-21,2024-10-21,2,,,,0
2024,10,22,0,Oct,626,466,69,15.8,0.0,2024-10-22,2024-10-22,3,,,,0
2024,10,23,12,Oct,1031,941,158,22.5,0.0,2024-10-23,2024-10-23,4,,,,0
2024,10,24,9,Oct,1313,1450,265,15.9,0.0,2024-10-24,2024-10-24,5,,,,0
2024,10,24,12,Oct,1092,1020,175,19.0,0.0,2024-10-24,2024-10-24,5,,,,0
2024,10,24,22,Oct,1938,1528,221,12.6,0.0,2024-10-24,2024-10-24,5,,,,0
2024,10,26,4,Oct,870,672,77,10.0,0.0,2024-10-26,2024-10-26,7,,,,0
2024,10,26,23,Oct,2321,2062,336,11.1,0.0,2024-10-26,2024-10-26,7,,,,0
2024,10,20,18,Oct,1535,1294,273,19.0,0.0,2024-10-20,2024-10-20,1,,,,0
2024,10,21,14,Oct,1044,976,170,26.5,0.0,2024-10-21,2024-10-21,2,,,,0
2024,10,22,1,Oct,311,220,56,15.0,0.0,2024-10-22,2024-10-22,3,,,,0
2024,10,23,0,Oct,748,471,72,14.8,0.0,2024-10-23,2024-10-23,4,,,,0
2024,10,24,18,Oct,2090,2111,371,16.8,0.0,2024-10-24,2024-10-24,5,,,,0
2024,10,24,23,Oct,1701,1307,217,11.6,0.0,2024-10-24,2024-10-24,5,,,,0
2024,10,25,13,Oct,1320,1186,213,15.6,0.0,2024-10-25,2024-10-25,6,,,,0
2024,10,20,11,Oct,1259,1579,251,18.1,0.0,2024-10-20,2024-10-20,1,,,,0
2024,10,20,12,Oct,1450,1563,265,20.6,0.0,2024-10-20,2024-10-20,1,,,,0
2024,10,24,10,Oct,1085,1076,196,16.9,0.0,2024-10-24,2024-10-24,5,,,,0
2024,10,24,13,Oct,1212,1089,209,19.8,0.0,2024-10-24,2024-10-24,5,,,,0
2024,10,26,0,Oct,2054,1691,312,12.0,0.0,2024-10-26,2024-10-26,7,,,,0
2024,10,26,2,Oct,1898,1167,217,11.0,0.0,2024-10-26,2024-10-26,7,,,,0
2024,10,26,16,Oct,1578,1716,293,17.1,0.0,2024-10-26,2024-10-26,7,,,,0
2024,10,19,5,Oct,388,460,42,8.1,0.0,2024-10-19,2024-10-19,7,,,,0
2024,10,24,3,Oct,298,236,32,14.7,0.0,2024-10-24,2024-10-24,5,,,,0
2024,8,1,4,Aug,350,352,42,21.6,0.0,2024-8-1,2024-08-01,5,,,,0
2024,8,1,11,Aug,1124,1214,242,31.5,0.0,2024-8-1,2024-08-01,5,,,,0
2024,8,2,22,Aug,2083,1751,355,25.1,0.0,2024-8-2,2024-08-02,6,,,,0
2024,8,4,6,Aug,385,623,56,23.2,0.04,2024-8-4,2024-08-04,1,,,,0
2024,8,6,8,Aug,1543,1721,364,25.3,0.0,2024-8-6,2024-08-06,3,,,,0
2024,8,8,7,Aug,1098,1112,198,19.5,0.0,2024-8-8,2024-08-08,5,,,,0
2024,8,1,17,Aug,1708,1736,377,32.2,0.04,2024-8-1,2024-08-01,5,,,,0
2024,8,2,11,Aug,1071,1276,233,31.7,0.0,2024-8-2,2024-08-02,6,,,,0
2024,8,2,12,Aug,1195,1261,237,32.6,0.0,2024-8-2,2024-08-02,6,,,,0
2024,8,3,5,Aug,373,404,45,24.0,0.0,2024-8-3,2024-08-03,7,,,,0
2024,8,3,6,Aug,439,658,72,23.7,0.0,2024-8-3,2024-08-03,7,,,,0
2024,8,4,2,Aug,1380,769,155,23.5,0.0,2024-8-4,2024-08-04,1,,,,0
2024,8,4,7,Aug,495,735,81,23.4,0.0,2024-8-4,2024-08-04,1,,,,0
2024,8,6,6,Aug,632,776,83,22.9,0.0,2024-8-6,2024-08-06,3,,,,0
2024,8,6,10,Aug,1075,1225,223,29.0,0.0,2024-8-6,2024-08-06,3,,,,0
2024,8,7,15,Aug,1334,1288,283,22.1,0.0,2024-8-7,2024-08-07,4,,,,0
2024,8,8,20,Aug,1870,1562,321,22.1,0.62,2024-8-8,2024-08-08,5,,,,0
2024,8,1,14,Aug,1204,1250,239,34.4,0.0,2024-8-1,2024-08-01,5,,,,0
2024,8,3,1,Aug,1484,1038,216,24.5,0.0,2024-8-3,2024-08-03,7,,,,0
2024,8,5,13,Aug,1145,1045,204,31.8,0.0,2024-8-5,2024-08-05,2,,,,0
2024,8,6,4,Aug,257,286,24,23.6,0.0,2024-8-6,2024-08-06,3,,,,0
2024,8,7,7,Aug,1097,1319,250,20.6,0.4,2024-8-7,2024-08-07,4,,,,0
2024,8,7,10,Aug,1084,1308,279,19.5,0.1,2024-8-7,2024-08-07,4,,,,0
2024,8,9,0,Aug,1100,764,134,21.9,0.0,2024-8-9,2024-08-09,6,,,,0
2024,8,2,14,Aug,1297,1328,277,32.6,0.36,2024-8-2,2024-08-02,6,,,,0
2024,8,3,2,Aug,1213,864,147,24.2,0.0,2024-8-3,2024-08-03,7,,,,0
2024,8,3,17,Aug,1888,1965,484,27.7,0.38,2024-8-3,2024-08-03,7,,,,0
2024,8,4,17,Aug,1654,1543,408,25.0,1.94,2024-8-4,2024-08-04,1,,,,0
2024,8,4,23,Aug,894,729,125,24.0,0.0,2024-8-4,2024-08-04,1,,,,0
2024,8,6,5,Aug,376,523,51,23.2,0.0,2024-8-6,2024-08-06,3,,,,0
2024,8,2,20,Aug,1757,1472,300,25.3,0.1,2024-8-2,2024-08-02,6,,,,0
2024,8,3,13,Aug,1431,1373,354,32.8,0.0,2024-8-3,2024-08-03,7,,,,0
2024,8,5,1,Aug,387,273,55,23.4,0.0,2024-8-5,2024-08-05,2,,,,0
2024,8,5,12,Aug,984,1020,192,31.0,0.0,2024-8-5,2024-08-05,2,,,,0
2024,8,6,23,Aug,1236,850,217,21.9,5.06,2024-8-6,2024-08-06,3,,,,0
2024,8,9,1,Aug,752,521,99,22.7,0.28,2024-8-9,2024-08-09,6,,,,0
2024,8,1,10,Aug,1179,1317,229,30.2,0.0,2024-8-1,2024-08-01,5,,,,0
2024,8,3,8,Aug,603,880,117,25.2,0.0,2024-8-3,2024-08-03,7,,,,0
2024,8,4,10,Aug,1040,1304,192,24.4,0.5,2024-8-4,2024-08-04,1,,,,0
2024,8,4,11,Aug,1376,1450,255,24.5,1.34,2024-8-4,2024-08-04,1,,,,0
2024,8,4,16,Aug,1715,1814,474,27.9,0.16,2024-8-4,2024-08-04,1,,,,0
2024,8,6,1,Aug,353,273,51,24.8,0.0,2024-8-6,2024-08-06,3,,,,0
2024,8,6,21,Aug,2086,1878,490,23.0,1.96,2024-8-6,2024-08-06,3,,,,0
2024,8,7,3,Aug,179,228,31,22.1,0.6,2024-8-7,2024-08-07,4,,,,0
2024,8,2,16,Aug,1275,1582,302,29.4,0.3,2024-8-2,2024-08-02,6,,,,0
2024,8,3,0,Aug,1827,1425,270,24.6,0.0,2024-8-3,2024-08-03,7,,,,0
2024,8,3,22,Aug,1879,1698,305,24.1,0.06,2024-8-3,2024-08-03,7,,,,0
2024,8,6,22,Aug,1729,1336,336,22.3,3.82,2024-8-6,2024-08-06,3,,,,0
2024,8,7,1,Aug,443,306,55,22.1,1.4,2024-8-7,2024-08-07,4,,,,0
2024,8,7,12,Aug,1088,1075,227,21.1,0.0,2024-8-7,2024-08-07,4,,,,0
2024,8,8,5,Aug,375,447,55,18.9,0.0,2024-8-8,2024-08-08,5,,,,0
2024,8,8,13,Aug,1136,1115,188,21.9,0.04,2024-8-8,2024-08-08,5,,,,0
2024,8,2,0,Aug,1152,843,143,26.3,0.0,2024-8-2,2024-08-02,6,,,,0
2024,8,2,9,Aug,1144,1243,227,26.7,0.84,2024-8-2,2024-08-02,6,,,,0
2024,8,5,18,Aug,1577,1439,297,29.5,0.0,2024-8-5,2024-08-05,2,,,,0
2024,8,7,14,Aug,1299,1177,309,22.2,0.0,2024-8-7,2024-08-07,4,,,,0
2024,8,7,23,Aug,1363,997,198,18.8,3.28,2024-8-7,2024-08-07,4,,,,0
2024,8,6,9,Aug,1262,1381,295,27.6,0.0,2024-8-6,2024-08-06,3,,,,0
2024,8,6,15,Aug,1096,1096,217,26.6,11.78,2024-8-6,2024-08-06,3,,,,0
2024,8,7,5,Aug,355,490,52,21.7,0.0,2024-8-7,2024-08-07,4,,,,0
2024,8,3,7,Aug,436,726,82,24.1,0.0,2024-8-3,2024-08-03,7,,,,0
2024,8,3,16,Aug,1608,1696,333,28.6,2.7,2024-8-3,2024-08-03,7,,,,0
2024,8,8,11,Aug,1368,1543,349,21.2,0.58,2024-8-8,2024-08-08,5,,,,0
2024,8,2,8,Aug,1128,1216,230,26.3,0.0,2024-8-2,2024-08-02,6,,,,0
2024,8,5,9,Aug,1259,1330,308,26.7,0.0,2024-8-5,2024-08-05,2,,,,0
2024,8,7,22,Aug,1898,1304,253,18.8,2.36,2024-8-7,2024-08-07,4,,,,0
2024,8,8,2,Aug,411,243,72,18.5,0.66,2024-8-8,2024-08-08,5,,,,0
2024,8,8,15,Aug,1262,1325,238,22.7,0.0,2024-8-8,2024-08-08,5,,,,0
2024,8,1,3,Aug,342,231,44,22.2,0.0,2024-8-1,2024-08-01,5,,,,0
2024,8,2,5,Aug,428,511,45,23.5,0.0,2024-8-2,2024-08-02,6,,,,0
2024,8,4,8,Aug,632,887,157,24.0,0.0,2024-8-4,2024-08-04,1,,,,0
2024,8,8,9,Aug,1346,1495,344,20.2,0.0,2024-8-8,2024-08-08,5,,,,0
2024,8,1,9,Aug,1410,1487,305,28.4,0.0,2024-8-1,2024-08-01,5,,,,0
2024,8,1,16,Aug,1349,1501,271,34.3,0.0,2024-8-1,2024-08-01,5,,,,0
2024,8,2,13,Aug,1254,1386,263,33.0,0.08,2024-8-2,2024-08-02,6,,,,0
2024,8,2,19,Aug,1984,1976,478,26.6,0.0,2024-8-2,2024-08-02,6,,,,0
2024,8,3,3,Aug,975,577,118,24.2,0.06,2024-8-3,2024-08-03,7,,,,0
2024,8,4,12,Aug,1369,1549,256,24.2,3.68,2024-8-4,2024-08-04,1,,,,0
2024,8,5,10,Aug,1009,1168,223,28.4,0.0,2024-8-5,2024-08-05,2,,,,0
2024,8,7,9,Aug,1519,1834,428,19.4,0.88,2024-8-7,2024-08-07,4,,,,0
2024,8,4,5,Aug,414,425,43,23.2,0.0,2024-8-4,2024-08-04,1,,,,0
2024,8,5,0,Aug,712,522,89,23.8,0.0,2024-8-5,2024-08-05,2,,,,0
2024,8,5,6,Aug,621,755,82,20.8,0.0,2024-8-5,2024-08-05,2,,,,0
2024,8,6,11,Aug,1085,1124,208,30.0,0.14,2024-8-6,2024-08-06,3,,,,0
2024,8,8,21,Aug,2093,1576,344,20.8,0.14,2024-8-8,2024-08-08,5,,,,0
2024,8,1,13,Aug,1215,1201,206,33.8,0.0,2024-8-1,2024-08-01,5,,,,0
2024,8,2,2,Aug,530,365,75,25.4,0.04,2024-8-2,2024-08-02,6,,,,0
2024,8,3,11,Aug,1305,1343,294,30.7,0.0,2024-8-3,2024-08-03,7,,,,0
2024,8,3,14,Aug,1361,1406,289,33.2,0.04,2024-8-3,2024-08-03,7,,,,0
2024,8,5,21,Aug,1504,1161,219,27.2,0.0,2024-8-5,2024-08-05,2,,,,0
2024,8,7,8,Aug,1752,1996,490,20.2,0.1,2024-8-7,2024-08-07,4,,,,0
2024,8,7,19,Aug,1624,1535,274,21.2,0.0,2024-8-7,2024-08-07,4,,,,0
2024,8,8,6,Aug,715,836,106,19.0,0.0,2024-8-8,2024-08-08,5,,,,0
2024,8,1,1,Aug,562,407,89,23.2,0.0,2024-8-1,2024-08-01,5,,,,0
2024,8,1,22,Aug,1697,1381,220,25.9,0.0,2024-8-1,2024-08-01,5,,,,0
2024,8,3,10,Aug,1100,1337,240,29.3,0.0,2024-8-3,2024-08-03,7,,,,0
2024,8,8,1,Aug,621,333,104,18.5,1.48,2024-8-8,2024-08-08,5,,,,0
2024,8,1,0,Aug,957,691,136,24.0,0.0,2024-8-1,2024-08-01,5,,,,0
2024,8,3,18,Aug,1765,1774,406,28.5,0.1,2024-8-3,2024-08-03,7,,,,0
2024,8,3,20,Aug,1954,1752,483,26.0,0.0,2024-8-3,2024-08-03,7,,,,0
2024,8,5,3,Aug,373,254,41,22.5,0.0,2024-8-5,2024-08-05,2,,,,0
2024,8,5,17,Aug,1471,1416,292,28.9,0.0,2024-8-5,2024-08-05,2,,,,0
2024,8,5,23,Aug,920,690,128,25.5,0.0,2024-8-5,2024-08-05,2,,,,0
2024,8,6,7,Aug,1003,1148,194,23.7,0.0,2024-8-6,2024-08-06,3,,,,0
2024,8,7,16,Aug,1331,1353,287,21.9,0.0,2024-8-7,2024-08-07,4,,,,0
2024,8,2,21,Aug,1822,1475,290,26.0,0.06,2024-8-2,2024-08-02,6,,,,0
2024,8,5,15,Aug,1158,1163,218,31.8,0.0,2024-8-5,2024-08-05,2,,,,0
2024,8,6,14,Aug,1063,1072,193,31.5,0.58,2024-8-6,2024-08-06,3,,,,0
2024,8,7,21,Aug,1884,1307,236,18.8,9.14,2024-8-7,2024-08-07,4,,,,0
2024,8,1,5,Aug,389,507,42,20.9,0.0,2024-8-1,2024-08-01,5,,,,0
2024,8,1,12,Aug,1067,1171,247,32.7,0.0,2024-8-1,2024-08-01,5,,,,0
2024,8,1,15,Aug,1289,1396,277,34.6,0.0,2024-8-1,2024-08-01,5,,,,0
2024,8,2,17,Aug,1683,1854,417,28.2,0.76,2024-8-2,2024-08-02,6,,,,0
2024,8,3,12,Aug,1359,1289,311,31.8,0.0,2024-8-3,2024-08-03,7,,,,0
2024,8,3,19,Aug,2382,2243,647,27.5,0.04,2024-8-3,2024-08-03,7,,,,0
2024,8,4,13,Aug,1296,1498,260,25.1,0.24,2024-8-4,2024-08-04,1,,,,0
2024,8,4,19,Aug,1283,1252,286,25.6,0.0,2024-8-4,2024-08-04,1,,,,0
2024,8,7,13,Aug,1217,1251,292,22.4,0.0,2024-8-7,2024-08-07,4,,,,0
2024,8,8,4,Aug,364,377,54,18.8,0.16,2024-8-8,2024-08-08,5,,,,0
2024,8,8,18,Aug,1724,1627,360,22.3,0.1,2024-8-8,2024-08-08,5,,,,0
2024,8,1,21,Aug,1919,1428,247,26.3,0.0,2024-8-1,2024-08-01,5,,,,0
2024,8,4,18,Aug,1544,1452,278,25.2,0.0,2024-8-4,2024-08-04,1,,,,0
2024,8,7,2,Aug,276,246,31,22.0,1.04,2024-8-7,2024-08-07,4,,,,0
2024,8,7,20,Aug,1728,1399,257,20.8,0.0,2024-8-7,2024-08-07,4,,,,0
2024,8,1,8,Aug,1631,1645,320,25.5,0.0,2024-8-1,2024-08-01,5,,,,0
2024,8,2,15,Aug,1246,1448,281,30.0,1.74,2024-8-2,2024-08-02,6,,,,0
2024,8,5,19,Aug,1349,1283,234,30.1,0.0,2024-8-5,2024-08-05,2,,,,0
2024,8,5,20,Aug,1404,1129,244,28.4,0.0,2024-8-5,2024-08-05,2,,,,0
2024,8,6,12,Aug,1056,1046,199,31.0,0.14,2024-8-6,2024-08-06,3,,,,0
2024,8,6,20,Aug,2156,1870,481,23.8,1.34,2024-8-6,2024-08-06,3,,,,0
2024,8,1,20,Aug,1839,1403,278,27.9,0.0,2024-8-1,2024-08-01,5,,,,0
2024,8,2,1,Aug,676,555,80,25.4,0.48,2024-8-2,2024-08-02,6,,,,0
2024,8,2,7,Aug,840,1088,141,25.0,0.0,2024-8-2,2024-08-02,6,,,,0
2024,8,3,9,Aug,849,1159,208,27.4,0.0,2024-8-3,2024-08-03,7,,,,0
2024,8,4,9,Aug,793,1145,141,24.7,0.14,2024-8-4,2024-08-04,1,,,,0
2024,8,4,15,Aug,1176,1318,249,28.2,0.14,2024-8-4,2024-08-04,1,,,,0
2024,8,5,4,Aug,379,354,45,21.9,0.0,2024-8-5,2024-08-05,2,,,,0
2024,8,2,23,Aug,1895,1799,301,24.3,0.0,2024-8-2,2024-08-02,6,,,,0
2024,8,3,15,Aug,1417,1427,368,30.2,4.88,2024-8-3,2024-08-03,7,,,,0
2024,8,4,21,Aug,1450,1077,203,24.8,0.0,2024-8-4,2024-08-04,1,,,,0
2024,8,7,17,Aug,1627,1643,354,21.7,0.04,2024-8-7,2024-08-07,4,,,,0
2024,8,8,17,Aug,1560,1883,419,22.8,0.0,2024-8-8,2024-08-08,5,,,,0
2024,8,1,6,Aug,684,868,86,20.6,0.0,2024-8-1,2024-08-01,5,,,,0
2024,8,1,19,Aug,1837,1606,360,29.9,0.0,2024-8-1,2024-08-01,5,,,,0
2024,8,2,3,Aug,459,331,43,24.7,0.04,2024-8-2,2024-08-02,6,,,,0
2024,8,4,3,Aug,1082,597,121,23.5,0.0,2024-8-4,2024-08-04,1,,,,0
2024,8,4,22,Aug,1262,1003,168,24.3,0.0,2024-8-4,2024-08-04,1,,,,0
2024,8,7,11,Aug,1118,1189,229,20.2,0.0,2024-8-7,2024-08-07,4,,,,0
2024,8,8,0,Aug,897,645,115,18.6,1.14,2024-8-8,2024-08-08,5,,,,0
2024,8,8,10,Aug,1134,1209,255,20.8,0.0,2024-8-8,2024-08-08,5,,,,0
2024,8,8,14,Aug,1064,1067,204,22.0,0.44,2024-8-8,2024-08-08,5,,,,0
2024,8,1,18,Aug,1803,1714,376,30.9,0.0,2024-8-1,2024-08-01,5,,,,0
2024,8,6,3,Aug,195,186,24,23.9,0.0,2024-8-6,2024-08-06,3,,,,0
2024,8,3,23,Aug,1847,1687,292,23.8,2.34,2024-8-3,2024-08-03,7,,,,0
2024,8,5,2,Aug,254,162,30,23.1,0.0,2024-8-5,2024-08-05,2,,,,0
2024,8,5,7,Aug,971,992,161,22.1,0.0,2024-8-5,2024-08-05,2,,,,0
2024,8,5,8,Aug,1429,1499,324,24.2,0.0,2024-8-5,2024-08-05,2,,,,0
2024,8,6,0,Aug,620,416,92,25.1,0.0,2024-8-6,2024-08-06,3,,,,0
2024,8,8,12,Aug,1112,1113,212,22.1,0.1,2024-8-8,2024-08-08,5,,,,0
2024,8,2,4,Aug,424,465,48,24.3,0.0,2024-8-2,2024-08-02,6,,,,0
2024,8,4,20,Aug,1257,1192,235,24.6,0.0,2024-8-4,2024-08-04,1,,,,0
2024,8,6,16,Aug,1251,1419,257,26.0,3.42,2024-8-6,2024-08-06,3,,,,0
2024,8,7,18,Aug,1777,1731,384,21.5,0.14,2024-8-7,2024-08-07,4,,,,0
2024,8,8,22,Aug,1903,1476,266,20.7,0.14,2024-8-8,2024-08-08,5,,,,0
2024,8,8,23,Aug,1536,1171,178,20.8,0.76,2024-8-8,2024-08-08,5,,,,0
2024,8,1,2,Aug,386,211,61,22.6,0.0,2024-8-1,2024-08-01,5,,,,0
2024,8,1,23,Aug,1400,1124,162,25.7,0.0,2024-8-1,2024-08-01,5,,,,0
2024,8,3,4,Aug,655,403,79,24.2,0.16,2024-8-3,2024-08-03,7,,,,0
2024,8,5,11,Aug,1000,1107,195,29.8,0.0,2024-8-5,2024-08-05,2,,,,0
2024,8,2,6,Aug,622,825,100,23.8,0.0,2024-8-2,2024-08-02,6,,,,0
2024,8,2,18,Aug,2358,2262,596,26.4,1.6,2024-8-2,2024-08-02,6,,,,0
2024,8,4,0,Aug,1765,1461,260,23.8,0.26,2024-8-4,2024-08-04,1,,,,0
2024,8,4,1,Aug,1437,1084,202,23.4,0.0,2024-8-4,2024-08-04,1,,,,0
2024,8,6,2,Aug,191,160,28,24.4,0.0,2024-8-6,2024-08-06,3,,,,0
2024,8,6,17,Aug,1835,1870,440,26.2,1.64,2024-8-6,2024-08-06,3,,,,0
2024,8,7,6,Aug,667,919,105,21.0,0.16,2024-8-7,2024-08-07,4,,,,0
2024,8,8,3,Aug,403,253,59,18.5,2.28,2024-8-8,2024-08-08,5,,,,0
2024,8,8,16,Aug,1306,1516,275,23.2,0.1,2024-8-8,2024-08-08,5,,,,0
2024,8,8,19,Aug,1797,1744,356,22.3,0.44,2024-8-8,2024-08-08,5,,,,0
2024,8,4,14,Aug,1467,1561,279,27.5,0.1,2024-8-4,2024-08-04,1,,,,0
2024,8,5,5,Aug,383,500,49,21.5,0.0,2024-8-5,2024-08-05,2,,,,0
2024,8,5,16,Aug,1156,1261,236,30.3,0.0,2024-8-5,2024-08-05,2,,,,0
2024,8,6,19,Aug,2210,1880,583,25.1,0.34,2024-8-6,2024-08-06,3,,,,0
2024,8,7,4,Aug,199,343,32,22.1,0.0,2024-8-7,2024-08-07,4,,,,0
2024,8,1,7,Aug,1096,1248,189,22.6,0.0,2024-8-1,2024-08-01,5,,,,0
2024,8,3,21,Aug,1658,1485,346,24.8,1.14,2024-8-3,2024-08-03,7,,,,0
2024,8,4,4,Aug,742,424,80,23.4,0.0,2024-8-4,2024-08-04,1,,,,0
2024,8,5,14,Aug,1089,1049,187,31.6,0.0,2024-8-5,2024-08-05,2,,,,0
2024,8,6,18,Aug,2273,2112,651,25.6,3.84,2024-8-6,2024-08-06,3,,,,0
2024,8,2,10,Aug,1092,1270,224,29.4,0.0,2024-8-2,2024-08-02,6,,,,0
2024,8,5,22,Aug,1159,981,158,26.4,0.0,2024-8-5,2024-08-05,2,,,,0
2024,8,6,13,Aug,1150,1154,217,32.2,0.14,2024-8-6,2024-08-06,3,,,,0
2024,8,7,0,Aug,772,439,96,22.2,5.26,2024-8-7,2024-08-07,4,,,,0
2024,8,8,8,Aug,1526,1661,301,20.4,0.0,2024-8-8,2024-08-08,5,,,,0
2024,8,10,1,Aug,1422,943,200,23.4,0.98,2024-8-10,2024-08-10,7,,,,0
2024,8,14,8,Aug,1303,1403,249,20.6,0.0,2024-8-14,2024-08-14,4,,,,0
2024,8,15,5,Aug,366,450,43,17.6,0.0,2024-8-15,2024-08-15,5,,,,0
2024,8,15,14,Aug,1131,1081,214,29.6,0.0,2024-8-15,2024-08-15,5,,,,0
2024,8,18,10,Aug,901,1358,214,22.7,0.24,2024-8-18,2024-08-18,1,,,,0
2024,8,9,13,Aug,1211,1176,219,28.0,1.84,2024-8-9,2024-08-09,6,,,,0
2024,8,11,7,Aug,431,636,54,19.0,0.0,2024-8-11,2024-08-11,1,,,,0
2024,8,15,16,Aug,1146,1384,257,30.1,0.0,2024-8-15,2024-08-15,5,,,,0
2024,8,15,18,Aug,1703,1533,314,29.0,0.0,2024-8-15,2024-08-15,5,,,,0
2024,8,16,22,Aug,1886,1601,293,22.3,0.0,2024-8-16,2024-08-16,6,,,,0
2024,8,18,12,Aug,1098,1217,231,23.8,1.56,2024-8-18,2024-08-18,1,,,,0
2024,8,9,3,Aug,428,318,37,23.4,0.44,2024-8-9,2024-08-09,6,,,,0
2024,8,10,7,Aug,464,712,69,21.8,0.0,2024-8-10,2024-08-10,7,,,,0
2024,8,11,8,Aug,582,676,65,20.3,0.0,2024-8-11,2024-08-11,1,,,,0
2024,8,16,23,Aug,1810,1600,337,22.0,0.0,2024-8-16,2024-08-16,6,,,,0
2024,8,17,1,Aug,1508,904,167,21.3,0.0,2024-8-17,2024-08-17,7,,,,0
2024,8,17,5,Aug,352,389,33,20.9,0.0,2024-8-17,2024-08-17,7,,,,0
2024,8,11,12,Aug,1148,1136,171,26.0,0.0,2024-8-11,2024-08-11,1,,,,0
2024,8,12,0,Aug,641,396,75,20.6,0.0,2024-8-12,2024-08-12,2,,,,0
2024,8,12,5,Aug,398,415,41,16.6,0.0,2024-8-12,2024-08-12,2,,,,0
2024,8,12,6,Aug,575,696,80,17.0,0.0,2024-8-12,2024-08-12,2,,,,0
2024,8,17,8,Aug,601,1021,175,23.0,0.0,2024-8-17,2024-08-17,7,,,,0
2024,8,17,19,Aug,1769,1506,345,23.9,0.0,2024-8-17,2024-08-17,7,,,,0
2024,8,18,13,Aug,1281,1213,235,22.9,0.44,2024-8-18,2024-08-18,1,,,,0
2024,8,18,16,Aug,1293,1190,244,25.7,0.08,2024-8-18,2024-08-18,1,,,,0
2024,8,19,3,Aug,205,273,27,20.8,0.34,2024-8-19,2024-08-19,2,,,,0
2024,8,9,8,Aug,1098,1191,200,22.2,7.68,2024-8-9,2024-08-09,6,,,,0
2024,8,11,1,Aug,1404,1064,220,20.8,0.0,2024-8-11,2024-08-11,1,,,,0
2024,8,11,3,Aug,1042,639,108,20.0,0.0,2024-8-11,2024-08-11,1,,,,0
2024,8,11,18,Aug,1295,1166,226,26.5,0.0,2024-8-11,2024-08-11,1,,,,0
2024,8,13,21,Aug,1570,1124,193,22.3,0.0,2024-8-13,2024-08-13,3,,,,0
2024,8,15,3,Aug,296,243,35,18.6,0.0,2024-8-15,2024-08-15,5,,,,0
2024,8,18,23,Aug,969,655,129,21.2,3.46,2024-8-18,2024-08-18,1,,,,0
2024,8,19,5,Aug,346,468,54,21.0,0.0,2024-8-19,2024-08-19,2,,,,0
2024,8,9,4,Aug,399,438,39,23.1,0.5,2024-8-9,2024-08-09,6,,,,0
2024,8,9,12,Aug,1042,1127,221,28.3,0.3,2024-8-9,2024-08-09,6,,,,0
2024,8,10,8,Aug,640,909,104,22.6,0.0,2024-8-10,2024-08-10,7,,,,0
2024,8,10,19,Aug,1716,1689,337,26.8,0.0,2024-8-10,2024-08-10,7,,,,0
2024,8,13,22,Aug,1590,1009,180,20.3,0.0,2024-8-13,2024-08-13,3,,,,0
2024,8,14,1,Aug,467,264,60,19.1,0.0,2024-8-14,2024-08-14,4,,,,0
2024,8,14,2,Aug,264,172,27,18.6,0.0,2024-8-14,2024-08-14,4,,,,0
2024,8,15,20,Aug,1711,1418,257,25.4,0.0,2024-8-15,2024-08-15,5,,,,0
2024,8,16,12,Aug,1090,1193,261,28.8,0.0,2024-8-16,2024-08-16,6,,,,0
2024,8,18,7,Aug,416,805,154,21.7,1.84,2024-8-18,2024-08-18,1,,,,0
2024,8,19,9,Aug,1001,1143,200,23.2,0.04,2024-8-19,2024-08-19,2,,,,0
2024,8,11,22,Aug,1321,851,170,22.1,0.0,2024-8-11,2024-08-11,1,,,,0
2024,8,13,1,Aug,328,220,31,18.0,0.0,2024-8-13,2024-08-13,3,,,,0
2024,8,13,10,Aug,918,965,210,22.7,0.0,2024-8-13,2024-08-13,3,,,,0
2024,8,14,3,Aug,213,202,22,18.5,0.0,2024-8-14,2024-08-14,4,,,,0
2024,8,10,5,Aug,368,382,56,22.6,0.0,2024-8-10,2024-08-10,7,,,,0
2024,8,10,18,Aug,1729,1931,334,28.4,0.0,2024-8-10,2024-08-10,7,,,,0
2024,8,10,23,Aug,1937,1624,291,22.8,0.0,2024-8-10,2024-08-10,7,,,,0
2024,8,11,19,Aug,1108,1049,208,25.2,0.0,2024-8-11,2024-08-11,1,,,,0
2024,8,12,13,Aug,875,848,148,25.6,0.06,2024-8-12,2024-08-12,2,,,,0
2024,8,14,0,Aug,634,434,65,19.1,0.0,2024-8-14,2024-08-14,4,,,,0
2024,8,14,19,Aug,1513,1375,253,25.7,0.0,2024-8-14,2024-08-14,4,,,,0
2024,8,15,4,Aug,301,339,28,17.8,0.0,2024-8-15,2024-08-15,5,,,,0
2024,8,17,20,Aug,1452,1491,279,23.4,0.06,2024-8-17,2024-08-17,7,,,,0
2024,8,18,0,Aug,1697,1243,230,22.0,0.22,2024-8-18,2024-08-18,1,,,,0
2024,8,19,0,Aug,681,394,78,20.4,9.32,2024-8-19,2024-08-19,2,,,,0
2024,8,17,11,Aug,1091,1308,236,26.4,0.16,2024-8-17,2024-08-17,7,,,,0
2024,8,17,15,Aug,1299,1192,223,25.7,0.0,2024-8-17,2024-08-17,7,,,,0
2024,8,17,21,Aug,1592,1458,282,22.6,0.0,2024-8-17,2024-08-17,7,,,,0
2024,8,18,8,Aug,587,978,194,22.0,1.94,2024-8-18,2024-08-18,1,,,,0
2024,8,18,19,Aug,1622,1669,475,24.1,0.46,2024-8-18,2024-08-18,1,,,,0
2024,8,9,17,Aug,1521,1599,312,24.6,4.8,2024-8-9,2024-08-09,6,,,,0
2024,8,11,15,Aug,1052,1164,238,27.7,0.0,2024-8-11,2024-08-11,1,,,,0
2024,8,12,23,Aug,937,682,84,19.2,0.0,2024-8-12,2024-08-12,2,,,,0
2024,8,13,2,Aug,206,149,20,17.6,0.0,2024-8-13,2024-08-13,3,,,,0
2024,8,13,13,Aug,832,814,159,25.8,0.0,2024-8-13,2024-08-13,3,,,,0
2024,8,13,15,Aug,978,1027,174,27.2,0.0,2024-8-13,2024-08-13,3,,,,0
2024,8,14,10,Aug,895,1019,195,25.0,0.0,2024-8-14,2024-08-14,4,,,,0
2024,8,15,7,Aug,892,1127,159,18.5,0.0,2024-8-15,2024-08-15,5,,,,0
2024,8,17,0,Aug,1605,1343,231,21.6,0.0,2024-8-17,2024-08-17,7,,,,0
2024,8,17,4,Aug,551,331,67,20.9,0.0,2024-8-17,2024-08-17,7,,,,0
2024,8,17,6,Aug,351,634,56,21.1,0.0,2024-8-17,2024-08-17,7,,,,0
2024,8,19,2,Aug,221,223,22,20.7,0.14,2024-8-19,2024-08-19,2,,,,0
2024,8,14,6,Aug,565,738,71,17.9,0.0,2024-8-14,2024-08-14,4,,,,0
2024,8,15,11,Aug,958,1116,200,27.5,0.0,2024-8-15,2024-08-15,5,,,,0
2024,8,15,21,Aug,1742,1313,240,24.4,0.0,2024-8-15,2024-08-15,5,,,,0
2024,8,11,16,Aug,1126,1129,225,27.5,0.0,2024-8-11,2024-08-11,1,,,,0
2024,8,12,17,Aug,1098,1127,193,26.1,0.0,2024-8-12,2024-08-12,2,,,,0
2024,8,14,18,Aug,1594,1500,306,27.1,0.0,2024-8-14,2024-08-14,4,,,,0
2024,8,15,15,Aug,1137,1226,222,30.0,0.0,2024-8-15,2024-08-15,5,,,,0
2024,8,15,19,Aug,1587,1484,325,27.7,0.0,2024-8-15,2024-08-15,5,,,,0
2024,8,10,6,Aug,430,613,59,21.9,0.0,2024-8-10,2024-08-10,7,,,,0
2024,8,13,3,Aug,151,175,18,17.0,0.0,2024-8-13,2024-08-13,3,,,,0
2024,8,13,8,Aug,1317,1360,219,19.1,0.0,2024-8-13,2024-08-13,3,,,,0
2024,8,13,19,Aug,1307,1269,226,25.0,0.0,2024-8-13,2024-08-13,3,,,,0
2024,8,15,6,Aug,583,754,92,17.5,0.0,2024-8-15,2024-08-15,5,,,,0
2024,8,16,7,Aug,810,1110,191,19.8,0.0,2024-8-16,2024-08-16,6,,,,0
2024,8,16,11,Aug,976,1225,230,28.0,0.0,2024-8-16,2024-08-16,6,,,,0
2024,8,18,21,Aug,1526,1042,218,21.6,1.22,2024-8-18,2024-08-18,1,,,,0
2024,8,9,5,Aug,390,449,52,22.5,0.78,2024-8-9,2024-08-09,6,,,,0
2024,8,10,4,Aug,615,347,50,23.3,0.0,2024-8-10,2024-08-10,7,,,,0
2024,8,10,17,Aug,1614,1882,369,29.1,0.0,2024-8-10,2024-08-10,7,,,,0
2024,8,11,6,Aug,407,540,41,18.8,0.0,2024-8-11,2024-08-11,1,,,,0
2024,8,12,20,Aug,1165,970,176,22.9,0.0,2024-8-12,2024-08-12,2,,,,0
2024,8,16,16,Aug,1373,1417,297,30.1,0.0,2024-8-16,2024-08-16,6,,,,0
2024,8,17,7,Aug,442,752,111,21.6,0.0,2024-8-17,2024-08-17,7,,,,0
2024,8,17,17,Aug,1608,1566,373,25.0,0.0,2024-8-17,2024-08-17,7,,,,0
2024,8,18,3,Aug,972,633,104,21.9,0.26,2024-8-18,2024-08-18,1,,,,0
2024,8,18,15,Aug,1249,1178,238,24.5,0.1,2024-8-18,2024-08-18,1,,,,0
2024,8,18,20,Aug,1458,1380,312,23.2,0.68,2024-8-18,2024-08-18,1,,,,0
2024,8,19,8,Aug,1198,1281,178,21.4,0.0,2024-8-19,2024-08-19,2,,,,0
2024,8,10,2,Aug,1374,715,166,23.5,0.0,2024-8-10,2024-08-10,7,,,,0
2024,8,10,10,Aug,1047,1200,189,25.8,0.0,2024-8-10,2024-08-10,7,,,,0
2024,8,10,11,Aug,1168,1130,206,27.1,0.0,2024-8-10,2024-08-10,7,,,,0
2024,8,12,4,Aug,296,288,26,17.0,0.0,2024-8-12,2024-08-12,2,,,,0
2024,8,16,3,Aug,357,307,53,19.8,0.0,2024-8-16,2024-08-16,6,,,,0
2024,8,16,5,Aug,379,487,31,19.2,0.0,2024-8-16,2024-08-16,6,,,,0
2024,8,19,4,Aug,302,356,34,20.8,0.0,2024-8-19,2024-08-19,2,,,,0
2024,8,9,20,Aug,1636,1607,280,24.8,0.22,2024-8-9,2024-08-09,6,,,,0
2024,8,11,14,Aug,1199,1217,233,27.0,0.0,2024-8-11,2024-08-11,1,,,,0
2024,8,12,12,Aug,792,818,146,25.3,0.06,2024-8-12,2024-08-12,2,,,,0
2024,8,12,19,Aug,1128,1068,186,24.7,0.0,2024-8-12,2024-08-12,2,,,,0
2024,8,14,21,Aug,1822,1258,252,22.1,0.0,2024-8-14,2024-08-14,4,,,,0
2024,8,16,15,Aug,1249,1347,231,30.2,0.0,2024-8-16,2024-08-16,6,,,,0
2024,8,11,10,Aug,956,1190,167,23.9,0.0,2024-8-11,2024-08-11,1,,,,0
2024,8,12,8,Aug,1133,1147,218,20.1,0.0,2024-8-12,2024-08-12,2,,,,0
2024,8,12,16,Aug,880,1037,177,25.8,0.0,2024-8-12,2024-08-12,2,,,,0
2024,8,13,7,Aug,862,969,145,17.3,0.0,2024-8-13,2024-08-13,3,,,,0
2024,8,14,7,Aug,917,1006,168,18.8,0.0,2024-8-14,2024-08-14,4,,,,0
2024,8,16,13,Aug,1143,1186,224,29.4,0.0,2024-8-16,2024-08-16,6,,,,0
2024,8,17,16,Aug,1575,1567,339,26.2,0.0,2024-8-17,2024-08-17,7,,,,0
2024,8,9,6,Aug,657,790,94,22.7,0.2,2024-8-9,2024-08-09,6,,,,0
2024,8,11,20,Aug,1204,1024,216,23.6,0.0,2024-8-11,2024-08-11,1,,,,0
2024,8,11,21,Aug,1465,976,214,22.2,0.0,2024-8-11,2024-08-11,1,,,,0
2024,8,12,1,Aug,476,190,56,19.6,0.0,2024-8-12,2024-08-12,2,,,,0
2024,8,13,6,Aug,597,702,60,16.7,0.0,2024-8-13,2024-08-13,3,,,,0
2024,8,14,15,Aug,1029,1054,200,28.4,0.0,2024-8-14,2024-08-14,4,,,,0
2024,8,16,21,Aug,1734,1446,325,22.6,0.0,2024-8-16,2024-08-16,6,,,,0
2024,8,19,6,Aug,630,735,74,20.7,0.0,2024-8-19,2024-08-19,2,,,,0
2024,8,9,15,Aug,1135,1432,236,28.0,0.34,2024-8-9,2024-08-09,6,,,,0
2024,8,12,14,Aug,979,901,142,25.9,0.0,2024-8-12,2024-08-12,2,,,,0
2024,8,14,23,Aug,1168,922,174,20.6,0.0,2024-8-14,2024-08-14,4,,,,0
2024,8,15,2,Aug,402,209,67,19.4,0.0,2024-8-15,2024-08-15,5,,,,0
2024,8,15,9,Aug,1153,1310,239,23.6,0.0,2024-8-15,2024-08-15,5,,,,0
2024,8,15,12,Aug,1009,1069,184,28.7,0.0,2024-8-15,2024-08-15,5,,,,0
2024,8,16,9,Aug,979,1415,234,24.3,0.0,2024-8-16,2024-08-16,6,,,,0
2024,8,18,1,Aug,1336,1042,158,21.9,0.0,2024-8-18,2024-08-18,1,,,,0
2024,8,19,1,Aug,587,279,64,20.6,0.14,2024-8-19,2024-08-19,2,,,,0
2024,8,10,9,Aug,819,1112,142,24.3,0.0,2024-8-10,2024-08-10,7,,,,0
2024,8,10,14,Aug,1185,1234,261,29.0,0.0,2024-8-10,2024-08-10,7,,,,0
2024,8,11,0,Aug,1724,1407,268,21.7,0.0,2024-8-11,2024-08-11,1,,,,0
2024,8,11,5,Aug,377,345,56,19.3,0.0,2024-8-11,2024-08-11,1,,,,0
2024,8,12,10,Aug,853,903,132,23.9,0.0,2024-8-12,2024-08-12,2,,,,0
2024,8,14,4,Aug,264,310,22,18.3,0.0,2024-8-14,2024-08-14,4,,,,0
2024,8,15,1,Aug,535,348,80,19.9,0.0,2024-8-15,2024-08-15,5,,,,0
2024,8,18,6,Aug,432,548,68,21.9,0.58,2024-8-18,2024-08-18,1,,,,0
2024,8,9,2,Aug,478,307,59,23.1,0.86,2024-8-9,2024-08-09,6,,,,0
2024,8,9,10,Aug,938,1117,206,24.9,0.38,2024-8-9,2024-08-09,6,,,,0
2024,8,10,15,Aug,1282,1469,304,29.3,0.0,2024-8-10,2024-08-10,7,,,,0
2024,8,10,16,Aug,1404,1544,287,29.3,0.0,2024-8-10,2024-08-10,7,,,,0
2024,8,11,9,Aug,800,969,129,22.5,0.0,2024-8-11,2024-08-11,1,,,,0
2024,8,13,9,Aug,1121,1167,212,21.0,0.0,2024-8-13,2024-08-13,3,,,,0
2024,8,14,11,Aug,914,1030,176,26.5,0.0,2024-8-14,2024-08-14,4,,,,0
2024,8,14,12,Aug,912,888,160,27.1,0.0,2024-8-14,2024-08-14,4,,,,0
2024,8,14,14,Aug,935,979,188,28.1,0.0,2024-8-14,2024-08-14,4,,,,0
2024,8,15,17,Aug,1458,1500,322,29.6,0.0,2024-8-15,2024-08-15,5,,,,0
2024,8,16,10,Aug,889,1330,227,26.5,0.0,2024-8-16,2024-08-16,6,,,,0
2024,8,17,13,Aug,1282,1234,245,25.3,0.0,2024-8-17,2024-08-17,7,,,,0
2024,8,18,14,Aug,1342,1240,261,22.8,1.16,2024-8-18,2024-08-18,1,,,,0
2024,8,18,17,Aug,1297,1309,228,24.8,1.38,2024-8-18,2024-08-18,1,,,,0
2024,8,11,13,Aug,1076,1227,225,26.6,0.0,2024-8-11,2024-08-11,1,,,,0
2024,8,12,15,Aug,1016,1064,181,26.2,0.12,2024-8-12,2024-08-12,2,,,,0
2024,8,13,12,Aug,804,887,142,25.2,0.0,2024-8-13,2024-08-13,3,,,,0
2024,8,13,23,Aug,1089,686,119,19.7,0.0,2024-8-13,2024-08-13,3,,,,0
2024,8,17,14,Aug,1209,1159,244,25.0,0.0,2024-8-17,2024-08-17,7,,,,0
2024,8,18,9,Aug,786,1247,196,22.3,1.48,2024-8-18,2024-08-18,1,,,,0
2024,8,11,2,Aug,1340,778,161,20.2,0.0,2024-8-11,2024-08-11,1,,,,0
2024,8,14,9,Aug,1121,1301,219,22.9,0.0,2024-8-14,2024-08-14,4,,,,0
2024,8,14,13,Aug,934,987,157,27.9,0.0,2024-8-14,2024-08-14,4,,,,0
2024,8,15,0,Aug,816,569,126,20.1,0.0,2024-8-15,2024-08-15,5,,,,0
2024,8,16,18,Aug,1760,1574,419,27.2,0.0,2024-8-16,2024-08-16,6,,,,0
2024,8,10,21,Aug,1779,1496,297,24.1,0.0,2024-8-10,2024-08-10,7,,,,0
2024,8,11,17,Aug,1221,1186,210,27.1,0.0,2024-8-11,2024-08-11,1,,,,0
2024,8,12,3,Aug,261,192,31,17.9,0.0,2024-8-12,2024-08-12,2,,,,0
2024,8,12,9,Aug,971,1041,181,22.5,0.0,2024-8-12,2024-08-12,2,,,,0
2024,8,13,17,Aug,1390,1417,257,26.6,0.0,2024-8-13,2024-08-13,3,,,,0
2024,8,13,20,Aug,1462,1206,245,21.9,0.0,2024-8-13,2024-08-13,3,,,,0
2024,8,9,22,Aug,2113,1647,303,24.4,0.26,2024-8-9,2024-08-09,6,,,,0
2024,8,10,20,Aug,1625,1456,267,24.8,0.0,2024-8-10,2024-08-10,7,,,,0
2024,8,12,2,Aug,268,138,34,18.0,0.0,2024-8-12,2024-08-12,2,,,,0
2024,8,14,17,Aug,1431,1541,270,27.9,0.0,2024-8-14,2024-08-14,4,,,,0
2024,8,15,10,Aug,954,1135,197,25.7,0.0,2024-8-15,2024-08-15,5,,,,0
2024,8,16,0,Aug,1052,748,135,20.9,0.0,2024-8-16,2024-08-16,6,,,,0
2024,8,16,1,Aug,677,459,98,20.1,0.0,2024-8-16,2024-08-16,6,,,,0
2024,8,17,2,Aug,1236,730,169,21.2,0.0,2024-8-17,2024-08-17,7,,,,0
2024,8,17,23,Aug,1827,1598,295,22.0,6.38,2024-8-17,2024-08-17,7,,,,0
2024,8,9,11,Aug,1094,1097,184,27.5,0.22,2024-8-9,2024-08-09,6,,,,0
2024,8,10,0,Aug,1657,1444,280,23.7,0.14,2024-8-10,2024-08-10,7,,,,0
2024,8,10,22,Aug,2186,1691,336,23.7,0.0,2024-8-10,2024-08-10,7,,,,0
2024,8,11,11,Aug,1184,1224,202,24.9,0.0,2024-8-11,2024-08-11,1,,,,0
2024,8,12,18,Aug,1133,1181,198,25.9,0.0,2024-8-12,2024-08-12,2,,,,0
2024,8,15,22,Aug,1675,1328,232,23.3,0.0,2024-8-15,2024-08-15,5,,,,0
2024,8,16,4,Aug,371,419,43,19.5,0.0,2024-8-16,2024-08-16,6,,,,0
2024,8,17,10,Aug,891,1344,259,25.2,0.32,2024-8-17,2024-08-17,7,,,,0
2024,8,17,22,Aug,1739,1598,263,22.3,0.04,2024-8-17,2024-08-17,7,,,,0
2024,8,9,7,Aug,830,969,129,22.8,0.2,2024-8-9,2024-08-09,6,,,,0
2024,8,9,9,Aug,1041,1177,190,24.9,0.34,2024-8-9,2024-08-09,6,,,,0
2024,8,13,0,Aug,575,348,66,18.5,0.0,2024-8-13,2024-08-13,3,,,,0
2024,8,14,20,Aug,1636,1214,197,23.9,0.0,2024-8-14,2024-08-14,4,,,,0
2024,8,15,13,Aug,1032,993,214,29.0,0.0,2024-8-15,2024-08-15,5,,,,0
2024,8,16,6,Aug,609,766,97,18.7,0.0,2024-8-16,2024-08-16,6,,,,0
2024,8,17,3,Aug,969,553,94,21.1,0.0,2024-8-17,2024-08-17,7,,,,0
2024,8,17,9,Aug,748,1195,205,23.7,0.04,2024-8-17,2024-08-17,7,,,,0
2024,8,18,11,Aug,1043,1347,251,24.0,0.38,2024-8-18,2024-08-18,1,,,,0
2024,8,10,12,Aug,1089,1161,197,27.8,0.0,2024-8-10,2024-08-10,7,,,,0
2024,8,10,13,Aug,1293,1266,252,28.1,0.0,2024-8-10,2024-08-10,7,,,,0
2024,8,14,5,Aug,321,360,32,18.0,0.0,2024-8-14,2024-08-14,4,,,,0
2024,8,14,22,Aug,1572,1110,221,21.2,0.04,2024-8-14,2024-08-14,4,,,,0
2024,8,18,2,Aug,1229,858,205,22.2,0.0,2024-8-18,2024-08-18,1,,,,0
2024,8,18,4,Aug,625,399,52,21.9,2.78,2024-8-18,2024-08-18,1,,,,0
2024,8,9,19,Aug,2008,1867,372,25.1,0.62,2024-8-9,2024-08-09,6,,,,0
2024,8,9,21,Aug,1745,1641,327,24.8,0.1,2024-8-9,2024-08-09,6,,,,0
2024,8,12,11,Aug,839,889,143,24.9,0.0,2024-8-12,2024-08-12,2,,,,0
2024,8,13,14,Aug,902,904,146,26.6,0.0,2024-8-13,2024-08-13,3,,,,0
2024,8,13,16,Aug,1028,1207,218,27.0,0.0,2024-8-13,2024-08-13,3,,,,0
2024,8,13,18,Aug,1461,1400,292,26.6,0.0,2024-8-13,2024-08-13,3,,,,0
2024,8,16,2,Aug,489,284,70,19.9,0.0,2024-8-16,2024-08-16,6,,,,0
2024,8,17,18,Aug,1629,1646,300,24.3,0.0,2024-8-17,2024-08-17,7,,,,0
2024,8,18,22,Aug,1290,854,131,21.3,3.7,2024-8-18,2024-08-18,1,,,,0
2024,8,9,14,Aug,1199,1325,255,28.4,0.74,2024-8-9,2024-08-09,6,,,,0
2024,8,11,4,Aug,697,391,66,19.9,0.0,2024-8-11,2024-08-11,1,,,,0
2024,8,12,21,Aug,1223,984,167,21.3,0.0,2024-8-12,2024-08-12,2,,,,0
2024,8,13,4,Aug,196,270,21,16.7,0.0,2024-8-13,2024-08-13,3,,,,0
2024,8,14,16,Aug,1161,1151,201,28.1,0.0,2024-8-14,2024-08-14,4,,,,0
2024,8,15,23,Aug,1346,1064,174,21.9,0.0,2024-8-15,2024-08-15,5,,,,0
2024,8,17,12,Aug,1144,1223,251,26.1,0.0,2024-8-17,2024-08-17,7,,,,0
2024,8,9,16,Aug,1239,1514,226,27.1,0.78,2024-8-9,2024-08-09,6,,,,0
2024,8,9,18,Aug,2014,2127,461,25.0,1.9,2024-8-9,2024-08-09,6,,,,0
2024,8,10,3,Aug,892,563,115,23.3,0.0,2024-8-10,2024-08-10,7,,,,0
2024,8,11,23,Aug,813,680,118,21.1,0.0,2024-8-11,2024-08-11,1,,,,0
2024,8,12,22,Aug,1110,824,133,20.3,0.0,2024-8-12,2024-08-12,2,,,,0
2024,8,13,5,Aug,295,406,38,16.8,0.0,2024-8-13,2024-08-13,3,,,,0
2024,8,16,8,Aug,959,1297,263,21.9,0.0,2024-8-16,2024-08-16,6,,,,0
2024,8,16,14,Aug,1259,1253,261,29.9,0.0,2024-8-16,2024-08-16,6,,,,0
2024,8,16,17,Aug,1496,1582,320,29.5,0.0,2024-8-16,2024-08-16,6,,,,0
2024,8,16,19,Aug,1860,1553,379,25.1,0.0,2024-8-16,2024-08-16,6,,,,0
2024,8,16,20,Aug,1518,1393,312,23.7,0.0,2024-8-16,2024-08-16,6,,,,0
2024,8,18,5,Aug,378,385,48,21.9,0.62,2024-8-18,2024-08-18,1,,,,0
2024,8,18,18,Aug,1389,1363,235,24.4,0.16,2024-8-18,2024-08-18,1,,,,0
2024,8,19,7,Aug,771,910,128,20.9,0.0,2024-8-19,2024-08-19,2,,,,0
2024,8,9,23,Aug,1936,1736,315,24.1,0.1,2024-8-9,2024-08-09,6,,,,0
2024,8,12,7,Aug,835,882,128,18.0,0.0,2024-8-12,2024-08-12,2,,,,0
2024,8,13,11,Aug,809,946,167,24.0,0.0,2024-8-13,2024-08-13,3,,,,0
2024,8,15,8,Aug,1351,1486,260,20.7,0.0,2024-8-15,2024-08-15,5,,,,0
2024,8,19,16,Aug,942,1031,193,24.1,5.04,2024-8-19,2024-08-19,2,,,,0
2024,8,20,16,Aug,979,1114,226,22.5,0.0,2024-8-20,2024-08-20,3,,,,0
2024,8,21,18,Aug,1397,1410,276,22.2,0.0,2024-8-21,2024-08-21,4,,,,0
2024,8,22,0,Aug,780,558,121,15.8,0.0,2024-8-22,2024-08-22,5,,,,0
2024,8,22,19,Aug,1445,1463,255,22.4,0.0,2024-8-22,2024-08-22,5,,,,0
2024,8,23,15,Aug,1164,1250,247,26.8,0.0,2024-8-23,2024-08-23,6,AnimeNYC,11.0,19.0,1
2024,8,24,7,Aug,422,676,63,16.0,0.0,2024-8-24,2024-08-24,7,AnimeNYC,10.0,19.0,0
2024,8,25,15,Aug,1321,1156,256,30.0,0.04,2024-8-25,2024-08-25,1,AnimeNYC,10.0,17.0,1
2024,8,20,12,Aug,813,849,141,20.7,0.0,2024-8-20,2024-08-20,3,,,,0
2024,8,23,16,Aug,1209,1361,276,27.1,0.0,2024-8-23,2024-08-23,6,AnimeNYC,11.0,19.0,1
2024,8,27,4,Aug,206,273,16,18.3,0.0,2024-8-27,2024-08-27,3,,,,0
2024,8,27,21,Aug,1443,1188,178,22.9,0.0,2024-8-27,2024-08-27,3,,,,0
2024,8,20,1,Aug,328,242,47,18.4,0.0,2024-8-20,2024-08-20,3,,,,0
2024,8,20,18,Aug,1380,1320,254,21.6,0.0,2024-8-20,2024-08-20,3,,,,0
2024,8,20,19,Aug,1270,1239,228,20.0,0.0,2024-8-20,2024-08-20,3,,,,0
2024,8,22,8,Aug,1252,1485,225,16.2,0.0,2024-8-22,2024-08-22,5,,,,0
2024,8,22,11,Aug,895,1058,176,22.5,0.0,2024-8-22,2024-08-22,5,,,,0
2024,8,23,23,Aug,1902,1516,292,18.0,0.0,2024-8-23,2024-08-23,6,AnimeNYC,11.0,19.0,0
2024,8,24,23,Aug,2190,1665,339,19.9,0.0,2024-8-24,2024-08-24,7,AnimeNYC,10.0,19.0,0
2024,8,25,13,Aug,1294,1247,269,29.4,0.0,2024-8-25,2024-08-25,1,AnimeNYC,10.0,17.0,1
2024,8,27,15,Aug,961,1051,182,30.1,0.0,2024-8-27,2024-08-27,3,,,,0
2024,8,20,2,Aug,247,152,24,18.0,0.0,2024-8-20,2024-08-20,3,,,,0
2024,8,20,5,Aug,333,434,30,16.8,0.0,2024-8-20,2024-08-20,3,,,,0
2024,8,20,11,Aug,856,851,134,19.6,0.0,2024-8-20,2024-08-20,3,,,,0
2024,8,20,17,Aug,1225,1292,250,22.3,0.0,2024-8-20,2024-08-20,3,,,,0
2024,8,22,12,Aug,899,953,181,23.6,0.0,2024-8-22,2024-08-22,5,,,,0
2024,8,23,3,Aug,373,275,51,15.0,0.0,2024-8-23,2024-08-23,6,AnimeNYC,11.0,19.0,0
2024,8,26,1,Aug,373,223,57,20.4,0.0,2024-8-26,2024-08-26,2,,,,0
2024,8,26,6,Aug,566,631,68,18.4,0.0,2024-8-26,2024-08-26,2,,,,0
2024,8,27,7,Aug,861,918,152,18.4,0.0,2024-8-27,2024-08-27,3,,,,0
2024,8,28,4,Aug,237,301,33,21.6,0.0,2024-8-28,2024-08-28,4,,,,0
2024,8,21,19,Aug,1320,1229,250,21.0,0.0,2024-8-21,2024-08-21,4,,,,0
2024,8,23,2,Aug,524,342,69,15.5,0.0,2024-8-23,2024-08-23,6,AnimeNYC,11.0,19.0,0
2024,8,23,10,Aug,889,1289,205,23.5,0.0,2024-8-23,2024-08-23,6,AnimeNYC,11.0,19.0,0
2024,8,24,2,Aug,1135,742,150,16.7,0.0,2024-8-24,2024-08-24,7,AnimeNYC,10.0,19.0,0
2024,8,24,15,Aug,1321,1322,290,29.4,0.0,2024-8-24,2024-08-24,7,AnimeNYC,10.0,19.0,1
2024,8,26,18,Aug,1094,1210,217,23.7,0.44,2024-8-26,2024-08-26,2,,,,0
2024,8,19,23,Aug,846,662,91,20.3,0.06,2024-8-19,2024-08-19,2,,,,0
2024,8,25,16,Aug,1481,1244,273,29.5,0.0,2024-8-25,2024-08-25,1,AnimeNYC,10.0,17.0,1
2024,8,25,17,Aug,1573,1313,282,27.9,0.1,2024-8-25,2024-08-25,1,AnimeNYC,10.0,17.0,0
2024,8,27,9,Aug,1195,1192,236,21.9,0.0,2024-8-27,2024-08-27,3,,,,0
2024,8,28,5,Aug,320,357,36,21.6,0.0,2024-8-28,2024-08-28,4,,,,0
2024,8,20,8,Aug,1331,1390,207,17.1,0.0,2024-8-20,2024-08-20,3,,,,0
2024,8,21,10,Aug,842,1011,183,18.8,0.0,2024-8-21,2024-08-21,4,,,,0
2024,8,25,3,Aug,1023,617,120,17.2,0.0,2024-8-25,2024-08-25,1,AnimeNYC,10.0,17.0,0
2024,8,26,4,Aug,305,262,36,19.3,0.0,2024-8-26,2024-08-26,2,,,,0
2024,8,26,5,Aug,357,378,29,18.8,0.0,2024-8-26,2024-08-26,2,,,,0
2024,8,26,12,Aug,958,908,166,27.9,0.0,2024-8-26,2024-08-26,2,,,,0
2024,8,27,5,Aug,287,401,33,18.0,0.0,2024-8-27,2024-08-27,3,,,,0
2024,8,28,0,Aug,779,457,98,22.1,0.0,2024-8-28,2024-08-28,4,,,,0
2024,8,19,13,Aug,861,923,148,27.5,0.2,2024-8-19,2024-08-19,2,,,,0
2024,8,21,1,Aug,429,247,54,15.2,0.0,2024-8-21,2024-08-21,4,,,,0
2024,8,21,8,Aug,1307,1459,232,14.9,0.0,2024-8-21,2024-08-21,4,,,,0
2024,8,21,14,Aug,893,908,159,22.1,0.0,2024-8-21,2024-08-21,4,,,,0
2024,8,22,10,Aug,947,1010,220,20.7,0.0,2024-8-22,2024-08-22,5,,,,0
2024,8,22,22,Aug,1701,1178,207,18.1,0.0,2024-8-22,2024-08-22,5,,,,0
2024,8,24,21,Aug,1722,1528,307,21.9,0.0,2024-8-24,2024-08-24,7,AnimeNYC,10.0,19.0,0
2024,8,25,9,Aug,775,1180,178,22.6,0.0,2024-8-25,2024-08-25,1,AnimeNYC,10.0,17.0,0
2024,8,26,16,Aug,1111,1093,225,30.0,0.0,2024-8-26,2024-08-26,2,,,,0
2024,8,20,3,Aug,184,177,28,17.6,0.04,2024-8-20,2024-08-20,3,,,,0
2024,8,20,9,Aug,1009,1175,211,17.6,0.0,2024-8-20,2024-08-20,3,,,,0
2024,8,21,11,Aug,859,942,165,20.3,0.0,2024-8-21,2024-08-21,4,,,,0
2024,8,22,1,Aug,517,316,93,15.1,0.0,2024-8-22,2024-08-22,5,,,,0
2024,8,22,4,Aug,267,270,32,13.9,0.0,2024-8-22,2024-08-22,5,,,,0
2024,8,22,20,Aug,1581,1234,239,20.1,0.0,2024-8-22,2024-08-22,5,,,,0
2024,8,22,23,Aug,1466,1016,163,17.3,0.0,2024-8-22,2024-08-22,5,,,,0
2024,8,23,22,Aug,1995,1480,322,19.2,0.0,2024-8-23,2024-08-23,6,AnimeNYC,11.0,19.0,0
2024,8,24,9,Aug,779,1448,212,21.3,0.0,2024-8-24,2024-08-24,7,AnimeNYC,10.0,19.0,0
2024,8,24,12,Aug,1117,1404,299,27.0,0.0,2024-8-24,2024-08-24,7,AnimeNYC,10.0,19.0,1
2024,8,27,3,Aug,139,164,26,18.3,0.0,2024-8-27,2024-08-27,3,,,,0
2024,8,27,14,Aug,938,913,142,29.7,0.0,2024-8-27,2024-08-27,3,,,,0
2024,8,20,23,Aug,1180,792,176,16.7,0.0,2024-8-20,2024-08-20,3,,,,0
2024,8,27,2,Aug,206,136,19,19.2,0.0,2024-8-27,2024-08-27,3,,,,0
2024,8,27,18,Aug,1379,1346,246,26.6,0.0,2024-8-27,2024-08-27,3,,,,0
2024,8,27,19,Aug,1344,1235,221,25.3,0.0,2024-8-27,2024-08-27,3,,,,0
2024,8,23,8,Aug,966,1109,195,17.4,0.0,2024-8-23,2024-08-23,6,AnimeNYC,11.0,19.0,0
2024,8,25,7,Aug,398,623,68,17.3,0.0,2024-8-25,2024-08-25,1,AnimeNYC,10.0,17.0,0
2024,8,25,14,Aug,1236,1290,257,29.8,0.0,2024-8-25,2024-08-25,1,AnimeNYC,10.0,17.0,1
2024,8,27,6,Aug,528,646,69,18.0,0.0,2024-8-27,2024-08-27,3,,,,0
2024,8,28,7,Aug,902,892,132,22.1,0.0,2024-8-28,2024-08-28,4,,,,0
2024,8,21,23,Aug,1142,843,185,16.4,0.0,2024-8-21,2024-08-21,4,,,,0
2024,8,23,20,Aug,1711,1370,306,21.5,0.0,2024-8-23,2024-08-23,6,AnimeNYC,11.0,19.0,0
2024,8,24,3,Aug,853,531,97,15.9,0.0,2024-8-24,2024-08-24,7,AnimeNYC,10.0,19.0,0
2024,8,25,12,Aug,1165,1336,258,28.7,0.0,2024-8-25,2024-08-25,1,AnimeNYC,10.0,17.0,1
2024,8,22,3,Aug,270,206,43,14.2,0.0,2024-8-22,2024-08-22,5,,,,0
2024,8,22,18,Aug,1460,1612,261,23.6,0.0,2024-8-22,2024-08-22,5,,,,0
2024,8,22,21,Aug,1645,1246,210,18.7,0.0,2024-8-22,2024-08-22,5,,,,0
2024,8,25,4,Aug,602,323,38,16.8,0.0,2024-8-25,2024-08-25,1,AnimeNYC,10.0,17.0,0
2024,8,23,17,Aug,1462,1644,321,27.3,0.0,2024-8-23,2024-08-23,6,AnimeNYC,11.0,19.0,1
2024,8,24,5,Aug,337,360,37,15.4,0.0,2024-8-24,2024-08-24,7,AnimeNYC,10.0,19.0,0
2024,8,26,0,Aug,665,364,87,21.9,0.0,2024-8-26,2024-08-26,2,,,,0
2024,8,28,8,Aug,1397,1430,283,23.5,0.0,2024-8-28,2024-08-28,4,,,,0
2024,8,20,20,Aug,1330,1238,237,18.4,0.0,2024-8-20,2024-08-20,3,,,,0
2024,8,20,21,Aug,1488,1238,221,17.5,0.0,2024-8-20,2024-08-20,3,,,,0
2024,8,22,9,Aug,1164,1271,229,18.7,0.0,2024-8-22,2024-08-22,5,,,,0
2024,8,24,10,Aug,936,1480,240,24.0,0.0,2024-8-24,2024-08-24,7,AnimeNYC,10.0,19.0,1
2024,8,24,17,Aug,1588,1683,338,29.0,0.0,2024-8-24,2024-08-24,7,AnimeNYC,10.0,19.0,1
2024,8,26,2,Aug,295,133,39,20.4,0.0,2024-8-26,2024-08-26,2,,,,0
2024,8,26,3,Aug,220,179,34,19.9,0.0,2024-8-26,2024-08-26,2,,,,0
2024,8,27,0,Aug,646,411,77,19.4,0.0,2024-8-27,2024-08-27,3,,,,0
2024,8,21,9,Aug,1091,1305,235,17.2,0.0,2024-8-21,2024-08-21,4,,,,0
2024,8,21,22,Aug,1550,1112,221,17.1,0.0,2024-8-21,2024-08-21,4,,,,0
2024,8,22,13,Aug,967,993,197,23.9,0.0,2024-8-22,2024-08-22,5,,,,0
2024,8,25,1,Aug,1667,1105,208,18.0,0.0,2024-8-25,2024-08-25,1,AnimeNYC,10.0,17.0,0
2024,8,25,6,Aug,375,548,54,16.6,0.0,2024-8-25,2024-08-25,1,AnimeNYC,10.0,17.0,0
2024,8,26,15,Aug,957,983,135,29.7,0.0,2024-8-26,2024-08-26,2,,,,0
2024,8,26,20,Aug,1370,1160,292,22.0,0.0,2024-8-26,2024-08-26,2,,,,0
2024,8,27,8,Aug,1317,1325,236,20.1,0.0,2024-8-27,2024-08-27,3,,,,0
2024,8,28,6,Aug,558,677,64,21.7,0.0,2024-8-28,2024-08-28,4,,,,0
2024,8,21,16,Aug,1055,1105,176,22.7,0.0,2024-8-21,2024-08-21,4,,,,0
2024,8,23,1,Aug,726,460,104,16.0,0.0,2024-8-23,2024-08-23,6,AnimeNYC,11.0,19.0,0
2024,8,24,4,Aug,540,325,67,16.0,0.0,2024-8-24,2024-08-24,7,AnimeNYC,10.0,19.0,0
2024,8,27,13,Aug,876,908,166,29.0,0.0,2024-8-27,2024-08-27,3,,,,0
2024,8,27,22,Aug,1445,1016,178,22.5,0.0,2024-8-27,2024-08-27,3,,,,0
2024,8,27,23,Aug,1101,759,113,22.4,0.0,2024-8-27,2024-08-27,3,,,,0
2024,8,20,13,Aug,864,811,144,21.6,0.0,2024-8-20,2024-08-20,3,,,,0
2024,8,22,15,Aug,1044,1129,181,24.2,0.0,2024-8-22,2024-08-22,5,,,,0
2024,8,25,11,Aug,1159,1505,296,27.3,0.0,2024-8-25,2024-08-25,1,AnimeNYC,10.0,17.0,1
2024,8,27,11,Aug,950,942,163,26.9,0.0,2024-8-27,2024-08-27,3,,,,0
2024,8,28,2,Aug,293,176,29,22.0,0.0,2024-8-28,2024-08-28,4,,,,0
2024,8,24,14,Aug,1238,1341,292,29.2,0.0,2024-8-24,2024-08-24,7,AnimeNYC,10.0,19.0,1
2024,8,20,0,Aug,663,409,67,19.2,0.0,2024-8-20,2024-08-20,3,,,,0
2024,8,24,13,Aug,1217,1347,294,28.0,0.0,2024-8-24,2024-08-24,7,AnimeNYC,10.0,19.0,1
2024,8,24,19,Aug,2010,1667,379,25.2,0.0,2024-8-24,2024-08-24,7,AnimeNYC,10.0,19.0,0
2024,8,19,20,Aug,1276,1046,199,22.8,0.0,2024-8-19,2024-08-19,2,,,,0
2024,8,21,12,Aug,890,841,138,21.3,0.0,2024-8-21,2024-08-21,4,,,,0
2024,8,24,16,Aug,1515,1469,297,29.4,0.0,2024-8-24,2024-08-24,7,AnimeNYC,10.0,19.0,1
2024,8,25,8,Aug,625,811,114,19.5,0.0,2024-8-25,2024-08-25,1,AnimeNYC,10.0,17.0,0
2024,8,25,22,Aug,1253,935,172,23.2,0.0,2024-8-25,2024-08-25,1,AnimeNYC,10.0,17.0,0
2024,8,26,7,Aug,766,829,115,18.9,0.0,2024-8-26,2024-08-26,2,,,,0
2024,8,28,10,Aug,1038,1185,209,27.8,0.0,2024-8-28,2024-08-28,4,,,,0
2024,8,28,12,Aug,976,992,174,31.7,0.0,2024-8-28,2024-08-28,4,,,,0
2024,8,20,14,Aug,873,933,137,22.0,0.0,2024-8-20,2024-08-20,3,,,,0
2024,8,22,7,Aug,802,1032,151,14.0,0.0,2024-8-22,2024-08-22,5,,,,0
2024,8,22,16,Aug,1153,1348,199,24.5,0.0,2024-8-22,2024-08-22,5,,,,0
2024,8,23,7,Aug,690,985,143,14.9,0.0,2024-8-23,2024-08-23,6,AnimeNYC,11.0,19.0,0
2024,8,23,14,Aug,1057,1160,216,26.5,0.0,2024-8-23,2024-08-23,6,AnimeNYC,11.0,19.0,1
2024,8,23,18,Aug,1690,1624,372,26.5,0.0,2024-8-23,2024-08-23,6,AnimeNYC,11.0,19.0,1
2024,8,24,1,Aug,1423,939,210,17.2,0.0,2024-8-24,2024-08-24,7,AnimeNYC,10.0,19.0,0
2024,8,26,14,Aug,933,992,173,29.3,0.0,2024-8-26,2024-08-26,2,,,,0
2024,8,26,21,Aug,1382,1093,236,21.1,0.0,2024-8-26,2024-08-26,2,,,,0
2024,8,21,0,Aug,740,459,88,15.9,0.0,2024-8-21,2024-08-21,4,,,,0
2024,8,22,2,Aug,392,190,52,14.5,0.0,2024-8-22,2024-08-22,5,,,,0
2024,8,23,9,Aug,936,1220,219,21.1,0.0,2024-8-23,2024-08-23,6,AnimeNYC,11.0,19.0,0
2024,8,25,18,Aug,1433,1213,302,26.5,0.06,2024-8-25,2024-08-25,1,AnimeNYC,10.0,17.0,0
2024,8,26,13,Aug,931,891,160,28.6,0.06,2024-8-26,2024-08-26,2,,,,0
2024,8,26,22,Aug,1175,840,144,20.2,0.0,2024-8-26,2024-08-26,2,,,,0
2024,8,28,1,Aug,428,244,53,22.0,0.0,2024-8-28,2024-08-28,4,,,,0
2024,8,19,12,Aug,893,861,173,26.7,0.2,2024-8-19,2024-08-19,2,,,,0
2024,8,21,13,Aug,894,923,158,21.7,0.0,2024-8-21,2024-08-21,4,,,,0
2024,8,22,14,Aug,985,1028,172,24.1,0.0,2024-8-22,2024-08-22,5,,,,0
2024,8,24,11,Aug,1136,1527,282,26.0,0.0,2024-8-24,2024-08-24,7,AnimeNYC,10.0,19.0,1
2024,8,25,10,Aug,939,1372,243,25.3,0.0,2024-8-25,2024-08-25,1,AnimeNYC,10.0,17.0,1
2024,8,25,23,Aug,952,666,142,22.8,0.0,2024-8-25,2024-08-25,1,AnimeNYC,10.0,17.0,0
2024,8,26,8,Aug,1236,1179,186,20.7,0.0,2024-8-26,2024-08-26,2,,,,0
2024,8,27,1,Aug,337,231,46,19.0,0.0,2024-8-27,2024-08-27,3,,,,0
2024,8,19,18,Aug,1314,1339,337,23.0,0.24,2024-8-19,2024-08-19,2,,,,0
2024,8,19,19,Aug,1207,1008,200,23.5,0.0,2024-8-19,2024-08-19,2,,,,0
2024,8,20,7,Aug,883,954,125,17.1,0.0,2024-8-20,2024-08-20,3,,,,0
2024,8,21,15,Aug,979,976,157,22.5,0.0,2024-8-21,2024-08-21,4,,,,0
2024,8,23,21,Aug,1707,1363,316,20.5,0.0,2024-8-23,2024-08-23,6,AnimeNYC,11.0,19.0,0
2024,8,26,11,Aug,985,882,164,26.3,0.0,2024-8-26,2024-08-26,2,,,,0
2024,8,27,16,Aug,1129,1179,207,29.8,0.0,2024-8-27,2024-08-27,3,,,,0
2024,8,19,11,Aug,860,920,153,25.7,0.2,2024-8-19,2024-08-19,2,,,,0
2024,8,21,4,Aug,217,242,16,13.9,0.0,2024-8-21,2024-08-21,4,,,,0
2024,8,23,5,Aug,338,400,32,13.8,0.0,2024-8-23,2024-08-23,6,AnimeNYC,11.0,19.0,0
2024,8,24,20,Aug,1693,1576,326,22.7,0.0,2024-8-24,2024-08-24,7,AnimeNYC,10.0,19.0,0
2024,8,25,5,Aug,332,368,34,16.7,0.0,2024-8-25,2024-08-25,1,AnimeNYC,10.0,17.0,0
2024,8,25,20,Aug,1200,1245,214,23.5,0.0,2024-8-25,2024-08-25,1,AnimeNYC,10.0,17.0,0
2024,8,26,9,Aug,1109,1149,274,23.0,0.0,2024-8-26,2024-08-26,2,,,,0
2024,8,19,14,Aug,949,962,143,28.4,0.14,2024-8-19,2024-08-19,2,,,,0
2024,8,20,6,Aug,568,699,69,17.1,0.0,2024-8-20,2024-08-20,3,,,,0
2024,8,20,15,Aug,915,890,176,22.4,0.0,2024-8-20,2024-08-20,3,,,,0
2024,8,21,17,Aug,1292,1380,230,22.6,0.0,2024-8-21,2024-08-21,4,,,,0
2024,8,22,17,Aug,1346,1376,245,24.1,0.0,2024-8-22,2024-08-22,5,,,,0
2024,8,23,0,Aug,1018,726,128,16.7,0.0,2024-8-23,2024-08-23,6,AnimeNYC,11.0,19.0,0
2024,8,25,19,Aug,1276,1067,222,24.7,0.0,2024-8-25,2024-08-25,1,AnimeNYC,10.0,17.0,0
2024,8,27,17,Aug,1373,1346,266,28.1,0.0,2024-8-27,2024-08-27,3,,,,0
2024,8,28,3,Aug,181,188,25,21.8,0.0,2024-8-28,2024-08-28,4,,,,0
2024,8,19,10,Aug,842,898,158,24.5,0.2,2024-8-19,2024-08-19,2,,,,0
2024,8,19,15,Aug,896,988,179,27.0,1.32,2024-8-19,2024-08-19,2,,,,0
2024,8,20,4,Aug,260,245,20,17.5,0.0,2024-8-20,2024-08-20,3,,,,0
2024,8,23,6,Aug,558,735,72,13.4,0.0,2024-8-23,2024-08-23,6,AnimeNYC,11.0,19.0,0
2024,8,23,19,Aug,1898,1653,364,24.2,0.0,2024-8-23,2024-08-23,6,AnimeNYC,11.0,19.0,0
2024,8,24,0,Aug,1691,1241,292,17.7,0.0,2024-8-24,2024-08-24,7,AnimeNYC,10.0,19.0,0
2024,8,24,18,Aug,1782,1729,366,27.7,0.0,2024-8-24,2024-08-24,7,AnimeNYC,10.0,19.0,1
2024,8,25,2,Aug,1290,846,193,17.4,0.0,2024-8-25,2024-08-25,1,AnimeNYC,10.0,17.0,0
2024,8,25,21,Aug,1333,1043,216,23.4,0.0,2024-8-25,2024-08-25,1,AnimeNYC,10.0,17.0,0
2024,8,26,23,Aug,870,687,92,19.9,0.0,2024-8-26,2024-08-26,2,,,,0
2024,8,19,17,Aug,1287,1186,275,23.0,3.04,2024-8-19,2024-08-19,2,,,,0
2024,8,20,22,Aug,1475,1044,212,17.3,0.0,2024-8-20,2024-08-20,3,,,,0
2024,8,21,3,Aug,201,174,22,14.2,0.0,2024-8-21,2024-08-21,4,,,,0
2024,8,21,20,Aug,1477,1258,222,18.8,0.0,2024-8-21,2024-08-21,4,,,,0
2024,8,23,4,Aug,328,381,38,14.5,0.0,2024-8-23,2024-08-23,6,AnimeNYC,11.0,19.0,0
2024,8,23,13,Aug,1048,1122,216,25.9,0.0,2024-8-23,2024-08-23,6,AnimeNYC,11.0,19.0,1
2024,8,27,20,Aug,1443,1142,184,23.6,0.0,2024-8-27,2024-08-27,3,,,,0
2024,8,19,21,Aug,1262,968,186,22.1,0.16,2024-8-19,2024-08-19,2,,,,0
2024,8,19,22,Aug,1172,833,152,21.1,0.1,2024-8-19,2024-08-19,2,,,,0
2024,8,21,5,Aug,313,372,27,13.5,0.0,2024-8-21,2024-08-21,4,,,,0
2024,8,21,6,Aug,558,720,73,13.2,0.0,2024-8-21,2024-08-21,4,,,,0
2024,8,21,21,Aug,1605,1280,222,17.8,0.0,2024-8-21,2024-08-21,4,,,,0
2024,8,22,5,Aug,335,388,39,13.4,0.0,2024-8-22,2024-08-22,5,,,,0
2024,8,23,12,Aug,951,1122,207,25.4,0.0,2024-8-23,2024-08-23,6,AnimeNYC,11.0,19.0,1
2024,8,27,12,Aug,863,906,150,28.1,0.0,2024-8-27,2024-08-27,3,,,,0
2024,8,28,11,Aug,960,1088,213,29.3,0.0,2024-8-28,2024-08-28,4,,,,0
2024,8,21,2,Aug,312,149,25,14.7,0.0,2024-8-21,2024-08-21,4,,,,0
2024,8,21,7,Aug,829,990,151,13.5,0.0,2024-8-21,2024-08-21,4,,,,0
2024,8,22,6,Aug,577,664,73,13.0,0.0,2024-8-22,2024-08-22,5,,,,0
2024,8,24,8,Aug,522,1070,123,18.3,0.0,2024-8-24,2024-08-24,7,AnimeNYC,10.0,19.0,0
2024,8,25,0,Aug,2037,1435,279,18.9,0.0,2024-8-25,2024-08-25,1,AnimeNYC,10.0,17.0,0
2024,8,26,17,Aug,1225,1241,269,28.8,0.0,2024-8-26,2024-08-26,2,,,,0
2024,8,26,19,Aug,1111,1044,194,23.0,0.1,2024-8-26,2024-08-26,2,,,,0
2024,8,20,10,Aug,848,915,176,18.7,0.0,2024-8-20,2024-08-20,3,,,,0
2024,8,23,11,Aug,942,1296,220,24.6,0.0,2024-8-23,2024-08-23,6,AnimeNYC,11.0,19.0,1
2024,8,24,6,Aug,441,582,62,15.0,0.0,2024-8-24,2024-08-24,7,AnimeNYC,10.0,19.0,0
2024,8,24,22,Aug,1997,1568,333,21.0,0.0,2024-8-24,2024-08-24,7,AnimeNYC,10.0,19.0,0
2024,8,26,10,Aug,1047,969,212,24.7,0.0,2024-8-26,2024-08-26,2,,,,0
2024,8,27,10,Aug,1009,977,207,24.9,0.0,2024-8-27,2024-08-27,3,,,,0
2024,8,28,9,Aug,1213,1347,243,25.9,0.0,2024-8-28,2024-08-28,4,,,,0
2019,10,1,2,Oct,256,173,34,17.2,0.0,2019-10-1,2019-10-01,3,,,,0
2019,10,1,10,Oct,1069,960,211,19.1,0.0,2019-10-1,2019-10-01,3,,,,0
2019,10,1,17,Oct,1589,1615,350,26.1,0.0,2019-10-1,2019-10-01,3,,,,0
2019,10,1,18,Oct,2010,1814,371,23.8,0.0,2019-10-1,2019-10-01,3,,,,0
2019,10,3,10,Oct,1393,1652,375,13.1,1.38,2019-10-3,2019-10-03,5,NYCC,10.0,19.0,1
2019,10,4,10,Oct,1172,1441,294,17.7,0.0,2019-10-4,2019-10-04,6,NYCC,10.0,19.0,1
2019,10,8,16,Oct,1285,1425,250,18.6,0.0,2019-10-8,2019-10-08,3,,,,0
2019,10,8,20,Oct,1599,1551,273,15.0,0.0,2019-10-8,2019-10-08,3,,,,0
2019,10,9,10,Oct,1671,1614,396,13.2,1.12,2019-10-9,2019-10-09,4,,,,0
2019,10,9,16,Oct,1373,1395,294,13.4,0.1,2019-10-9,2019-10-09,4,,,,0
2019,10,13,2,Oct,1773,1126,250,13.2,0.0,2019-10-13,2019-10-13,1,,,,0
2019,10,13,15,Oct,1666,1743,324,17.4,0.0,2019-10-13,2019-10-13,1,,,,0
2019,10,18,8,Oct,1786,1631,310,9.8,0.0,2019-10-18,2019-10-18,6,,,,0
2019,10,18,10,Oct,1272,1316,240,12.1,0.0,2019-10-18,2019-10-18,6,,,,0
2019,10,19,6,Oct,436,718,71,5.9,0.0,2019-10-19,2019-10-19,7,,,,0
2019,10,19,10,Oct,1488,1696,245,9.7,0.0,2019-10-19,2019-10-19,7,,,,0
2019,10,19,21,Oct,2218,2349,363,11.3,0.0,2019-10-19,2019-10-19,7,,,,0
2019,10,20,9,Oct,1072,1312,164,11.5,0.0,2019-10-20,2019-10-20,1,,,,0
2019,10,23,4,Oct,270,218,26,15.7,0.0,2019-10-23,2019-10-23,4,,,,0
2019,10,25,2,Oct,642,357,58,9.5,0.0,2019-10-25,2019-10-25,6,,,,0
2019,10,25,20,Oct,2398,2222,390,14.0,0.0,2019-10-25,2019-10-25,6,,,,0
2019,10,27,7,Oct,591,820,112,14.0,0.92,2019-10-27,2019-10-27,1,,,,0
2019,10,28,12,Oct,1059,1013,185,16.9,0.0,2019-10-28,2019-10-28,2,,,,0
2019,10,29,4,Oct,293,231,24,12.8,0.0,2019-10-29,2019-10-29,3,,,,0
2019,10,30,8,Oct,1869,1713,369,14.0,0.0,2019-10-30,2019-10-30,4,,,,0
2019,10,30,9,Oct,1541,1533,345,14.5,0.0,2019-10-30,2019-10-30,4,,,,0
2019,10,30,12,Oct,1089,1012,233,17.1,0.0,2019-10-30,2019-10-30,4,,,,0
2019,10,30,13,Oct,1125,1054,202,17.6,0.04,2019-10-30,2019-10-30,4,,,,0
2019,10,3,11,Oct,1419,1594,343,13.1,1.42,2019-10-3,2019-10-03,5,NYCC,10.0,19.0,1
2019,10,3,18,Oct,2250,2338,503,15.1,0.14,2019-10-3,2019-10-03,5,NYCC,10.0,19.0,1
2019,10,9,8,Oct,1531,1424,259,14.1,0.2,2019-10-9,2019-10-09,4,,,,0
2019,10,10,5,Oct,465,506,43,11.4,0.0,2019-10-10,2019-10-10,5,,,,0
2019,10,12,1,Oct,1870,1305,225,13.2,0.0,2019-10-12,2019-10-12,7,,,,0
2019,10,13,23,Oct,1547,1063,222,14.5,0.04,2019-10-13,2019-10-13,1,,,,0
2019,10,15,18,Oct,2193,2036,377,14.7,0.0,2019-10-15,2019-10-15,3,,,,0
2019,10,16,11,Oct,1196,1197,230,17.9,0.26,2019-10-16,2019-10-16,4,,,,0
2019,10,16,22,Oct,2647,1908,407,16.3,1.54,2019-10-16,2019-10-16,4,,,,0
2019,10,18,18,Oct,2155,2176,468,11.7,0.0,2019-10-18,2019-10-18,6,,,,0
2019,10,19,3,Oct,1144,576,123,6.9,0.0,2019-10-19,2019-10-19,7,,,,0
2019,10,20,1,Oct,2242,1406,274,10.1,0.0,2019-10-20,2019-10-20,1,,,,0
2019,10,20,12,Oct,1851,2298,387,15.1,0.1,2019-10-20,2019-10-20,1,,,,0
2019,10,21,13,Oct,1055,1069,185,17.0,0.0,2019-10-21,2019-10-21,2,,,,0
2019,10,21,22,Oct,1508,1358,199,13.0,0.0,2019-10-21,2019-10-21,2,,,,0
2019,10,22,11,Oct,1134,1179,241,14.2,0.24,2019-10-22,2019-10-22,3,,,,0
2019,10,22,15,Oct,1282,1316,265,16.3,0.0,2019-10-22,2019-10-22,3,,,,0
2019,10,23,11,Oct,1078,1143,219,16.7,0.0,2019-10-23,2019-10-23,4,,,,0
2019,10,23,15,Oct,1374,1283,223,17.7,0.0,2019-10-23,2019-10-23,4,,,,0
2019,10,23,18,Oct,2204,2188,456,14.4,0.0,2019-10-23,2019-10-23,4,,,,0
2019,10,24,5,Oct,418,490,52,8.0,0.0,2019-10-24,2019-10-24,5,,,,0
2019,10,25,7,Oct,1270,1186,198,10.0,0.0,2019-10-25,2019-10-25,6,,,,0
2019,10,25,11,Oct,1188,1208,205,14.5,0.0,2019-10-25,2019-10-25,6,,,,0
2019,10,25,21,Oct,2320,2181,383,14.1,0.0,2019-10-25,2019-10-25,6,,,,0
2019,10,25,22,Oct,2615,2493,488,13.7,0.0,2019-10-25,2019-10-25,6,,,,0
2019,10,26,1,Oct,2126,1370,249,13.0,0.0,2019-10-26,2019-10-26,7,,,,0
2019,10,26,14,Oct,1629,1805,301,16.0,0.0,2019-10-26,2019-10-26,7,,,,0
2019,10,27,6,Oct,492,689,77,14.1,0.1,2019-10-27,2019-10-27,1,,,,0
2019,10,27,16,Oct,1701,1896,269,20.6,0.36,2019-10-27,2019-10-27,1,,,,0
2019,10,27,21,Oct,1851,1291,228,14.2,0.0,2019-10-27,2019-10-27,1,,,,0
2019,10,29,19,Oct,2171,2055,416,14.3,0.04,2019-10-29,2019-10-29,3,,,,0
2019,10,30,0,Oct,866,626,97,14.3,0.06,2019-10-30,2019-10-30,4,,,,0
2019,10,3,2,Oct,467,265,95,14.9,0.6,2019-10-3,2019-10-03,5,NYCC,10.0,19.0,0
2019,10,7,10,Oct,1131,1086,175,21.7,0.06,2019-10-7,2019-10-07,2,,,,0
2019,10,8,2,Oct,271,184,33,15.4,0.06,2019-10-8,2019-10-08,3,,,,0
2019,10,8,10,Oct,1129,1110,222,15.5,0.0,2019-10-8,2019-10-08,3,,,,0
2019,10,8,21,Oct,1791,1527,270,15.1,0.0,2019-10-8,2019-10-08,3,,,,0
2019,10,10,11,Oct,1181,1005,189,16.6,0.0,2019-10-10,2019-10-10,5,,,,0
2019,10,10,16,Oct,1348,1605,306,20.3,0.0,2019-10-10,2019-10-10,5,,,,0
2019,10,13,10,Oct,1473,1749,280,14.3,0.0,2019-10-13,2019-10-13,1,,,,0
2019,10,14,18,Oct,2076,1858,353,18.9,0.0,2019-10-14,2019-10-14,2,,,,0
2019,10,15,0,Oct,699,563,94,13.4,0.0,2019-10-15,2019-10-15,3,,,,0
2019,10,16,9,Oct,1519,1573,376,15.2,0.04,2019-10-16,2019-10-16,4,,,,0
2019,10,17,0,Oct,922,682,142,11.0,0.26,2019-10-17,2019-10-17,5,,,,0
2019,10,19,12,Oct,1723,1813,302,11.9,0.0,2019-10-19,2019-10-19,7,,,,0
2019,10,21,2,Oct,323,194,39,11.1,0.2,2019-10-21,2019-10-21,2,,,,0
2019,10,21,20,Oct,1658,1591,259,11.9,0.0,2019-10-21,2019-10-21,2,,,,0
2019,10,22,18,Oct,2168,2424,504,15.6,0.1,2019-10-22,2019-10-22,3,,,,0
2019,10,25,9,Oct,1439,1572,284,11.2,0.0,2019-10-25,2019-10-25,6,,,,0
2019,10,27,12,Oct,2538,2802,689,16.8,7.26,2019-10-27,2019-10-27,1,,,,0
2019,10,27,20,Oct,1513,1425,244,14.8,0.0,2019-10-27,2019-10-27,1,,,,0
2019,10,28,4,Oct,365,300,26,11.9,0.0,2019-10-28,2019-10-28,2,,,,0
2019,10,28,9,Oct,1501,1367,304,13.6,0.0,2019-10-28,2019-10-28,2,,,,0
2019,10,31,0,Oct,1263,894,193,15.8,0.3,2019-10-31,2019-10-31,5,,,,0
2019,10,31,22,Oct,2211,2555,494,20.4,0.0,2019-10-31,2019-10-31,5,,,,0
2019,10,2,7,Oct,1424,1286,254,21.2,0.0,2019-10-2,2019-10-02,4,,,,0
2019,10,6,10,Oct,1295,2084,299,17.7,0.14,2019-10-6,2019-10-06,1,NYCC,10.0,17.0,1
2019,10,8,14,Oct,1103,1213,214,17.7,0.0,2019-10-8,2019-10-08,3,,,,0
2019,10,11,2,Oct,732,371,71,13.8,0.0,2019-10-11,2019-10-11,6,,,,0
2019,10,11,21,Oct,2518,2136,442,15.3,0.0,2019-10-11,2019-10-11,6,,,,0
2019,10,12,19,Oct,2369,2577,484,16.4,0.0,2019-10-12,2019-10-12,7,,,,0
2019,10,13,18,Oct,1960,2151,368,15.6,0.0,2019-10-13,2019-10-13,1,,,,0
2019,10,16,14,Oct,1486,1545,370,18.3,0.16,2019-10-16,2019-10-16,4,,,,0
2019,10,17,20,Oct,2385,2160,386,12.7,0.0,2019-10-17,2019-10-17,5,,,,0
2019,10,18,2,Oct,652,424,69,10.8,0.0,2019-10-18,2019-10-18,6,,,,0
2019,10,18,14,Oct,1373,1369,212,14.7,0.0,2019-10-18,2019-10-18,6,,,,0
2019,10,19,0,Oct,2137,1871,312,7.7,0.0,2019-10-19,2019-10-19,7,,,,0
2019,10,19,11,Oct,1693,1765,290,10.8,0.0,2019-10-19,2019-10-19,7,,,,0
2019,10,20,14,Oct,2066,2170,483,14.4,1.0,2019-10-20,2019-10-20,1,,,,0
2019,10,21,8,Oct,1696,1516,296,10.2,0.0,2019-10-21,2019-10-21,2,,,,0
2019,10,22,7,Oct,1401,1301,238,11.6,0.0,2019-10-22,2019-10-22,3,,,,0
2019,10,23,21,Oct,2473,1940,393,11.9,0.0,2019-10-23,2019-10-23,4,,,,0
2019,10,27,14,Oct,1713,2083,357,18.4,3.5,2019-10-27,2019-10-27,1,,,,0
2019,10,31,18,Oct,2049,2031,450,19.9,0.4,2019-10-31,2019-10-31,5,,,,0
2019,10,1,13,Oct,968,963,146,24.9,0.0,2019-10-1,2019-10-01,3,,,,0
2019,10,3,15,Oct,1675,1567,391,13.8,0.24,2019-10-3,2019-10-03,5,NYCC,10.0,19.0,1
2019,10,4,7,Oct,1301,1272,225,15.4,0.0,2019-10-4,2019-10-04,6,NYCC,10.0,19.0,0
2019,10,4,21,Oct,2655,2046,455,11.4,0.0,2019-10-4,2019-10-04,6,NYCC,10.0,19.0,0
2019,10,5,9,Oct,1147,1992,304,9.1,0.0,2019-10-5,2019-10-05,7,NYCC,10.0,19.0,0
2019,10,6,8,Oct,713,1379,163,16.6,0.1,2019-10-6,2019-10-06,1,NYCC,10.0,17.0,0
2019,10,8,8,Oct,1913,1666,309,14.7,0.36,2019-10-8,2019-10-08,3,,,,0
2019,10,8,11,Oct,1069,1068,214,15.7,0.0,2019-10-8,2019-10-08,3,,,,0
2019,10,9,15,Oct,1248,1261,260,13.2,0.26,2019-10-9,2019-10-09,4,,,,0
2019,10,10,10,Oct,1180,1055,206,15.1,0.0,2019-10-10,2019-10-10,5,,,,0
2019,10,11,13,Oct,1446,1423,269,17.2,0.0,2019-10-11,2019-10-11,6,,,,0
2019,10,11,17,Oct,1984,2157,463,14.8,0.0,2019-10-11,2019-10-11,6,,,,0
2019,10,16,20,Oct,2768,2750,651,16.0,5.7,2019-10-16,2019-10-16,4,,,,0
2019,10,16,23,Oct,1585,1166,222,12.7,4.54,2019-10-16,2019-10-16,4,,,,0
2019,10,17,3,Oct,262,189,36,10.7,0.0,2019-10-17,2019-10-17,5,,,,0
2019,10,17,13,Oct,1279,1265,247,12.9,0.0,2019-10-17,2019-10-17,5,,,,0
2019,10,18,3,Oct,451,302,37,10.4,0.0,2019-10-18,2019-10-18,6,,,,0
2019,10,19,8,Oct,922,1388,152,7.7,0.0,2019-10-19,2019-10-19,7,,,,0
2019,10,22,16,Oct,1555,1782,394,16.1,0.0,2019-10-22,2019-10-22,3,,,,0
2019,10,23,1,Oct,456,344,53,16.8,2.02,2019-10-23,2019-10-23,4,,,,0
2019,10,26,7,Oct,686,936,89,10.0,0.0,2019-10-26,2019-10-26,7,,,,0
2019,10,26,9,Oct,1066,1523,206,12.0,0.0,2019-10-26,2019-10-26,7,,,,0
2019,10,28,15,Oct,1312,1239,204,17.5,0.0,2019-10-28,2019-10-28,2,,,,0
2019,10,28,22,Oct,1582,1215,178,13.1,0.0,2019-10-28,2019-10-28,2,,,,0
2019,10,29,10,Oct,1221,1127,215,13.6,0.1,2019-10-29,2019-10-29,3,,,,0
2019,10,30,19,Oct,1915,1937,348,15.9,0.0,2019-10-30,2019-10-30,4,,,,0
2019,10,30,20,Oct,1894,1688,297,15.8,0.0,2019-10-30,2019-10-30,4,,,,0
2019,10,31,6,Oct,978,861,133,15.9,0.26,2019-10-31,2019-10-31,5,,,,0
2019,10,1,4,Oct,227,195,19,17.4,0.0,2019-10-1,2019-10-01,3,,,,0
2019,10,2,21,Oct,2009,1809,292,21.9,1.0,2019-10-2,2019-10-02,4,,,,0
2019,10,4,5,Oct,445,509,39,16.0,0.0,2019-10-4,2019-10-04,6,NYCC,10.0,19.0,0
2019,10,5,7,Oct,655,1098,134,7.4,0.0,2019-10-5,2019-10-05,7,NYCC,10.0,19.0,0
2019,10,7,4,Oct,371,276,25,19.5,0.0,2019-10-7,2019-10-07,2,,,,0
2019,10,7,5,Oct,495,545,44,19.7,0.0,2019-10-7,2019-10-07,2,,,,0
2019,10,14,19,Oct,1768,1737,306,17.4,0.0,2019-10-14,2019-10-14,2,,,,0
2019,10,15,1,Oct,403,317,49,12.5,0.0,2019-10-15,2019-10-15,3,,,,0
2019,10,15,6,Oct,823,863,118,9.4,0.0,2019-10-15,2019-10-15,3,,,,0
2019,10,16,17,Oct,2480,2535,645,16.8,2.02,2019-10-16,2019-10-16,4,,,,0
2019,10,17,23,Oct,2135,1614,296,12.3,0.0,2019-10-17,2019-10-17,5,,,,0
2019,10,19,14,Oct,1644,1621,282,14.1,0.0,2019-10-19,2019-10-19,7,,,,0
2019,10,20,3,Oct,1587,709,182,10.1,0.0,2019-10-20,2019-10-20,1,,,,0
2019,10,21,14,Oct,1115,1105,218,17.8,0.0,2019-10-21,2019-10-21,2,,,,0
2019,10,22,9,Oct,1478,1351,326,12.9,0.0,2019-10-22,2019-10-22,3,,,,0
2019,10,23,2,Oct,333,221,39,16.5,0.78,2019-10-23,2019-10-23,4,,,,0
2019,10,24,18,Oct,2053,2328,455,14.0,0.0,2019-10-24,2019-10-24,5,,,,0
2019,10,26,8,Oct,781,1216,128,10.8,0.0,2019-10-26,2019-10-26,7,,,,0
2019,10,26,12,Oct,1635,1777,300,15.6,0.0,2019-10-26,2019-10-26,7,,,,0
2019,10,29,1,Oct,428,306,42,13.1,0.0,2019-10-29,2019-10-29,3,,,,0
2019,10,29,9,Oct,1515,1448,334,12.9,0.04,2019-10-29,2019-10-29,3,,,,0
2019,10,31,8,Oct,2038,1880,393,17.6,0.1,2019-10-31,2019-10-31,5,,,,0
2019,10,4,8,Oct,1689,1783,373,15.6,0.0,2019-10-4,2019-10-04,6,NYCC,10.0,19.0,0
2019,10,4,13,Oct,1370,1439,289,17.7,0.0,2019-10-4,2019-10-04,6,NYCC,10.0,19.0,1
2019,10,5,18,Oct,2607,2616,556,12.7,0.0,2019-10-5,2019-10-05,7,NYCC,10.0,19.0,1
2019,10,5,19,Oct,2749,2700,564,11.5,0.0,2019-10-5,2019-10-05,7,NYCC,10.0,19.0,0
2019,10,5,20,Oct,2414,2416,475,12.0,0.0,2019-10-5,2019-10-05,7,NYCC,10.0,19.0,0
2019,10,6,17,Oct,1852,1648,362,20.9,0.0,2019-10-6,2019-10-06,1,NYCC,10.0,17.0,0
2019,10,6,21,Oct,1559,1256,217,18.8,0.9,2019-10-6,2019-10-06,1,NYCC,10.0,17.0,0
2019,10,13,3,Oct,1383,769,129,12.7,0.0,2019-10-13,2019-10-13,1,,,,0
2019,10,16,3,Oct,272,149,24,12.5,0.0,2019-10-16,2019-10-16,4,,,,0
2019,10,17,8,Oct,1981,1855,337,11.0,0.0,2019-10-17,2019-10-17,5,,,,0
2019,10,23,13,Oct,1181,1026,221,17.6,0.0,2019-10-23,2019-10-23,4,,,,0
2019,10,29,17,Oct,2108,2192,424,15.4,0.1,2019-10-29,2019-10-29,3,,,,0
2019,10,30,17,Oct,1962,1858,332,17.1,0.0,2019-10-30,2019-10-30,4,,,,0
2019,10,30,21,Oct,2240,1819,340,16.0,0.0,2019-10-30,2019-10-30,4,,,,0
2019,10,31,12,Oct,1339,1181,268,20.1,1.18,2019-10-31,2019-10-31,5,,,,0
2019,10,4,12,Oct,1305,1416,273,17.7,0.0,2019-10-4,2019-10-04,6,NYCC,10.0,19.0,1
2019,10,4,16,Oct,1615,1630,351,16.2,0.0,2019-10-4,2019-10-04,6,NYCC,10.0,19.0,1
2019,10,4,22,Oct,2739,2266,493,10.8,0.0,2019-10-4,2019-10-04,6,NYCC,10.0,19.0,0
2019,10,6,0,Oct,2710,2083,404,12.5,0.0,2019-10-6,2019-10-06,1,NYCC,10.0,17.0,0
2019,10,6,1,Oct,2093,1496,278,14.0,0.0,2019-10-6,2019-10-06,1,NYCC,10.0,17.0,0
2019,10,9,23,Oct,1172,1058,183,11.5,0.4,2019-10-9,2019-10-09,4,,,,0
2019,10,10,0,Oct,693,643,106,11.3,0.3,2019-10-10,2019-10-10,5,,,,0
2019,10,10,3,Oct,294,157,32,11.3,0.0,2019-10-10,2019-10-10,5,,,,0
2019,10,11,5,Oct,430,520,33,12.4,0.0,2019-10-11,2019-10-11,6,,,,0
2019,10,12,21,Oct,2118,2158,455,16.0,0.0,2019-10-12,2019-10-12,7,,,,0
2019,10,19,5,Oct,450,429,44,6.2,0.0,2019-10-19,2019-10-19,7,,,,0
2019,10,20,2,Oct,1858,1060,233,9.5,0.0,2019-10-20,2019-10-20,1,,,,0
2019,10,21,3,Oct,235,151,27,10.7,0.0,2019-10-21,2019-10-21,2,,,,0
2019,10,24,15,Oct,1440,1386,247,17.9,0.0,2019-10-24,2019-10-24,5,,,,0
2019,10,25,16,Oct,1541,1650,273,16.4,0.0,2019-10-25,2019-10-25,6,,,,0
2019,10,28,17,Oct,1682,1843,329,15.8,0.0,2019-10-28,2019-10-28,2,,,,0
2019,10,29,12,Oct,1171,1035,204,14.9,0.1,2019-10-29,2019-10-29,3,,,,0
2019,10,2,17,Oct,2153,2108,504,27.9,0.12,2019-10-2,2019-10-02,4,,,,0
2019,10,3,12,Oct,1314,1436,333,13.8,0.56,2019-10-3,2019-10-03,5,NYCC,10.0,19.0,1
2019,10,4,6,Oct,836,843,112,16.0,0.0,2019-10-4,2019-10-04,6,NYCC,10.0,19.0,0
2019,10,4,15,Oct,1580,1491,332,16.9,0.0,2019-10-4,2019-10-04,6,NYCC,10.0,19.0,1
2019,10,5,5,Oct,362,425,39,8.1,0.0,2019-10-5,2019-10-05,7,NYCC,10.0,19.0,0
2019,10,5,12,Oct,1541,1688,344,12.7,0.0,2019-10-5,2019-10-05,7,NYCC,10.0,19.0,1
2019,10,7,3,Oct,271,155,33,19.5,0.0,2019-10-7,2019-10-07,2,,,,0
2019,10,7,21,Oct,1916,1717,340,17.0,1.3,2019-10-7,2019-10-07,2,,,,0
2019,10,10,2,Oct,347,231,50,11.3,0.1,2019-10-10,2019-10-10,5,,,,0
2019,10,10,7,Oct,1426,1296,236,11.5,0.0,2019-10-10,2019-10-10,5,,,,0
2019,10,10,9,Oct,1517,1348,292,13.5,0.0,2019-10-10,2019-10-10,5,,,,0
2019,10,12,3,Oct,1297,600,127,12.1,0.0,2019-10-12,2019-10-12,7,,,,0
2019,10,12,23,Oct,2803,2470,514,15.3,0.0,2019-10-12,2019-10-12,7,,,,0
2019,10,13,6,Oct,516,570,62,10.9,0.0,2019-10-13,2019-10-13,1,,,,0
2019,10,13,11,Oct,1609,2012,339,15.1,0.0,2019-10-13,2019-10-13,1,,,,0
2019,10,14,12,Oct,1159,1131,209,18.9,0.0,2019-10-14,2019-10-14,2,,,,0
2019,10,15,5,Oct,422,546,64,9.8,0.0,2019-10-15,2019-10-15,3,,,,0
2019,10,15,9,Oct,1378,1449,344,11.6,0.0,2019-10-15,2019-10-15,3,,,,0
2019,10,16,8,Oct,1925,1816,364,13.7,0.0,2019-10-16,2019-10-16,4,,,,0
2019,10,18,15,Oct,1428,1328,233,14.8,0.0,2019-10-18,2019-10-18,6,,,,0
2019,10,18,22,Oct,2792,2283,399,8.1,0.0,2019-10-18,2019-10-18,6,,,,0
2019,10,19,13,Oct,1581,1765,324,13.0,0.0,2019-10-19,2019-10-19,7,,,,0
2019,10,19,16,Oct,2000,2144,433,15.5,0.0,2019-10-19,2019-10-19,7,,,,0
2019,10,25,13,Oct,1323,1202,214,16.5,0.0,2019-10-25,2019-10-25,6,,,,0
2019,10,25,18,Oct,2323,2378,452,14.1,0.0,2019-10-25,2019-10-25,6,,,,0
2019,10,27,3,Oct,2051,986,251,13.1,0.06,2019-10-27,2019-10-27,1,,,,0
2019,10,29,7,Oct,1362,1381,264,12.7,0.0,2019-10-29,2019-10-29,3,,,,0
2019,10,2,3,Oct,256,131,30,22.0,0.0,2019-10-2,2019-10-02,4,,,,0
2019,10,2,4,Oct,293,234,20,22.0,0.0,2019-10-2,2019-10-02,4,,,,0
2019,10,2,18,Oct,2337,2526,697,25.7,0.2,2019-10-2,2019-10-02,4,,,,0
2019,10,3,3,Oct,302,172,37,15.0,0.1,2019-10-3,2019-10-03,5,NYCC,10.0,19.0,0
2019,10,3,19,Oct,2648,2118,567,15.5,0.1,2019-10-3,2019-10-03,5,NYCC,10.0,19.0,0
2019,10,5,16,Oct,2115,2142,394,14.3,0.0,2019-10-5,2019-10-05,7,NYCC,10.0,19.0,1
2019,10,5,23,Oct,2871,2453,487,12.4,0.0,2019-10-5,2019-10-05,7,NYCC,10.0,19.0,0
2019,10,12,14,Oct,1609,1712,322,18.4,0.0,2019-10-12,2019-10-12,7,,,,0
2019,10,14,3,Oct,382,219,29,14.8,0.04,2019-10-14,2019-10-14,2,,,,0
2019,10,14,4,Oct,406,312,48,14.4,0.0,2019-10-14,2019-10-14,2,,,,0
2019,10,14,23,Oct,1381,850,169,13.8,0.0,2019-10-14,2019-10-14,2,,,,0
2019,10,16,10,Oct,1247,1345,245,16.9,0.14,2019-10-16,2019-10-16,4,,,,0
2019,10,16,16,Oct,1742,1896,452,17.0,1.94,2019-10-16,2019-10-16,4,,,,0
2019,10,19,20,Oct,2208,2357,391,11.8,0.0,2019-10-19,2019-10-19,7,,,,0
2019,10,20,15,Oct,2264,2240,554,13.9,1.8,2019-10-20,2019-10-20,1,,,,0
2019,10,21,19,Oct,1767,1783,297,13.1,0.0,2019-10-21,2019-10-21,2,,,,0
2019,10,23,20,Oct,2118,1881,345,12.3,0.0,2019-10-23,2019-10-23,4,,,,0
2019,10,24,11,Oct,1124,1071,191,14.7,0.0,2019-10-24,2019-10-24,5,,,,0
2019,10,28,13,Oct,1008,1025,187,17.4,0.0,2019-10-28,2019-10-28,2,,,,0
2019,10,28,19,Oct,1597,1689,303,13.9,0.0,2019-10-28,2019-10-28,2,,,,0
2019,10,29,21,Oct,2224,1653,292,14.2,0.1,2019-10-29,2019-10-29,3,,,,0
2019,10,31,5,Oct,503,603,70,15.7,0.72,2019-10-31,2019-10-31,5,,,,0
2019,10,2,10,Oct,1164,1119,200,26.2,0.0,2019-10-2,2019-10-02,4,,,,0
2019,10,3,17,Oct,2173,2296,497,14.7,0.2,2019-10-3,2019-10-03,5,NYCC,10.0,19.0,1
2019,10,4,0,Oct,1288,942,164,14.8,0.14,2019-10-4,2019-10-04,6,NYCC,10.0,19.0,0
2019,10,6,18,Oct,2068,1909,435,20.6,0.0,2019-10-6,2019-10-06,1,NYCC,10.0,17.0,0
2019,10,6,20,Oct,1560,1420,267,19.3,0.0,2019-10-6,2019-10-06,1,NYCC,10.0,17.0,0
2019,10,7,0,Oct,745,474,84,19.3,0.0,2019-10-7,2019-10-07,2,,,,0
2019,10,13,5,Oct,501,416,40,11.5,0.0,2019-10-13,2019-10-13,1,,,,0
2019,10,14,21,Oct,1592,1426,251,15.2,0.0,2019-10-14,2019-10-14,2,,,,0
2019,10,17,4,Oct,267,218,25,10.2,0.0,2019-10-17,2019-10-17,5,,,,0
2019,10,19,15,Oct,1652,1822,281,15.1,0.0,2019-10-19,2019-10-19,7,,,,0
2019,10,20,13,Oct,2131,2191,416,14.6,1.16,2019-10-20,2019-10-20,1,,,,0
2019,10,22,4,Oct,252,219,19,11.3,0.0,2019-10-22,2019-10-22,3,,,,0
2019,10,22,14,Oct,1108,1095,191,16.1,0.0,2019-10-22,2019-10-22,3,,,,0
2019,10,22,20,Oct,2443,2319,530,14.7,0.6,2019-10-22,2019-10-22,3,,,,0
2019,10,23,9,Oct,1469,1488,344,14.1,0.0,2019-10-23,2019-10-23,4,,,,0
2019,10,24,0,Oct,1046,699,155,10.7,0.0,2019-10-24,2019-10-24,5,,,,0
2019,10,24,16,Oct,1517,1524,305,16.8,0.0,2019-10-24,2019-10-24,5,,,,0
2019,10,30,4,Oct,290,255,32,14.0,0.0,2019-10-30,2019-10-30,4,,,,0
2019,10,6,14,Oct,1780,1673,334,19.8,0.1,2019-10-6,2019-10-06,1,NYCC,10.0,17.0,1
2019,10,7,2,Oct,311,181,34,19.5,0.1,2019-10-7,2019-10-07,2,,,,0
2019,10,7,16,Oct,1296,1311,228,24.3,0.0,2019-10-7,2019-10-07,2,,,,0
2019,10,7,20,Oct,2135,2361,508,18.6,1.02,2019-10-7,2019-10-07,2,,,,0
2019,10,9,13,Oct,1600,1550,382,12.5,2.28,2019-10-9,2019-10-09,4,,,,0
2019,10,10,8,Oct,1905,1614,316,12.3,0.0,2019-10-10,2019-10-10,5,,,,0
2019,10,13,12,Oct,1749,1996,392,16.0,0.0,2019-10-13,2019-10-13,1,,,,0
2019,10,13,14,Oct,1674,1818,350,17.0,0.0,2019-10-13,2019-10-13,1,,,,0
2019,10,15,19,Oct,1964,1942,343,13.5,0.0,2019-10-15,2019-10-15,3,,,,0
2019,10,15,23,Oct,1743,1166,212,12.6,0.0,2019-10-15,2019-10-15,3,,,,0
2019,10,19,17,Oct,2260,2570,440,15.1,0.0,2019-10-19,2019-10-19,7,,,,0
2019,10,21,0,Oct,668,525,101,11.3,0.96,2019-10-21,2019-10-21,2,,,,0
2019,10,21,23,Oct,1290,913,158,10.5,0.0,2019-10-21,2019-10-21,2,,,,0
2019,10,26,2,Oct,1813,1047,214,12.3,0.0,2019-10-26,2019-10-26,7,,,,0
2019,10,27,8,Oct,906,1179,185,14.0,1.44,2019-10-27,2019-10-27,1,,,,0
2019,10,29,16,Oct,1486,1739,303,15.8,0.2,2019-10-29,2019-10-29,3,,,,0
2019,10,30,18,Oct,2115,2162,405,16.3,0.0,2019-10-30,2019-10-30,4,,,,0
2019,10,31,17,Oct,1967,1864,377,20.2,0.96,2019-10-31,2019-10-31,5,,,,0
2019,10,31,21,Oct,1999,2271,423,20.2,0.0,2019-10-31,2019-10-31,5,,,,0
2019,10,1,23,Oct,1116,980,175,23.1,0.0,2019-10-1,2019-10-01,3,,,,0
2019,10,3,4,Oct,331,251,30,14.7,0.0,2019-10-3,2019-10-03,5,NYCC,10.0,19.0,0
2019,10,3,16,Oct,1720,1901,457,14.2,0.24,2019-10-3,2019-10-03,5,NYCC,10.0,19.0,1
2019,10,5,2,Oct,1479,923,178,9.2,0.0,2019-10-5,2019-10-05,7,NYCC,10.0,19.0,0
2019,10,6,7,Oct,502,744,74,16.3,0.0,2019-10-6,2019-10-06,1,NYCC,10.0,17.0,0
2019,10,6,19,Oct,1748,1868,364,20.1,0.0,2019-10-6,2019-10-06,1,NYCC,10.0,17.0,0
2019,10,7,14,Oct,1141,1041,178,24.1,0.0,2019-10-7,2019-10-07,2,,,,0
2019,10,8,5,Oct,402,435,40,14.8,0.0,2019-10-8,2019-10-08,3,,,,0
2019,10,9,19,Oct,1960,1781,363,12.4,0.1,2019-10-9,2019-10-09,4,,,,0
2019,10,11,11,Oct,1222,1304,250,15.6,0.0,2019-10-11,2019-10-11,6,,,,0
2019,10,11,23,Oct,2924,2213,486,14.2,0.0,2019-10-11,2019-10-11,6,,,,0
2019,10,12,5,Oct,380,503,46,11.3,0.0,2019-10-12,2019-10-12,7,,,,0
2019,10,12,12,Oct,1618,2082,334,16.2,0.0,2019-10-12,2019-10-12,7,,,,0
2019,10,12,13,Oct,1793,1823,321,17.2,0.0,2019-10-12,2019-10-12,7,,,,0
2019,10,15,15,Oct,1305,1242,234,16.6,0.0,2019-10-15,2019-10-15,3,,,,0
2019,10,16,18,Oct,2314,2730,918,16.3,3.82,2019-10-16,2019-10-16,4,,,,0
2019,10,17,12,Oct,1171,1229,236,13.1,0.0,2019-10-17,2019-10-17,5,,,,0
2019,10,17,22,Oct,2663,1917,343,12.5,0.0,2019-10-17,2019-10-17,5,,,,0
2019,10,18,9,Oct,1588,1524,351,11.0,0.0,2019-10-18,2019-10-18,6,,,,0
2019,10,18,20,Oct,2249,2294,409,9.2,0.0,2019-10-18,2019-10-18,6,,,,0
2019,10,20,21,Oct,1721,1434,266,12.4,0.54,2019-10-20,2019-10-20,1,,,,0
2019,10,23,8,Oct,1767,1710,353,13.1,0.0,2019-10-23,2019-10-23,4,,,,0
2019,10,23,14,Oct,1263,1194,212,17.8,0.0,2019-10-23,2019-10-23,4,,,,0
2019,10,23,19,Oct,2066,1985,395,13.3,0.0,2019-10-23,2019-10-23,4,,,,0
2019,10,25,23,Oct,2567,2436,446,13.4,0.0,2019-10-25,2019-10-25,6,,,,0
2019,10,28,2,Oct,314,190,32,12.6,0.0,2019-10-28,2019-10-28,2,,,,0
2019,10,28,10,Oct,1172,1080,225,14.8,0.0,2019-10-28,2019-10-28,2,,,,0
2019,10,29,15,Oct,1390,1423,238,15.8,0.1,2019-10-29,2019-10-29,3,,,,0
2019,10,30,14,Oct,1163,1163,204,17.8,0.14,2019-10-30,2019-10-30,4,,,,0
2019,10,1,1,Oct,300,279,32,17.4,0.0,2019-10-1,2019-10-01,3,,,,0
2019,10,1,19,Oct,1855,1669,368,22.5,0.0,2019-10-1,2019-10-01,3,,,,0
2019,10,4,11,Oct,1142,1440,247,18.4,0.0,2019-10-4,2019-10-04,6,NYCC,10.0,19.0,1
2019,10,6,12,Oct,1675,1897,361,18.5,0.3,2019-10-6,2019-10-06,1,NYCC,10.0,17.0,1
2019,10,7,11,Oct,1066,982,201,23.2,0.0,2019-10-7,2019-10-07,2,,,,0
2019,10,7,23,Oct,1106,956,178,15.6,1.2,2019-10-7,2019-10-07,2,,,,0
2019,10,8,22,Oct,1456,1362,175,15.0,0.0,2019-10-8,2019-10-08,3,,,,0
2019,10,9,4,Oct,221,216,26,13.9,0.0,2019-10-9,2019-10-09,4,,,,0
2019,10,9,14,Oct,1416,1414,283,13.0,0.94,2019-10-9,2019-10-09,4,,,,0
2019,10,15,21,Oct,1988,1790,275,12.8,0.0,2019-10-15,2019-10-15,3,,,,0
2019,10,16,6,Oct,878,929,122,12.7,0.0,2019-10-16,2019-10-16,4,,,,0
2019,10,17,19,Oct,2499,2300,505,12.4,0.0,2019-10-17,2019-10-17,5,,,,0
2019,10,18,16,Oct,1458,1583,289,14.3,0.0,2019-10-18,2019-10-18,6,,,,0
2019,10,22,23,Oct,1594,1154,217,16.6,2.24,2019-10-22,2019-10-22,3,,,,0
2019,10,23,6,Oct,859,777,114,14.8,0.0,2019-10-23,2019-10-23,4,,,,0
2019,10,25,1,Oct,924,556,83,10.3,0.0,2019-10-25,2019-10-25,6,,,,0
2019,10,25,4,Oct,435,333,44,9.8,0.0,2019-10-25,2019-10-25,6,,,,0
2019,10,27,2,Oct,2455,1430,322,12.8,0.06,2019-10-27,2019-10-27,1,,,,0
2019,10,28,6,Oct,861,903,125,11.2,0.0,2019-10-28,2019-10-28,2,,,,0
2019,10,31,2,Oct,569,299,81,15.9,0.34,2019-10-31,2019-10-31,5,,,,0
2019,10,2,11,Oct,1135,1136,198,28.1,0.0,2019-10-2,2019-10-02,4,,,,0
2019,10,2,16,Oct,1500,1608,303,31.2,0.0,2019-10-2,2019-10-02,4,,,,0
2019,10,5,11,Oct,1472,1738,334,11.7,0.0,2019-10-5,2019-10-05,7,NYCC,10.0,19.0,1
2019,10,6,3,Oct,3204,1694,423,15.5,0.0,2019-10-6,2019-10-06,1,NYCC,10.0,17.0,0
2019,10,6,22,Oct,1548,1107,239,19.0,0.1,2019-10-6,2019-10-06,1,NYCC,10.0,17.0,0
2019,10,7,12,Oct,1088,1001,205,24.7,0.0,2019-10-7,2019-10-07,2,,,,0
2019,10,8,3,Oct,191,136,23,14.9,0.3,2019-10-8,2019-10-08,3,,,,0
2019,10,8,4,Oct,269,241,31,14.8,0.04,2019-10-8,2019-10-08,3,,,,0
2019,10,9,22,Oct,1673,1398,226,11.7,0.1,2019-10-9,2019-10-09,4,,,,0
2019,10,10,13,Oct,1096,1103,181,18.6,0.0,2019-10-10,2019-10-10,5,,,,0
2019,10,11,22,Oct,2863,2223,488,15.0,0.0,2019-10-11,2019-10-11,6,,,,0
2019,10,14,1,Oct,708,462,92,14.7,0.0,2019-10-14,2019-10-14,2,,,,0
2019,10,17,5,Oct,448,485,54,10.1,0.0,2019-10-17,2019-10-17,5,,,,0
2019,10,17,9,Oct,1693,1582,418,11.6,0.04,2019-10-17,2019-10-17,5,,,,0
2019,10,17,10,Oct,1311,1308,256,12.3,0.1,2019-10-17,2019-10-17,5,,,,0
2019,10,18,5,Oct,506,507,39,9.4,0.0,2019-10-18,2019-10-18,6,,,,0
2019,10,20,8,Oct,776,969,111,9.9,0.0,2019-10-20,2019-10-20,1,,,,0
2019,10,20,20,Oct,1605,1663,303,12.6,0.24,2019-10-20,2019-10-20,1,,,,0
2019,10,21,18,Oct,2023,1872,361,14.6,0.0,2019-10-21,2019-10-21,2,,,,0
2019,10,23,16,Oct,1360,1458,308,17.3,0.0,2019-10-23,2019-10-23,4,,,,0
2019,10,23,23,Oct,1631,1168,213,11.4,0.0,2019-10-23,2019-10-23,4,,,,0
2019,10,25,5,Oct,482,469,40,10.0,0.0,2019-10-25,2019-10-25,6,,,,0
2019,10,26,10,Oct,1319,1611,238,13.5,0.0,2019-10-26,2019-10-26,7,,,,0
2019,10,26,16,Oct,2038,1983,385,16.2,0.0,2019-10-26,2019-10-26,7,,,,0
2019,10,27,18,Oct,2003,2135,352,18.8,0.0,2019-10-27,2019-10-27,1,,,,0
2019,10,28,5,Oct,484,600,37,11.5,0.0,2019-10-28,2019-10-28,2,,,,0
2019,10,28,18,Oct,1966,1967,369,14.4,0.0,2019-10-28,2019-10-28,2,,,,0
2019,10,29,14,Oct,1213,1258,251,15.5,0.2,2019-10-29,2019-10-29,3,,,,0
2019,10,2,2,Oct,367,191,35,22.2,0.0,2019-10-2,2019-10-02,4,,,,0
2019,10,2,6,Oct,805,813,109,21.3,0.0,2019-10-2,2019-10-02,4,,,,0
2019,10,3,23,Oct,1925,1469,249,14.2,0.3,2019-10-3,2019-10-03,5,NYCC,10.0,19.0,0
2019,10,4,14,Oct,1411,1395,273,17.5,0.0,2019-10-4,2019-10-04,6,NYCC,10.0,19.0,1
2019,10,5,10,Oct,1304,1957,338,10.4,0.0,2019-10-5,2019-10-05,7,NYCC,10.0,19.0,1
2019,10,10,21,Oct,2731,2179,392,16.9,0.0,2019-10-10,2019-10-10,5,,,,0
2019,10,11,19,Oct,2431,2537,503,15.0,0.0,2019-10-11,2019-10-11,6,,,,0
2019,10,13,9,Oct,1015,1470,203,12.9,0.0,2019-10-13,2019-10-13,1,,,,0
2019,10,14,6,Oct,736,851,95,13.9,0.0,2019-10-14,2019-10-14,2,,,,0
2019,10,14,22,Oct,1443,1200,192,14.1,0.0,2019-10-14,2019-10-14,2,,,,0
2019,10,20,10,Oct,1412,1727,267,13.0,0.0,2019-10-20,2019-10-20,1,,,,0
2019,10,20,17,Oct,2384,2159,507,13.1,1.7,2019-10-20,2019-10-20,1,,,,0
2019,10,22,12,Oct,1009,1114,185,15.4,0.14,2019-10-22,2019-10-22,3,,,,0
2019,10,22,21,Oct,2476,2037,427,15.1,1.32,2019-10-22,2019-10-22,3,,,,0
2019,10,22,22,Oct,2270,1798,408,15.7,0.92,2019-10-22,2019-10-22,3,,,,0
2019,10,24,7,Oct,1443,1285,217,6.7,0.0,2019-10-24,2019-10-24,5,,,,0
2019,10,24,17,Oct,1819,2155,387,15.7,0.0,2019-10-24,2019-10-24,5,,,,0
2019,10,26,11,Oct,1512,1732,307,14.8,0.0,2019-10-26,2019-10-26,7,,,,0
2019,10,27,5,Oct,645,643,62,13.8,0.0,2019-10-27,2019-10-27,1,,,,0
2019,10,28,1,Oct,431,301,59,12.9,0.0,2019-10-28,2019-10-28,2,,,,0
2019,10,31,23,Oct,2574,2414,487,20.8,0.0,2019-10-31,2019-10-31,5,,,,0
2019,10,2,23,Oct,1366,1188,197,17.4,0.04,2019-10-2,2019-10-02,4,,,,0
2019,10,3,5,Oct,437,547,62,14.5,0.04,2019-10-3,2019-10-03,5,NYCC,10.0,19.0,0
2019,10,3,8,Oct,2230,2054,584,12.8,0.7,2019-10-3,2019-10-03,5,NYCC,10.0,19.0,0
2019,10,3,22,Oct,2351,1937,404,14.2,0.36,2019-10-3,2019-10-03,5,NYCC,10.0,19.0,0
2019,10,4,17,Oct,2038,2028,416,15.6,0.0,2019-10-4,2019-10-04,6,NYCC,10.0,19.0,1
2019,10,4,20,Oct,2521,2361,531,12.3,0.0,2019-10-4,2019-10-04,6,NYCC,10.0,19.0,0
2019,10,5,14,Oct,1618,1734,301,14.0,0.0,2019-10-5,2019-10-05,7,NYCC,10.0,19.0,1
2019,10,6,13,Oct,1707,1710,339,19.3,0.1,2019-10-6,2019-10-06,1,NYCC,10.0,17.0,1
2019,10,8,15,Oct,1254,1247,220,18.2,0.0,2019-10-8,2019-10-08,3,,,,0
2019,10,9,7,Oct,1104,877,156,13.5,0.0,2019-10-9,2019-10-09,4,,,,0
2019,10,9,18,Oct,1663,1547,367,12.8,0.1,2019-10-9,2019-10-09,4,,,,0
2019,10,10,17,Oct,2059,2080,430,19.3,0.0,2019-10-10,2019-10-10,5,,,,0
2019,10,10,18,Oct,2395,2509,481,17.5,0.0,2019-10-10,2019-10-10,5,,,,0
2019,10,12,9,Oct,1233,1519,254,13.5,0.0,2019-10-12,2019-10-12,7,,,,0
2019,10,12,16,Oct,2180,2176,431,19.8,0.0,2019-10-12,2019-10-12,7,,,,0
2019,10,14,5,Oct,459,486,44,13.2,0.0,2019-10-14,2019-10-14,2,,,,0
2019,10,15,11,Oct,1152,1098,214,14.4,0.0,2019-10-15,2019-10-15,3,,,,0
2019,10,17,7,Oct,1479,1460,259,10.6,0.0,2019-10-17,2019-10-17,5,,,,0
2019,10,17,17,Oct,2116,2074,457,13.3,0.0,2019-10-17,2019-10-17,5,,,,0
2019,10,20,5,Oct,530,464,47,9.4,0.0,2019-10-20,2019-10-20,1,,,,0
2019,10,23,7,Oct,1366,1271,193,13.4,0.0,2019-10-23,2019-10-23,4,,,,0
2019,10,23,10,Oct,1154,1190,215,15.4,0.0,2019-10-23,2019-10-23,4,,,,0
2019,10,26,4,Oct,941,581,95,11.2,0.0,2019-10-26,2019-10-26,7,,,,0
2019,10,26,6,Oct,502,735,89,10.4,0.0,2019-10-26,2019-10-26,7,,,,0
2019,10,27,1,Oct,2601,1906,361,12.9,0.3,2019-10-27,2019-10-27,1,,,,0
2019,10,1,5,Oct,363,418,39,17.4,0.0,2019-10-1,2019-10-01,3,,,,0
2019,10,1,14,Oct,1085,1032,209,25.6,0.0,2019-10-1,2019-10-01,3,,,,0
2019,10,5,22,Oct,2620,2519,453,11.5,0.0,2019-10-5,2019-10-05,7,NYCC,10.0,19.0,0
2019,10,7,9,Oct,1480,1416,301,21.2,0.18,2019-10-7,2019-10-07,2,,,,0
2019,10,9,12,Oct,1647,1609,454,12.2,3.86,2019-10-9,2019-10-09,4,,,,0
2019,10,9,17,Oct,1815,1678,321,13.1,0.1,2019-10-9,2019-10-09,4,,,,0
2019,10,12,7,Oct,560,966,101,11.1,0.0,2019-10-12,2019-10-12,7,,,,0
2019,10,13,1,Oct,2117,1546,303,13.7,0.0,2019-10-13,2019-10-13,1,,,,0
2019,10,14,11,Oct,1127,1208,222,17.9,0.0,2019-10-14,2019-10-14,2,,,,0
2019,10,14,14,Oct,1228,1214,235,21.1,0.0,2019-10-14,2019-10-14,2,,,,0
2019,10,14,20,Oct,1591,1616,256,16.2,0.0,2019-10-14,2019-10-14,2,,,,0
2019,10,16,1,Oct,619,359,82,12.0,0.0,2019-10-16,2019-10-16,4,,,,0
2019,10,17,15,Oct,1514,1433,266,12.8,0.0,2019-10-17,2019-10-17,5,,,,0
2019,10,17,21,Oct,2586,1979,386,12.5,0.0,2019-10-17,2019-10-17,5,,,,0
2019,10,18,0,Oct,1448,1106,166,11.9,0.0,2019-10-18,2019-10-18,6,,,,0
2019,10,19,2,Oct,1429,946,178,7.3,0.0,2019-10-19,2019-10-19,7,,,,0
2019,10,20,7,Oct,529,668,61,7.3,0.0,2019-10-20,2019-10-20,1,,,,0
2019,10,20,18,Oct,2338,2299,454,12.7,1.08,2019-10-20,2019-10-20,1,,,,0
2019,10,22,6,Oct,816,844,105,11.6,0.0,2019-10-22,2019-10-22,3,,,,0
2019,10,23,17,Oct,1906,1945,420,16.4,0.0,2019-10-23,2019-10-23,4,,,,0
2019,10,26,15,Oct,1724,1864,276,16.4,0.0,2019-10-26,2019-10-26,7,,,,0
2019,10,26,23,Oct,2869,2949,583,13.3,0.0,2019-10-26,2019-10-26,7,,,,0
2019,10,27,22,Oct,1405,1143,167,13.8,0.0,2019-10-27,2019-10-27,1,,,,0
2019,10,28,21,Oct,1914,1413,255,13.7,0.0,2019-10-28,2019-10-28,2,,,,0
2019,10,29,13,Oct,1190,1141,222,15.1,0.24,2019-10-29,2019-10-29,3,,,,0
2019,10,30,16,Oct,1438,1451,238,17.7,0.1,2019-10-30,2019-10-30,4,,,,0
2019,10,1,22,Oct,1551,1340,225,23.4,0.0,2019-10-1,2019-10-01,3,,,,0
2019,10,2,13,Oct,1203,1169,253,31.3,0.0,2019-10-2,2019-10-02,4,,,,0
2019,10,4,4,Oct,412,289,29,15.3,0.14,2019-10-4,2019-10-04,6,NYCC,10.0,19.0,0
2019,10,8,18,Oct,1844,1705,354,17.1,0.0,2019-10-8,2019-10-08,3,,,,0
2019,10,9,21,Oct,2011,1766,313,11.7,0.0,2019-10-9,2019-10-09,4,,,,0
2019,10,11,15,Oct,1373,1304,252,15.7,0.0,2019-10-11,2019-10-11,6,,,,0
2019,10,12,6,Oct,427,811,78,11.3,0.0,2019-10-12,2019-10-12,7,,,,0
2019,10,12,8,Oct,932,1285,133,12.8,0.0,2019-10-12,2019-10-12,7,,,,0
2019,10,12,11,Oct,1619,2127,370,15.4,0.0,2019-10-12,2019-10-12,7,,,,0
2019,10,12,20,Oct,2149,2242,399,15.9,0.0,2019-10-12,2019-10-12,7,,,,0
2019,10,13,7,Oct,453,777,70,10.3,0.0,2019-10-13,2019-10-13,1,,,,0
2019,10,13,13,Oct,1593,1815,277,16.6,0.0,2019-10-13,2019-10-13,1,,,,0
2019,10,14,10,Oct,1154,1255,193,16.3,0.0,2019-10-14,2019-10-14,2,,,,0
2019,10,15,13,Oct,1101,1039,214,15.8,0.0,2019-10-15,2019-10-15,3,,,,0
2019,10,16,12,Oct,1141,1083,233,18.5,0.32,2019-10-16,2019-10-16,4,,,,0
2019,10,18,12,Oct,1289,1343,246,13.3,0.0,2019-10-18,2019-10-18,6,,,,0
2019,10,18,21,Oct,2486,2321,418,8.3,0.0,2019-10-18,2019-10-18,6,,,,0
2019,10,20,6,Oct,420,553,70,6.9,0.0,2019-10-20,2019-10-20,1,,,,0
2019,10,20,23,Oct,1124,839,162,11.7,0.32,2019-10-20,2019-10-20,1,,,,0
2019,10,25,0,Oct,1548,944,180,11.0,0.0,2019-10-25,2019-10-25,6,,,,0
2019,10,25,8,Oct,1714,1591,295,9.9,0.0,2019-10-25,2019-10-25,6,,,,0
2019,10,27,10,Oct,1810,2285,469,15.2,1.34,2019-10-27,2019-10-27,1,,,,0
2019,10,28,0,Oct,771,481,85,13.4,0.0,2019-10-28,2019-10-28,2,,,,0
2019,10,29,3,Oct,206,151,20,13.0,0.04,2019-10-29,2019-10-29,3,,,,0
2019,10,30,23,Oct,1687,1119,219,15.9,0.1,2019-10-30,2019-10-30,4,,,,0
2019,10,1,12,Oct,1014,927,163,23.7,0.0,2019-10-1,2019-10-01,3,,,,0
2019,10,1,21,Oct,1846,1504,260,23.3,0.0,2019-10-1,2019-10-01,3,,,,0
2019,10,2,15,Oct,1443,1481,273,31.6,0.04,2019-10-2,2019-10-02,4,,,,0
2019,10,2,19,Oct,2316,2143,516,24.4,0.06,2019-10-2,2019-10-02,4,,,,0
2019,10,3,6,Oct,977,970,199,14.2,0.14,2019-10-3,2019-10-03,5,NYCC,10.0,19.0,0
2019,10,5,0,Oct,2206,1817,358,10.1,0.0,2019-10-5,2019-10-05,7,NYCC,10.0,19.0,0
2019,10,6,11,Oct,1640,2029,332,18.3,0.1,2019-10-6,2019-10-06,1,NYCC,10.0,17.0,1
2019,10,6,15,Oct,1754,1605,318,19.8,0.06,2019-10-6,2019-10-06,1,NYCC,10.0,17.0,1
2019,10,8,12,Oct,988,984,174,16.4,0.0,2019-10-8,2019-10-08,3,,,,0
2019,10,9,6,Oct,748,674,94,13.5,0.28,2019-10-9,2019-10-09,4,,,,0
2019,10,10,20,Oct,2404,2094,419,17.0,0.0,2019-10-10,2019-10-10,5,,,,0
2019,10,10,22,Oct,2529,1853,419,16.3,0.0,2019-10-10,2019-10-10,5,,,,0
2019,10,11,12,Oct,1367,1349,272,16.2,0.0,2019-10-11,2019-10-11,6,,,,0
2019,10,12,18,Oct,2358,2657,548,18.1,0.0,2019-10-12,2019-10-12,7,,,,0
2019,10,13,21,Oct,1962,1480,295,14.2,0.0,2019-10-13,2019-10-13,1,,,,0
2019,10,14,16,Oct,1329,1497,259,22.2,0.0,2019-10-14,2019-10-14,2,,,,0
2019,10,15,12,Oct,1108,1053,195,15.2,0.0,2019-10-15,2019-10-15,3,,,,0
2019,10,19,22,Oct,2639,2321,420,10.6,0.0,2019-10-19,2019-10-19,7,,,,0
2019,10,19,23,Oct,2924,2544,508,9.8,0.0,2019-10-19,2019-10-19,7,,,,0
2019,10,22,5,Oct,396,499,47,11.8,0.0,2019-10-22,2019-10-22,3,,,,0
2019,10,24,13,Oct,1119,1124,196,17.6,0.0,2019-10-24,2019-10-24,5,,,,0
2019,10,24,20,Oct,2434,2131,410,13.1,0.0,2019-10-24,2019-10-24,5,,,,0
2019,10,28,14,Oct,1113,1091,186,17.3,0.0,2019-10-28,2019-10-28,2,,,,0
2019,10,1,0,Oct,541,495,80,17.6,0.18,2019-10-1,2019-10-01,3,,,,0
2019,10,1,9,Oct,1368,1308,304,18.3,0.0,2019-10-1,2019-10-01,3,,,,0
2019,10,2,0,Oct,757,573,93,22.8,0.0,2019-10-2,2019-10-02,4,,,,0
2019,10,3,7,Oct,1599,1617,354,14.0,0.38,2019-10-3,2019-10-03,5,NYCC,10.0,19.0,0
2019,10,3,14,Oct,1474,1450,288,13.8,0.64,2019-10-3,2019-10-03,5,NYCC,10.0,19.0,1
2019,10,5,1,Oct,1950,1351,280,9.6,0.0,2019-10-5,2019-10-05,7,NYCC,10.0,19.0,0
2019,10,5,3,Oct,1195,634,133,8.8,0.0,2019-10-5,2019-10-05,7,NYCC,10.0,19.0,0
2019,10,7,7,Oct,1375,1310,200,19.8,0.0,2019-10-7,2019-10-07,2,,,,0
2019,10,7,15,Oct,1263,1178,248,24.8,0.0,2019-10-7,2019-10-07,2,,,,0
2019,10,8,19,Oct,1713,1488,333,16.5,0.0,2019-10-8,2019-10-08,3,,,,0
2019,10,11,4,Oct,442,325,41,12.8,0.0,2019-10-11,2019-10-11,6,,,,0
2019,10,15,22,Oct,1777,1516,246,12.7,0.0,2019-10-15,2019-10-15,3,,,,0
2019,10,16,7,Oct,1462,1385,230,13.3,0.0,2019-10-16,2019-10-16,4,,,,0
2019,10,16,13,Oct,1300,1063,242,18.1,0.1,2019-10-16,2019-10-16,4,,,,0
2019,10,17,18,Oct,2373,2389,562,12.9,0.0,2019-10-17,2019-10-17,5,,,,0
2019,10,19,4,Oct,796,399,69,6.4,0.0,2019-10-19,2019-10-19,7,,,,0
2019,10,20,11,Oct,1641,1897,265,14.3,0.0,2019-10-20,2019-10-20,1,,,,0
2019,10,21,11,Oct,1017,1019,180,14.6,0.0,2019-10-21,2019-10-21,2,,,,0
2019,10,23,5,Oct,403,506,40,15.0,0.0,2019-10-23,2019-10-23,4,,,,0
2019,10,24,9,Oct,1492,1507,303,10.8,0.0,2019-10-24,2019-10-24,5,,,,0
2019,10,24,23,Oct,2242,1444,223,11.6,0.0,2019-10-24,2019-10-24,5,,,,0
2019,10,26,3,Oct,1643,760,268,11.6,0.0,2019-10-26,2019-10-26,7,,,,0
2019,10,26,17,Oct,2235,2421,489,15.7,0.0,2019-10-26,2019-10-26,7,,,,0
2019,10,26,20,Oct,2322,2576,398,13.3,0.0,2019-10-26,2019-10-26,7,,,,0
2019,10,27,19,Oct,1691,1605,277,17.8,0.0,2019-10-27,2019-10-27,1,,,,0
2019,10,27,23,Oct,1160,772,152,13.8,0.0,2019-10-27,2019-10-27,1,,,,0
2019,10,28,11,Oct,1071,1034,206,16.0,0.0,2019-10-28,2019-10-28,2,,,,0
2019,10,30,3,Oct,290,166,34,14.2,0.0,2019-10-30,2019-10-30,4,,,,0
2019,10,31,4,Oct,358,289,39,15.9,2.4,2019-10-31,2019-10-31,5,,,,0
2019,10,31,19,Oct,1991,1922,395,20.1,0.0,2019-10-31,2019-10-31,5,,,,0
2019,10,1,8,Oct,1633,1447,286,17.3,0.0,2019-10-1,2019-10-01,3,,,,0
2019,10,4,18,Oct,2294,2241,547,14.6,0.0,2019-10-4,2019-10-04,6,NYCC,10.0,19.0,1
2019,10,5,8,Oct,857,1482,207,8.1,0.0,2019-10-5,2019-10-05,7,NYCC,10.0,19.0,0
2019,10,7,13,Oct,1094,983,195,24.8,0.0,2019-10-7,2019-10-07,2,,,,0
2019,10,8,23,Oct,1116,975,161,14.8,0.0,2019-10-8,2019-10-08,3,,,,0
2019,10,9,11,Oct,1836,1744,436,12.2,2.56,2019-10-9,2019-10-09,4,,,,0
2019,10,10,6,Oct,876,934,121,11.5,0.0,2019-10-10,2019-10-10,5,,,,0
2019,10,11,8,Oct,1726,1521,299,12.1,0.0,2019-10-11,2019-10-11,6,,,,0
2019,10,12,2,Oct,1517,944,192,12.5,0.0,2019-10-12,2019-10-12,7,,,,0
2019,10,12,4,Oct,770,412,63,11.7,0.0,2019-10-12,2019-10-12,7,,,,0
2019,10,14,15,Oct,1293,1369,214,22.0,0.0,2019-10-14,2019-10-14,2,,,,0
2019,10,15,3,Oct,225,161,17,10.3,0.0,2019-10-15,2019-10-15,3,,,,0
2019,10,15,7,Oct,1349,1354,217,9.0,0.0,2019-10-15,2019-10-15,3,,,,0
2019,10,15,20,Oct,1983,1893,327,13.4,0.0,2019-10-15,2019-10-15,3,,,,0
2019,10,16,19,Oct,2860,3039,869,16.1,4.66,2019-10-16,2019-10-16,4,,,,0
2019,10,17,11,Oct,1270,1237,299,13.0,0.04,2019-10-17,2019-10-17,5,,,,0
2019,10,17,14,Oct,1445,1370,273,13.3,0.0,2019-10-17,2019-10-17,5,,,,0
2019,10,21,4,Oct,354,295,20,10.2,0.0,2019-10-21,2019-10-21,2,,,,0
2019,10,21,16,Oct,1304,1391,253,18.6,0.0,2019-10-21,2019-10-21,2,,,,0
2019,10,21,21,Oct,1773,1449,269,12.1,0.0,2019-10-21,2019-10-21,2,,,,0
2019,10,22,1,Oct,485,319,50,11.7,0.0,2019-10-22,2019-10-22,3,,,,0
2019,10,22,17,Oct,2107,2282,502,15.6,0.04,2019-10-22,2019-10-22,3,,,,0
2019,10,23,12,Oct,1112,1063,233,17.5,0.0,2019-10-23,2019-10-23,4,,,,0
2019,10,24,14,Oct,1281,1227,182,17.9,0.0,2019-10-24,2019-10-24,5,,,,0
2019,10,24,21,Oct,2795,1989,353,12.8,0.0,2019-10-24,2019-10-24,5,,,,0
2019,10,28,20,Oct,1640,1513,262,13.9,0.0,2019-10-28,2019-10-28,2,,,,0
2019,10,29,0,Oct,644,521,86,12.8,0.0,2019-10-29,2019-10-29,3,,,,0
2019,10,29,20,Oct,2036,1846,340,14.2,0.1,2019-10-29,2019-10-29,3,,,,0
2019,10,29,22,Oct,1952,1331,262,14.1,0.04,2019-10-29,2019-10-29,3,,,,0
2019,10,30,5,Oct,385,453,48,13.7,0.0,2019-10-30,2019-10-30,4,,,,0
2019,10,30,6,Oct,845,788,118,13.4,0.0,2019-10-30,2019-10-30,4,,,,0
2019,10,1,6,Oct,747,710,100,17.4,0.0,2019-10-1,2019-10-01,3,,,,0
2019,10,3,1,Oct,586,421,104,15.3,0.46,2019-10-3,2019-10-03,5,NYCC,10.0,19.0,0
2019,10,3,9,Oct,2057,2106,631,12.9,0.66,2019-10-3,2019-10-03,5,NYCC,10.0,19.0,0
2019,10,6,5,Oct,448,398,39,15.7,0.0,2019-10-6,2019-10-06,1,NYCC,10.0,17.0,0
2019,10,6,6,Oct,441,669,65,16.2,0.0,2019-10-6,2019-10-06,1,NYCC,10.0,17.0,0
2019,10,7,6,Oct,895,949,110,19.6,0.0,2019-10-7,2019-10-07,2,,,,0
2019,10,7,18,Oct,1916,1890,390,22.1,0.0,2019-10-7,2019-10-07,2,,,,0
2019,10,8,9,Oct,1546,1595,338,15.2,0.14,2019-10-8,2019-10-08,3,,,,0
2019,10,9,3,Oct,252,156,38,13.9,0.0,2019-10-9,2019-10-09,4,,,,0
2019,10,9,5,Oct,377,384,31,13.9,0.0,2019-10-9,2019-10-09,4,,,,0
2019,10,10,14,Oct,1129,1179,217,19.7,0.0,2019-10-10,2019-10-10,5,,,,0
2019,10,10,15,Oct,1412,1419,244,20.2,0.0,2019-10-10,2019-10-10,5,,,,0
2019,10,11,9,Oct,1545,1578,296,13.0,0.0,2019-10-11,2019-10-11,6,,,,0
2019,10,11,14,Oct,1411,1379,280,17.0,0.0,2019-10-11,2019-10-11,6,,,,0
2019,10,13,0,Oct,2565,2079,446,14.3,0.0,2019-10-13,2019-10-13,1,,,,0
2019,10,13,8,Oct,705,1183,117,11.6,0.0,2019-10-13,2019-10-13,1,,,,0
2019,10,15,10,Oct,1086,1038,203,13.2,0.0,2019-10-15,2019-10-15,3,,,,0
2019,10,20,0,Oct,2657,2164,453,8.5,0.0,2019-10-20,2019-10-20,1,,,,0
2019,10,21,5,Oct,478,574,40,10.0,0.0,2019-10-21,2019-10-21,2,,,,0
2019,10,21,6,Oct,885,930,136,9.8,0.0,2019-10-21,2019-10-21,2,,,,0
2019,10,21,17,Oct,1767,1871,304,17.8,0.0,2019-10-21,2019-10-21,2,,,,0
2019,10,23,22,Oct,2122,1522,296,11.5,0.0,2019-10-23,2019-10-23,4,,,,0
2019,10,27,0,Oct,2750,2460,478,13.2,0.2,2019-10-27,2019-10-27,1,,,,0
2019,10,28,23,Oct,1017,856,165,12.8,0.0,2019-10-28,2019-10-28,2,,,,0
2019,10,29,2,Oct,266,202,36,13.0,0.0,2019-10-29,2019-10-29,3,,,,0
2019,10,31,14,Oct,1232,1257,199,20.4,1.24,2019-10-31,2019-10-31,5,,,,0
2019,10,2,12,Oct,1152,1094,209,29.8,0.0,2019-10-2,2019-10-02,4,,,,0
2019,10,3,0,Oct,878,654,128,16.1,0.14,2019-10-3,2019-10-03,5,NYCC,10.0,19.0,0
2019,10,5,6,Oct,409,763,88,7.7,0.0,2019-10-5,2019-10-05,7,NYCC,10.0,19.0,0
2019,10,5,21,Oct,2202,2339,459,10.4,0.0,2019-10-5,2019-10-05,7,NYCC,10.0,19.0,0
2019,10,7,17,Oct,1822,1750,353,23.6,0.0,2019-10-7,2019-10-07,2,,,,0
2019,10,7,19,Oct,1837,1878,428,21.0,0.28,2019-10-7,2019-10-07,2,,,,0
2019,10,7,22,Oct,1918,1383,308,16.4,1.24,2019-10-7,2019-10-07,2,,,,0
2019,10,8,17,Oct,1735,1652,323,17.9,0.0,2019-10-8,2019-10-08,3,,,,0
2019,10,11,20,Oct,2282,2278,489,15.5,0.0,2019-10-11,2019-10-11,6,,,,0
2019,10,13,16,Oct,1751,1921,386,17.7,0.0,2019-10-13,2019-10-13,1,,,,0
2019,10,14,0,Oct,924,718,133,14.4,0.0,2019-10-14,2019-10-14,2,,,,0
2019,10,14,7,Oct,1043,1000,149,11.5,0.0,2019-10-14,2019-10-14,2,,,,0
2019,10,15,8,Oct,1751,1747,333,10.3,0.0,2019-10-15,2019-10-15,3,,,,0
2019,10,16,0,Oct,917,662,120,11.8,0.0,2019-10-16,2019-10-16,4,,,,0
2019,10,16,5,Oct,402,499,47,12.5,0.0,2019-10-16,2019-10-16,4,,,,0
2019,10,19,18,Oct,2503,2844,450,12.0,0.0,2019-10-19,2019-10-19,7,,,,0
2019,10,24,3,Oct,326,173,40,9.1,0.0,2019-10-24,2019-10-24,5,,,,0
2019,10,25,3,Oct,496,250,39,8.5,0.0,2019-10-25,2019-10-25,6,,,,0
2019,10,26,21,Oct,2739,2745,423,13.1,0.16,2019-10-26,2019-10-26,7,,,,0
2019,10,28,16,Oct,1278,1444,214,17.2,0.0,2019-10-28,2019-10-28,2,,,,0
2019,10,29,23,Oct,1339,945,162,14.3,0.1,2019-10-29,2019-10-29,3,,,,0
2019,10,31,7,Oct,1385,1321,236,16.5,0.2,2019-10-31,2019-10-31,5,,,,0
2019,10,31,9,Oct,1837,1709,447,19.3,1.86,2019-10-31,2019-10-31,5,,,,0
2019,10,2,5,Oct,393,457,45,21.6,0.0,2019-10-2,2019-10-02,4,,,,0
2019,10,3,20,Oct,2588,2087,435,14.5,0.4,2019-10-3,2019-10-03,5,NYCC,10.0,19.0,0
2019,10,5,4,Oct,741,414,100,8.5,0.0,2019-10-5,2019-10-05,7,NYCC,10.0,19.0,0
2019,10,7,8,Oct,1807,1605,306,20.5,0.0,2019-10-7,2019-10-07,2,,,,0
2019,10,8,13,Oct,1001,961,186,17.3,0.0,2019-10-8,2019-10-08,3,,,,0
2019,10,9,0,Oct,699,578,97,14.3,0.0,2019-10-9,2019-10-09,4,,,,0
2019,10,9,2,Oct,343,212,47,13.9,0.0,2019-10-9,2019-10-09,4,,,,0
2019,10,10,23,Oct,2134,1497,280,15.5,0.0,2019-10-10,2019-10-10,5,,,,0
2019,10,14,9,Oct,1354,1368,270,14.8,0.0,2019-10-14,2019-10-14,2,,,,0
2019,10,17,2,Oct,386,226,41,10.0,0.0,2019-10-17,2019-10-17,5,,,,0
2019,10,18,6,Oct,870,830,105,9.2,0.0,2019-10-18,2019-10-18,6,,,,0
2019,10,20,22,Oct,1444,1160,181,11.9,0.36,2019-10-20,2019-10-20,1,,,,0
2019,10,21,12,Oct,1068,997,164,16.1,0.0,2019-10-21,2019-10-21,2,,,,0
2019,10,22,19,Oct,2390,2398,536,15.7,0.2,2019-10-22,2019-10-22,3,,,,0
2019,10,26,5,Oct,460,580,66,10.8,0.0,2019-10-26,2019-10-26,7,,,,0
2019,10,26,18,Oct,2393,2740,479,14.5,0.0,2019-10-26,2019-10-26,7,,,,0
2019,10,28,3,Oct,190,139,30,12.2,0.0,2019-10-28,2019-10-28,2,,,,0
2019,10,30,1,Oct,482,364,60,14.3,0.0,2019-10-30,2019-10-30,4,,,,0
2019,10,30,10,Oct,1192,1136,210,15.2,0.0,2019-10-30,2019-10-30,4,,,,0
2019,10,30,11,Oct,1066,1041,176,16.0,0.0,2019-10-30,2019-10-30,4,,,,0
2019,10,31,10,Oct,1200,1219,246,19.5,3.88,2019-10-31,2019-10-31,5,,,,0
2019,10,31,13,Oct,1156,1088,217,20.6,0.1,2019-10-31,2019-10-31,5,,,,0
2019,10,31,15,Oct,1323,1331,250,20.4,0.34,2019-10-31,2019-10-31,5,,,,0
2019,10,2,22,Oct,2045,1506,254,19.5,0.26,2019-10-2,2019-10-02,4,,,,0
2019,10,3,21,Oct,2626,2085,386,14.2,0.82,2019-10-3,2019-10-03,5,NYCC,10.0,19.0,0
2019,10,4,19,Oct,2815,2578,614,13.4,0.0,2019-10-4,2019-10-04,6,NYCC,10.0,19.0,0
2019,10,11,1,Oct,1028,624,110,14.4,0.0,2019-10-11,2019-10-11,6,,,,0
2019,10,11,6,Oct,813,867,97,12.0,0.0,2019-10-11,2019-10-11,6,,,,0
2019,10,12,22,Oct,2615,2322,498,16.2,0.0,2019-10-12,2019-10-12,7,,,,0
2019,10,13,17,Oct,1987,1927,331,17.2,0.0,2019-10-13,2019-10-13,1,,,,0
2019,10,15,16,Oct,1340,1508,262,16.7,0.0,2019-10-15,2019-10-15,3,,,,0
2019,10,16,2,Oct,389,203,41,12.2,0.0,2019-10-16,2019-10-16,4,,,,0
2019,10,18,7,Oct,1396,1194,194,9.0,0.0,2019-10-18,2019-10-18,6,,,,0
2019,10,21,15,Oct,1300,1244,242,18.4,0.0,2019-10-21,2019-10-21,2,,,,0
2019,10,24,8,Oct,1828,1765,346,9.5,0.0,2019-10-24,2019-10-24,5,,,,0
2019,10,25,14,Oct,1458,1419,261,17.0,0.0,2019-10-25,2019-10-25,6,,,,0
2019,10,25,15,Oct,1445,1457,219,17.0,0.0,2019-10-25,2019-10-25,6,,,,0
2019,10,25,19,Oct,2503,2577,450,13.4,0.0,2019-10-25,2019-10-25,6,,,,0
2019,10,26,0,Oct,2287,2037,390,13.3,0.0,2019-10-26,2019-10-26,7,,,,0
2019,10,27,4,Oct,1407,758,167,13.7,0.0,2019-10-27,2019-10-27,1,,,,0
2019,10,27,9,Oct,1193,1661,266,14.5,0.94,2019-10-27,2019-10-27,1,,,,0
2019,10,27,15,Oct,1550,1817,296,19.2,0.36,2019-10-27,2019-10-27,1,,,,0
2019,10,27,17,Oct,1743,1761,309,20.4,0.0,2019-10-27,2019-10-27,1,,,,0
2019,10,1,3,Oct,176,132,27,16.6,0.0,2019-10-1,2019-10-01,3,,,,0
2019,10,1,11,Oct,1016,938,184,21.4,0.0,2019-10-1,2019-10-01,3,,,,0
2019,10,1,20,Oct,1747,1601,254,23.6,0.0,2019-10-1,2019-10-01,3,,,,0
2019,10,3,13,Oct,1321,1273,269,13.4,0.88,2019-10-3,2019-10-03,5,NYCC,10.0,19.0,1
2019,10,4,23,Oct,2883,2244,520,10.4,0.0,2019-10-4,2019-10-04,6,NYCC,10.0,19.0,0
2019,10,6,4,Oct,926,486,95,15.4,0.0,2019-10-6,2019-10-06,1,NYCC,10.0,17.0,0
2019,10,11,0,Oct,1441,992,160,15.0,0.0,2019-10-11,2019-10-11,6,,,,0
2019,10,12,0,Oct,2261,1887,383,13.8,0.0,2019-10-12,2019-10-12,7,,,,0
2019,10,14,2,Oct,552,289,63,14.8,0.04,2019-10-14,2019-10-14,2,,,,0
2019,10,15,17,Oct,1840,1767,349,16.2,0.0,2019-10-15,2019-10-15,3,,,,0
2019,10,17,6,Oct,916,903,125,9.9,0.0,2019-10-17,2019-10-17,5,,,,0
2019,10,18,13,Oct,1326,1338,236,14.7,0.0,2019-10-18,2019-10-18,6,,,,0
2019,10,19,1,Oct,1897,1403,238,7.6,0.0,2019-10-19,2019-10-19,7,,,,0
2019,10,19,7,Oct,645,1016,87,5.5,0.0,2019-10-19,2019-10-19,7,,,,0
2019,10,20,16,Oct,2368,2389,514,13.5,1.86,2019-10-20,2019-10-20,1,,,,0
2019,10,22,2,Oct,246,198,27,11.2,0.0,2019-10-22,2019-10-22,3,,,,0
2019,10,22,13,Oct,1052,971,186,15.8,0.1,2019-10-22,2019-10-22,3,,,,0
2019,10,25,6,Oct,856,848,113,10.0,0.0,2019-10-25,2019-10-25,6,,,,0
2019,10,26,13,Oct,1721,1743,317,16.0,0.0,2019-10-26,2019-10-26,7,,,,0
2019,10,30,7,Oct,1448,1218,259,13.0,0.0,2019-10-30,2019-10-30,4,,,,0
2019,10,31,1,Oct,805,514,108,15.8,0.3,2019-10-31,2019-10-31,5,,,,0
2019,10,2,1,Oct,449,353,50,22.4,0.0,2019-10-2,2019-10-02,4,,,,0
2019,10,4,9,Oct,1377,1817,363,16.6,0.0,2019-10-4,2019-10-04,6,NYCC,10.0,19.0,0
2019,10,5,13,Oct,1566,1705,333,13.5,0.0,2019-10-5,2019-10-05,7,NYCC,10.0,19.0,1
2019,10,6,23,Oct,1199,751,139,19.0,0.0,2019-10-6,2019-10-06,1,NYCC,10.0,17.0,0
2019,10,7,1,Oct,447,312,48,19.5,0.0,2019-10-7,2019-10-07,2,,,,0
2019,10,8,0,Oct,699,531,83,15.5,0.72,2019-10-8,2019-10-08,3,,,,0
2019,10,8,7,Oct,1399,1267,210,14.2,0.26,2019-10-8,2019-10-08,3,,,,0
2019,10,11,3,Oct,483,254,52,13.3,0.0,2019-10-11,2019-10-11,6,,,,0
2019,10,11,10,Oct,1270,1363,251,14.2,0.0,2019-10-11,2019-10-11,6,,,,0
2019,10,15,2,Oct,287,209,31,11.4,0.0,2019-10-15,2019-10-15,3,,,,0
2019,10,15,4,Oct,272,300,23,10.0,0.0,2019-10-15,2019-10-15,3,,,,0
2019,10,18,17,Oct,1765,1849,318,13.1,0.0,2019-10-18,2019-10-18,6,,,,0
2019,10,20,19,Oct,1955,1804,367,12.5,0.58,2019-10-20,2019-10-20,1,,,,0
2019,10,21,1,Oct,460,263,58,11.3,1.08,2019-10-21,2019-10-21,2,,,,0
2019,10,21,9,Oct,1403,1348,270,11.5,0.0,2019-10-21,2019-10-21,2,,,,0
2019,10,24,2,Oct,414,251,54,9.3,0.0,2019-10-24,2019-10-24,5,,,,0
2019,10,27,13,Oct,1998,2416,528,17.6,8.62,2019-10-27,2019-10-27,1,,,,0
2019,10,31,16,Oct,1328,1436,292,20.8,0.1,2019-10-31,2019-10-31,5,,,,0
2019,10,1,16,Oct,1183,1378,257,27.8,0.0,2019-10-1,2019-10-01,3,,,,0
2019,10,2,20,Oct,1965,1777,331,23.7,0.0,2019-10-2,2019-10-02,4,,,,0
2019,10,6,16,Oct,1978,1673,346,20.3,0.0,2019-10-6,2019-10-06,1,NYCC,10.0,17.0,1
2019,10,9,1,Oct,399,343,57,14.0,0.0,2019-10-9,2019-10-09,4,,,,0
2019,10,10,19,Oct,2341,2359,470,16.5,0.0,2019-10-10,2019-10-10,5,,,,0
2019,10,11,7,Oct,1327,1250,204,11.7,0.0,2019-10-11,2019-10-11,6,,,,0
2019,10,12,15,Oct,1769,1909,355,19.2,0.0,2019-10-12,2019-10-12,7,,,,0
2019,10,14,8,Oct,1435,1506,249,13.4,0.0,2019-10-14,2019-10-14,2,,,,0
2019,10,14,13,Oct,1174,1209,243,19.9,0.0,2019-10-14,2019-10-14,2,,,,0
2019,10,15,14,Oct,1235,1056,217,16.3,0.0,2019-10-15,2019-10-15,3,,,,0
2019,10,16,15,Oct,1539,1772,451,17.2,0.98,2019-10-16,2019-10-16,4,,,,0
2019,10,16,21,Oct,2559,2293,491,16.7,5.72,2019-10-16,2019-10-16,4,,,,0
2019,10,18,1,Oct,972,716,119,11.2,0.0,2019-10-18,2019-10-18,6,,,,0
2019,10,20,4,Oct,1003,464,89,10.2,0.0,2019-10-20,2019-10-20,1,,,,0
2019,10,22,0,Oct,934,553,98,11.2,0.0,2019-10-22,2019-10-22,3,,,,0
2019,10,22,3,Oct,198,165,19,11.7,0.0,2019-10-22,2019-10-22,3,,,,0
2019,10,23,3,Oct,220,160,20,16.3,0.0,2019-10-23,2019-10-23,4,,,,0
2019,10,24,10,Oct,1175,1086,230,12.8,0.0,2019-10-24,2019-10-24,5,,,,0
2019,10,24,22,Oct,2465,1826,306,12.2,0.0,2019-10-24,2019-10-24,5,,,,0
2019,10,26,22,Oct,3017,3161,521,13.2,0.0,2019-10-26,2019-10-26,7,,,,0
2019,10,28,8,Oct,1750,1591,308,12.4,0.0,2019-10-28,2019-10-28,2,,,,0
2019,10,30,2,Oct,345,219,42,14.3,0.0,2019-10-30,2019-10-30,4,,,,0
2019,10,4,3,Oct,412,217,50,15.0,0.1,2019-10-4,2019-10-04,6,NYCC,10.0,19.0,0
2019,10,5,17,Oct,2332,2399,500,13.6,0.0,2019-10-5,2019-10-05,7,NYCC,10.0,19.0,1
2019,10,9,9,Oct,1547,1588,306,13.6,0.74,2019-10-9,2019-10-09,4,,,,0
2019,10,9,20,Oct,1842,1747,277,12.1,0.1,2019-10-9,2019-10-09,4,,,,0
2019,10,10,1,Oct,461,360,62,11.2,0.2,2019-10-10,2019-10-10,5,,,,0
2019,10,10,12,Oct,1167,1023,187,17.6,0.0,2019-10-10,2019-10-10,5,,,,0
2019,10,12,10,Oct,1343,1702,272,14.4,0.0,2019-10-12,2019-10-12,7,,,,0
2019,10,12,17,Oct,2383,2429,484,20.1,0.0,2019-10-12,2019-10-12,7,,,,0
2019,10,13,4,Oct,900,571,80,12.2,0.0,2019-10-13,2019-10-13,1,,,,0
2019,10,14,17,Oct,1639,1655,346,21.0,0.0,2019-10-14,2019-10-14,2,,,,0
2019,10,16,4,Oct,309,228,23,12.6,0.0,2019-10-16,2019-10-16,4,,,,0
2019,10,17,1,Oct,612,422,69,10.0,0.06,2019-10-17,2019-10-17,5,,,,0
2019,10,17,16,Oct,1564,1661,355,13.8,0.0,2019-10-17,2019-10-17,5,,,,0
2019,10,18,4,Oct,520,294,29,9.8,0.0,2019-10-18,2019-10-18,6,,,,0
2019,10,19,9,Oct,1309,1600,219,8.6,0.0,2019-10-19,2019-10-19,7,,,,0
2019,10,22,8,Oct,1861,1645,320,12.4,0.0,2019-10-22,2019-10-22,3,,,,0
2019,10,23,0,Oct,845,687,110,17.0,1.72,2019-10-23,2019-10-23,4,,,,0
2019,10,24,4,Oct,324,252,33,8.7,0.0,2019-10-24,2019-10-24,5,,,,0
2019,10,24,12,Oct,1124,1098,212,16.3,0.0,2019-10-24,2019-10-24,5,,,,0
2019,10,24,19,Oct,2237,2192,429,13.4,0.0,2019-10-24,2019-10-24,5,,,,0
2019,10,25,10,Oct,1185,1235,221,12.8,0.0,2019-10-25,2019-10-25,6,,,,0
2019,10,29,18,Oct,2255,2348,471,14.7,0.1,2019-10-29,2019-10-29,3,,,,0
2019,10,30,22,Oct,2095,1654,262,15.9,0.1,2019-10-30,2019-10-30,4,,,,0
2019,10,1,7,Oct,1178,1023,168,17.2,0.0,2019-10-1,2019-10-01,3,,,,0
2019,10,2,8,Oct,1894,1695,374,22.2,0.0,2019-10-2,2019-10-02,4,,,,0
2019,10,2,9,Oct,1585,1570,352,24.1,0.0,2019-10-2,2019-10-02,4,,,,0
2019,10,4,2,Oct,561,362,55,15.1,0.06,2019-10-4,2019-10-04,6,NYCC,10.0,19.0,0
2019,10,8,1,Oct,337,281,52,15.4,0.16,2019-10-8,2019-10-08,3,,,,0
2019,10,11,16,Oct,1567,1639,324,15.1,0.0,2019-10-11,2019-10-11,6,,,,0
2019,10,11,18,Oct,2142,2557,492,14.8,0.0,2019-10-11,2019-10-11,6,,,,0
2019,10,13,22,Oct,1878,1485,301,14.4,0.0,2019-10-13,2019-10-13,1,,,,0
2019,10,18,19,Oct,2473,2533,477,10.6,0.0,2019-10-18,2019-10-18,6,,,,0
2019,10,19,19,Oct,2476,2786,528,10.6,0.0,2019-10-19,2019-10-19,7,,,,0
2019,10,21,7,Oct,1360,1223,189,9.5,0.0,2019-10-21,2019-10-21,2,,,,0
2019,10,24,1,Oct,647,408,83,9.9,0.0,2019-10-24,2019-10-24,5,,,,0
2019,10,24,6,Oct,881,879,108,7.2,0.0,2019-10-24,2019-10-24,5,,,,0
2019,10,25,12,Oct,1236,1261,206,15.7,0.0,2019-10-25,2019-10-25,6,,,,0
2019,10,25,17,Oct,1948,2107,403,15.6,0.0,2019-10-25,2019-10-25,6,,,,0
2019,10,26,19,Oct,2512,2709,501,13.9,0.0,2019-10-26,2019-10-26,7,,,,0
2019,10,29,8,Oct,1891,1769,401,12.4,0.04,2019-10-29,2019-10-29,3,,,,0
2019,10,29,11,Oct,1056,1080,174,14.5,0.1,2019-10-29,2019-10-29,3,,,,0
2019,10,30,15,Oct,1321,1266,210,17.9,0.14,2019-10-30,2019-10-30,4,,,,0
2019,10,1,15,Oct,1091,1172,232,27.0,0.0,2019-10-1,2019-10-01,3,,,,0
2019,10,2,14,Oct,1296,1258,268,32.2,0.04,2019-10-2,2019-10-02,4,,,,0
2019,10,4,1,Oct,821,555,89,15.2,0.1,2019-10-4,2019-10-04,6,NYCC,10.0,19.0,0
2019,10,5,15,Oct,1783,2006,400,14.5,0.0,2019-10-5,2019-10-05,7,NYCC,10.0,19.0,1
2019,10,6,9,Oct,1012,1995,275,17.0,0.2,2019-10-6,2019-10-06,1,NYCC,10.0,17.0,0
2019,10,8,6,Oct,858,857,109,14.4,0.36,2019-10-8,2019-10-08,3,,,,0
2019,10,10,4,Oct,320,247,34,11.3,0.0,2019-10-10,2019-10-10,5,,,,0
2019,10,13,19,Oct,1850,1862,354,15.3,0.0,2019-10-13,2019-10-13,1,,,,0
2019,10,13,20,Oct,1705,1602,298,15.2,0.0,2019-10-13,2019-10-13,1,,,,0
2019,10,18,11,Oct,1251,1333,230,12.6,0.0,2019-10-18,2019-10-18,6,,,,0
2019,10,18,23,Oct,2598,2200,402,7.9,0.0,2019-10-18,2019-10-18,6,,,,0
2019,10,21,10,Oct,1110,1058,218,13.0,0.0,2019-10-21,2019-10-21,2,,,,0
2019,10,22,10,Oct,1196,1182,248,13.5,0.0,2019-10-22,2019-10-22,3,,,,0
2019,10,27,11,Oct,2197,2813,625,16.2,4.76,2019-10-27,2019-10-27,1,,,,0
2019,10,28,7,Oct,1290,1246,205,10.9,0.0,2019-10-28,2019-10-28,2,,,,0
2019,10,29,5,Oct,381,509,47,12.7,0.0,2019-10-29,2019-10-29,3,,,,0
2019,10,29,6,Oct,812,837,127,12.7,0.0,2019-10-29,2019-10-29,3,,,,0
2019,10,31,3,Oct,423,190,47,16.1,0.54,2019-10-31,2019-10-31,5,,,,0
2019,10,31,11,Oct,1396,1319,287,19.3,7.28,2019-10-31,2019-10-31,5,,,,0
2019,10,31,20,Oct,2008,2019,394,19.8,0.0,2019-10-31,2019-10-31,5,,,,0
2025,10,2,13,Oct,1108,989,135,18.1,0.0,2025-10-2,2025-10-02,5,,,,0
2025,10,2,18,Oct,1734,1518,310,17.7,0.0,2025-10-2,2025-10-02,5,,,,0
2025,10,3,19,Oct,1971,1705,362,18.2,0.0,2025-10-3,2025-10-03,6,,,,0
2025,10,6,0,Oct,645,406,64,20.6,0.0,2025-10-6,2025-10-06,2,,,,0
2025,10,6,9,Oct,1203,1239,261,17.6,0.0,2025-10-6,2025-10-06,2,,,,0
2025,10,6,10,Oct,1037,1091,220,20.0,0.0,2025-10-6,2025-10-06,2,,,,0
2025,10,7,5,Oct,384,508,43,17.5,0.0,2025-10-7,2025-10-07,3,,,,0
2025,10,7,22,Oct,1871,1014,177,21.7,0.0,2025-10-7,2025-10-07,3,,,,0
2025,10,1,0,Oct,622,425,68,18.1,0.0,2025-10-1,2025-10-01,4,,,,0
2025,10,1,8,Oct,1471,1452,298,12.6,0.0,2025-10-1,2025-10-01,4,,,,0
2025,10,1,13,Oct,1031,902,151,18.7,0.0,2025-10-1,2025-10-01,4,,,,0
2025,10,1,22,Oct,1435,1063,172,14.8,0.0,2025-10-1,2025-10-01,4,,,,0
2025,10,4,6,Oct,418,647,63,12.6,0.0,2025-10-4,2025-10-04,7,,,,0
2025,10,5,1,Oct,1654,1074,232,18.8,0.0,2025-10-5,2025-10-05,1,,,,0
2025,10,7,7,Oct,1079,1237,222,17.2,0.0,2025-10-7,2025-10-07,3,,,,0
2025,10,9,1,Oct,533,311,79,12.8,0.0,2025-10-9,2025-10-09,5,NYCC,10.0,19.0,0
2025,10,1,11,Oct,969,1054,179,16.8,0.0,2025-10-1,2025-10-01,4,,,,0
2025,10,4,19,Oct,1897,1832,339,23.1,0.0,2025-10-4,2025-10-04,7,,,,0
2025,10,6,22,Oct,1203,1000,191,20.0,0.0,2025-10-6,2025-10-06,2,,,,0
2025,10,8,6,Oct,719,857,109,20.5,0.58,2025-10-8,2025-10-08,4,,,,0
2025,10,8,12,Oct,1152,1095,195,18.2,0.06,2025-10-8,2025-10-08,4,,,,0
2025,10,1,1,Oct,375,247,38,17.1,0.0,2025-10-1,2025-10-01,4,,,,0
2025,10,2,14,Oct,1130,1097,154,18.5,0.0,2025-10-2,2025-10-02,5,,,,0
2025,10,4,17,Oct,1751,1733,347,27.6,0.0,2025-10-4,2025-10-04,7,,,,0
2025,10,6,11,Oct,988,1136,200,22.4,0.0,2025-10-6,2025-10-06,2,,,,0
2025,10,9,0,Oct,972,566,127,13.4,0.0,2025-10-9,2025-10-09,5,NYCC,10.0,19.0,0
2025,10,2,9,Oct,1171,1206,258,12.7,0.0,2025-10-2,2025-10-02,5,,,,0
2025,10,3,15,Oct,1127,1135,206,22.1,0.0,2025-10-3,2025-10-03,6,,,,0
2025,10,4,0,Oct,1686,1303,223,15.7,0.0,2025-10-4,2025-10-04,7,,,,0
2025,10,5,9,Oct,960,1086,166,18.3,0.0,2025-10-5,2025-10-05,1,,,,0
2025,10,7,1,Oct,364,223,46,18.8,0.0,2025-10-7,2025-10-07,3,,,,0
2025,10,1,21,Oct,1617,1351,225,15.6,0.0,2025-10-1,2025-10-01,4,,,,0
2025,10,5,19,Oct,1348,1244,230,23.0,0.0,2025-10-5,2025-10-05,1,,,,0
2025,10,9,5,Oct,512,570,43,10.9,0.0,2025-10-9,2025-10-09,5,NYCC,10.0,19.0,0
2025,10,1,20,Oct,1544,1274,222,16.7,0.0,2025-10-1,2025-10-01,4,,,,0
2025,10,1,23,Oct,1144,742,124,13.9,0.0,2025-10-1,2025-10-01,4,,,,0
2025,10,2,1,Oct,445,250,56,12.7,0.0,2025-10-2,2025-10-02,5,,,,0
2025,10,2,12,Oct,975,930,139,17.3,0.0,2025-10-2,2025-10-02,5,,,,0
2025,10,3,13,Oct,1226,1043,178,20.4,0.0,2025-10-3,2025-10-03,6,,,,0
2025,10,4,4,Oct,511,387,50,13.3,0.0,2025-10-4,2025-10-04,7,,,,0
2025,10,6,13,Oct,1087,1029,209,25.8,0.0,2025-10-6,2025-10-06,2,,,,0
2025,10,1,15,Oct,1094,1061,163,20.3,0.0,2025-10-1,2025-10-01,4,,,,0
2025,10,1,19,Oct,1571,1405,273,17.2,0.0,2025-10-1,2025-10-01,4,,,,0
2025,10,2,0,Oct,716,541,94,13.2,0.0,2025-10-2,2025-10-02,5,,,,0
2025,10,2,6,Oct,591,771,82,10.0,0.0,2025-10-2,2025-10-02,5,,,,0
2025,10,5,23,Oct,879,689,102,21.1,0.0,2025-10-5,2025-10-05,1,,,,0
2025,10,3,0,Oct,950,669,112,12.7,0.0,2025-10-3,2025-10-03,6,,,,0
2025,10,3,23,Oct,1880,1625,305,16.3,0.0,2025-10-3,2025-10-03,6,,,,0
2025,10,4,14,Oct,1284,1283,259,26.7,0.0,2025-10-4,2025-10-04,7,,,,0
2025,10,4,22,Oct,2089,1855,307,20.4,0.0,2025-10-4,2025-10-04,7,,,,0
2025,10,6,20,Oct,1493,1235,210,20.2,0.0,2025-10-6,2025-10-06,2,,,,0
2025,10,7,9,Oct,1319,1428,308,19.6,0.0,2025-10-7,2025-10-07,3,,,,0
2025,10,8,21,Oct,2228,1433,268,15.5,0.0,2025-10-8,2025-10-08,4,,,,0
2025,10,2,21,Oct,1850,1269,247,13.9,0.0,2025-10-2,2025-10-02,5,,,,0
2025,10,3,9,Oct,1036,1202,166,12.9,0.0,2025-10-3,2025-10-03,6,,,,0
2025,10,4,9,Oct,1097,1116,204,15.8,0.0,2025-10-4,2025-10-04,7,,,,0
2025,10,4,11,Oct,1234,1171,236,21.6,0.0,2025-10-4,2025-10-04,7,,,,0
2025,10,6,4,Oct,358,313,42,16.7,0.0,2025-10-6,2025-10-06,2,,,,0
2025,10,7,15,Oct,1189,1128,210,27.2,0.0,2025-10-7,2025-10-07,3,,,,0
2025,10,8,5,Oct,482,550,65,20.7,0.54,2025-10-8,2025-10-08,4,,,,0
2025,10,9,6,Oct,755,888,108,10.3,0.0,2025-10-9,2025-10-09,5,NYCC,10.0,19.0,0
2025,10,1,16,Oct,1235,1138,200,20.3,0.0,2025-10-1,2025-10-01,4,,,,0
2025,10,2,17,Oct,1677,1474,288,18.5,0.0,2025-10-2,2025-10-02,5,,,,0
2025,10,4,5,Oct,348,414,43,12.9,0.0,2025-10-4,2025-10-04,7,,,,0
2025,10,6,3,Oct,258,164,26,17.4,0.0,2025-10-6,2025-10-06,2,,,,0
2025,10,6,15,Oct,1139,1181,213,27.1,0.0,2025-10-6,2025-10-06,2,,,,0
2025,10,1,7,Oct,1154,1137,216,12.0,0.0,2025-10-1,2025-10-01,4,,,,0
2025,10,1,14,Oct,1056,980,175,19.8,0.0,2025-10-1,2025-10-01,4,,,,0
2025,10,2,10,Oct,934,1066,186,14.7,0.0,2025-10-2,2025-10-02,5,,,,0
2025,10,2,15,Oct,1157,1040,185,19.0,0.0,2025-10-2,2025-10-02,5,,,,0
2025,10,3,4,Oct,390,417,50,9.9,0.0,2025-10-3,2025-10-03,6,,,,0
2025,10,5,3,Oct,2625,1470,298,16.5,0.0,2025-10-5,2025-10-05,1,,,,0
2025,10,5,7,Oct,549,627,75,14.8,0.0,2025-10-5,2025-10-05,1,,,,0
2025,10,5,10,Oct,1136,1311,205,21.2,0.0,2025-10-5,2025-10-05,1,,,,0
2025,10,5,17,Oct,1347,1224,262,28.2,0.0,2025-10-5,2025-10-05,1,,,,0
2025,10,5,21,Oct,1285,1093,162,22.1,0.0,2025-10-5,2025-10-05,1,,,,0
2025,10,9,2,Oct,365,225,39,12.0,0.0,2025-10-9,2025-10-09,5,NYCC,10.0,19.0,0
2025,10,2,4,Oct,296,321,26,10.7,0.0,2025-10-2,2025-10-02,5,,,,0
2025,10,2,11,Oct,1007,995,161,16.2,0.0,2025-10-2,2025-10-02,5,,,,0
2025,10,2,23,Oct,1234,1017,149,13.0,0.0,2025-10-2,2025-10-02,5,,,,0
2025,10,5,15,Oct,1163,1210,216,29.7,0.0,2025-10-5,2025-10-05,1,,,,0
2025,10,8,8,Oct,1938,2063,546,19.8,0.14,2025-10-8,2025-10-08,4,,,,0
2025,10,8,10,Oct,1317,1341,298,17.9,2.08,2025-10-8,2025-10-08,4,,,,0
2025,10,1,5,Oct,438,490,58,13.1,0.0,2025-10-1,2025-10-01,4,,,,0
2025,10,3,7,Oct,918,896,176,9.2,0.0,2025-10-3,2025-10-03,6,,,,0
2025,10,3,10,Oct,1044,1041,165,15.4,0.0,2025-10-3,2025-10-03,6,,,,0
2025,10,5,20,Oct,1410,1116,207,22.2,0.0,2025-10-5,2025-10-05,1,,,,0
2025,10,7,3,Oct,171,155,31,18.0,0.0,2025-10-7,2025-10-07,3,,,,0
2025,10,7,19,Oct,1802,1365,304,23.9,0.0,2025-10-7,2025-10-07,3,,,,0
2025,10,8,14,Oct,1272,1212,200,19.7,0.0,2025-10-8,2025-10-08,4,,,,0
2025,10,2,8,Oct,1286,1345,243,10.8,0.0,2025-10-2,2025-10-02,5,,,,0
2025,10,4,13,Oct,1359,1233,248,25.7,0.0,2025-10-4,2025-10-04,7,,,,0
2025,10,6,7,Oct,1106,1026,197,15.0,0.0,2025-10-6,2025-10-06,2,,,,0
2025,10,7,10,Oct,1002,1105,243,21.6,0.0,2025-10-7,2025-10-07,3,,,,0
2025,10,7,11,Oct,1061,1083,174,23.7,0.0,2025-10-7,2025-10-07,3,,,,0
2025,10,8,7,Oct,1519,1577,452,20.5,0.2,2025-10-8,2025-10-08,4,,,,0
2025,10,8,11,Oct,1221,1212,221,18.0,0.7,2025-10-8,2025-10-08,4,,,,0
2025,10,8,20,Oct,2130,1520,288,16.5,0.0,2025-10-8,2025-10-08,4,,,,0
2025,10,3,11,Oct,1050,1060,171,17.7,0.0,2025-10-3,2025-10-03,6,,,,0
2025,10,3,12,Oct,1158,935,192,19.3,0.0,2025-10-3,2025-10-03,6,,,,0
2025,10,5,11,Oct,1265,1356,250,23.9,0.0,2025-10-5,2025-10-05,1,,,,0
2025,10,6,1,Oct,296,192,37,19.8,0.0,2025-10-6,2025-10-06,2,,,,0
2025,10,6,6,Oct,675,769,77,15.5,0.0,2025-10-6,2025-10-06,2,,,,0
2025,10,7,0,Oct,658,421,71,19.4,0.0,2025-10-7,2025-10-07,3,,,,0
2025,10,7,21,Oct,1964,1268,211,22.3,0.0,2025-10-7,2025-10-07,3,,,,0
2025,10,7,23,Oct,1125,808,124,21.7,0.0,2025-10-7,2025-10-07,3,,,,0
2025,10,8,9,Oct,1637,1745,401,18.7,1.22,2025-10-8,2025-10-08,4,,,,0
2025,10,2,3,Oct,237,181,25,11.0,0.0,2025-10-2,2025-10-02,5,,,,0
2025,10,2,5,Oct,397,502,46,10.4,0.0,2025-10-2,2025-10-02,5,,,,0
2025,10,2,19,Oct,1758,1450,264,16.3,0.0,2025-10-2,2025-10-02,5,,,,0
2025,10,3,6,Oct,617,732,98,9.4,0.0,2025-10-3,2025-10-03,6,,,,0
2025,10,4,12,Oct,1266,1296,243,24.0,0.0,2025-10-4,2025-10-04,7,,,,0
2025,10,4,16,Oct,1590,1480,317,27.7,0.0,2025-10-4,2025-10-04,7,,,,0
2025,10,5,6,Oct,412,595,51,15.1,0.0,2025-10-5,2025-10-05,1,,,,0
2025,10,5,13,Oct,1371,1175,243,27.8,0.0,2025-10-5,2025-10-05,1,,,,0
2025,10,6,16,Oct,1146,1207,231,25.8,0.0,2025-10-6,2025-10-06,2,,,,0
2025,10,6,23,Oct,875,766,113,19.9,0.0,2025-10-6,2025-10-06,2,,,,0
2025,10,8,1,Oct,355,247,27,21.4,0.14,2025-10-8,2025-10-08,4,,,,0
2025,10,8,16,Oct,1522,1520,286,20.8,0.0,2025-10-8,2025-10-08,4,,,,0
2025,10,3,1,Oct,640,412,77,12.3,0.0,2025-10-3,2025-10-03,6,,,,0
2025,10,3,3,Oct,325,227,35,10.1,0.0,2025-10-3,2025-10-03,6,,,,0
2025,10,3,21,Oct,1919,1539,280,17.3,0.0,2025-10-3,2025-10-03,6,,,,0
2025,10,5,14,Oct,1337,1096,228,28.9,0.0,2025-10-5,2025-10-05,1,,,,0
2025,10,7,14,Oct,1151,1049,195,26.8,0.0,2025-10-7,2025-10-07,3,,,,0
2025,10,2,2,Oct,282,210,43,11.5,0.0,2025-10-2,2025-10-02,5,,,,0
2025,10,3,5,Oct,423,497,59,9.6,0.0,2025-10-3,2025-10-03,6,,,,0
2025,10,3,17,Oct,1415,1552,274,21.8,0.0,2025-10-3,2025-10-03,6,,,,0
2025,10,4,7,Oct,592,731,95,12.2,0.0,2025-10-4,2025-10-04,7,,,,0
2025,10,4,8,Oct,855,980,132,13.7,0.0,2025-10-4,2025-10-04,7,,,,0
2025,10,6,18,Oct,1550,1409,255,22.0,0.0,2025-10-6,2025-10-06,2,,,,0
2025,10,7,12,Oct,1017,971,165,25.6,0.0,2025-10-7,2025-10-07,3,,,,0
2025,10,8,2,Oct,248,164,27,21.0,0.44,2025-10-8,2025-10-08,4,,,,0
2025,10,8,13,Oct,1308,1178,200,19.1,0.0,2025-10-8,2025-10-08,4,,,,0
2025,10,8,15,Oct,1272,1219,222,20.6,0.0,2025-10-8,2025-10-08,4,,,,0
2025,10,1,3,Oct,222,173,25,14.8,0.0,2025-10-1,2025-10-01,4,,,,0
2025,10,1,18,Oct,1548,1405,268,18.8,0.0,2025-10-1,2025-10-01,4,,,,0
2025,10,4,18,Oct,1912,1836,301,25.8,0.0,2025-10-4,2025-10-04,7,,,,0
2025,10,5,12,Oct,1225,1330,191,26.1,0.0,2025-10-5,2025-10-05,1,,,,0
2025,10,7,4,Oct,228,336,35,17.8,0.0,2025-10-7,2025-10-07,3,,,,0
2025,10,8,19,Oct,1938,1545,328,17.4,0.0,2025-10-8,2025-10-08,4,,,,0
2025,10,3,14,Oct,1196,969,197,21.6,0.0,2025-10-3,2025-10-03,6,,,,0
2025,10,4,10,Oct,1134,1214,209,18.9,0.0,2025-10-4,2025-10-04,7,,,,0
2025,10,5,0,Oct,1732,1462,287,19.4,0.0,2025-10-5,2025-10-05,1,,,,0
2025,10,6,14,Oct,1039,1020,161,26.9,0.0,2025-10-6,2025-10-06,2,,,,0
2025,10,3,8,Oct,1110,1123,193,10.9,0.0,2025-10-3,2025-10-03,6,,,,0
2025,10,3,18,Oct,1901,1708,369,20.3,0.0,2025-10-3,2025-10-03,6,,,,0
2025,10,4,1,Oct,1348,979,188,15.2,0.0,2025-10-4,2025-10-04,7,,,,0
2025,10,6,12,Oct,1007,983,189,24.4,0.0,2025-10-6,2025-10-06,2,,,,0
2025,10,7,2,Oct,175,161,25,18.4,0.0,2025-10-7,2025-10-07,3,,,,0
2025,10,8,23,Oct,1325,906,176,14.4,0.0,2025-10-8,2025-10-08,4,,,,0
2025,10,9,3,Oct,303,185,42,11.6,0.0,2025-10-9,2025-10-09,5,NYCC,10.0,19.0,0
2025,10,2,16,Oct,1321,1310,241,18.9,0.0,2025-10-2,2025-10-02,5,,,,0
2025,10,4,21,Oct,1755,1906,293,20.9,0.0,2025-10-4,2025-10-04,7,,,,0
2025,10,7,17,Oct,1755,1714,342,26.7,0.0,2025-10-7,2025-10-07,3,,,,0
2025,10,8,17,Oct,1985,1848,339,20.4,0.0,2025-10-8,2025-10-08,4,,,,0
2025,10,9,4,Oct,372,390,45,11.3,0.0,2025-10-9,2025-10-09,5,NYCC,10.0,19.0,0
2025,10,1,4,Oct,299,298,38,13.9,0.0,2025-10-1,2025-10-01,4,,,,0
2025,10,1,17,Oct,1342,1310,274,19.9,0.0,2025-10-1,2025-10-01,4,,,,0
2025,10,2,22,Oct,1529,1230,244,13.5,0.0,2025-10-2,2025-10-02,5,,,,0
2025,10,5,4,Oct,710,362,68,16.0,0.0,2025-10-5,2025-10-05,1,,,,0
2025,10,6,5,Oct,398,464,47,16.1,0.0,2025-10-6,2025-10-06,2,,,,0
2025,10,7,16,Oct,1353,1340,259,27.3,0.0,2025-10-7,2025-10-07,3,,,,0
2025,10,7,18,Oct,2029,1674,378,25.5,0.0,2025-10-7,2025-10-07,3,,,,0
2025,10,7,20,Oct,1853,1242,234,22.6,0.0,2025-10-7,2025-10-07,3,,,,0
2025,10,3,2,Oct,425,272,52,11.2,0.0,2025-10-3,2025-10-03,6,,,,0
2025,10,4,2,Oct,1107,781,128,14.2,0.0,2025-10-4,2025-10-04,7,,,,0
2025,10,4,3,Oct,817,575,110,13.7,0.0,2025-10-4,2025-10-04,7,,,,0
2025,10,5,16,Oct,1330,1206,252,29.6,0.0,2025-10-5,2025-10-05,1,,,,0
2025,10,7,13,Oct,1075,1040,188,27.2,0.0,2025-10-7,2025-10-07,3,,,,0
2025,10,8,3,Oct,183,196,14,21.2,0.16,2025-10-8,2025-10-08,4,,,,0
2025,10,1,10,Oct,1050,1007,200,15.3,0.0,2025-10-1,2025-10-01,4,,,,0
2025,10,6,21,Oct,1553,1234,177,20.2,0.0,2025-10-6,2025-10-06,2,,,,0
2025,10,7,6,Oct,650,902,82,17.4,0.0,2025-10-7,2025-10-07,3,,,,0
2025,10,1,12,Oct,930,897,177,17.9,0.0,2025-10-1,2025-10-01,4,,,,0
2025,10,2,20,Oct,1689,1393,245,14.9,0.0,2025-10-2,2025-10-02,5,,,,0
2025,10,3,16,Oct,1251,1340,261,22.3,0.0,2025-10-3,2025-10-03,6,,,,0
2025,10,5,22,Oct,1227,919,122,21.6,0.0,2025-10-5,2025-10-05,1,,,,0
2025,10,6,17,Oct,1384,1270,261,23.8,0.0,2025-10-6,2025-10-06,2,,,,0
2025,10,8,0,Oct,756,528,70,21.8,0.0,2025-10-8,2025-10-08,4,,,,0
2025,10,8,18,Oct,2132,1633,394,18.7,0.0,2025-10-8,2025-10-08,4,,,,0
2025,10,4,15,Oct,1450,1336,244,27.3,0.0,2025-10-4,2025-10-04,7,,,,0
2025,10,4,20,Oct,1702,1747,275,22.3,0.0,2025-10-4,2025-10-04,7,,,,0
2025,10,4,23,Oct,1896,1756,311,20.0,0.0,2025-10-4,2025-10-04,7,,,,0
2025,10,8,4,Oct,278,312,26,21.5,0.04,2025-10-8,2025-10-08,4,,,,0
2025,10,8,22,Oct,1841,1305,208,15.2,0.0,2025-10-8,2025-10-08,4,,,,0
2025,10,6,2,Oct,256,134,31,18.5,0.0,2025-10-6,2025-10-06,2,,,,0
2025,10,6,19,Oct,1467,1129,228,20.5,0.0,2025-10-6,2025-10-06,2,,,,0
2025,10,1,2,Oct,228,210,25,16.1,0.0,2025-10-1,2025-10-01,4,,,,0
2025,10,1,6,Oct,700,789,86,12.6,0.0,2025-10-1,2025-10-01,4,,,,0
2025,10,1,9,Oct,1312,1284,274,13.7,0.0,2025-10-1,2025-10-01,4,,,,0
2025,10,2,7,Oct,920,1023,171,9.7,0.0,2025-10-2,2025-10-02,5,,,,0
2025,10,3,20,Oct,1884,1613,295,17.9,0.0,2025-10-3,2025-10-03,6,,,,0
2025,10,6,8,Oct,1366,1324,238,15.8,0.0,2025-10-6,2025-10-06,2,,,,0
2025,10,7,8,Oct,1605,1690,293,17.9,0.0,2025-10-7,2025-10-07,3,,,,0
2025,10,3,22,Oct,2178,1745,308,16.8,0.0,2025-10-3,2025-10-03,6,,,,0
2025,10,5,5,Oct,465,358,40,15.5,0.0,2025-10-5,2025-10-05,1,,,,0
2025,10,5,8,Oct,718,898,100,15.8,0.0,2025-10-5,2025-10-05,1,,,,0
2025,10,5,18,Oct,1386,1282,236,25.3,0.0,2025-10-5,2025-10-05,1,,,,0
2025,10,11,4,Oct,617,430,64,10.2,0.0,2025-10-11,2025-10-11,7,NYCC,10.0,19.0,0
2025,10,11,10,Oct,1392,2175,453,13.3,0.54,2025-10-11,2025-10-11,7,NYCC,10.0,19.0,1
2025,10,13,12,Oct,1336,1215,264,14.0,0.56,2025-10-13,2025-10-13,2,,,,0
2025,10,13,22,Oct,1461,877,181,13.1,0.84,2025-10-13,2025-10-13,2,,,,0
2025,10,15,6,Oct,698,834,101,13.4,0.0,2025-10-15,2025-10-15,4,,,,0
2025,10,16,5,Oct,403,510,72,8.1,0.0,2025-10-16,2025-10-16,5,,,,0
2025,10,9,18,Oct,1495,1322,240,13.1,0.0,2025-10-9,2025-10-09,5,NYCC,10.0,19.0,1
2025,10,10,14,Oct,1293,1129,240,15.9,0.0,2025-10-10,2025-10-10,6,NYCC,10.0,19.0,1
2025,10,11,19,Oct,2126,1741,402,17.0,0.0,2025-10-11,2025-10-11,7,NYCC,10.0,19.0,0
2025,10,12,18,Oct,1854,1976,453,13.3,1.44,2025-10-12,2025-10-12,1,NYCC,10.0,17.0,0
2025,10,13,18,Oct,1612,1796,368,14.6,0.0,2025-10-13,2025-10-13,2,,,,0
2025,10,14,23,Oct,1064,788,132,15.0,0.0,2025-10-14,2025-10-14,3,,,,0
2025,10,15,19,Oct,1959,1526,316,14.4,0.0,2025-10-15,2025-10-15,4,,,,0
2025,10,9,12,Oct,1200,1185,230,13.3,0.0,2025-10-9,2025-10-09,5,NYCC,10.0,19.0,1
2025,10,10,8,Oct,1235,1491,281,6.6,0.0,2025-10-10,2025-10-10,6,NYCC,10.0,19.0,0
2025,10,10,17,Oct,1566,1390,287,15.4,0.0,2025-10-10,2025-10-10,6,NYCC,10.0,19.0,1
2025,10,10,19,Oct,2056,1553,367,13.1,0.0,2025-10-10,2025-10-10,6,NYCC,10.0,19.0,0
2025,10,11,0,Oct,1742,1298,228,11.0,0.0,2025-10-11,2025-10-11,7,NYCC,10.0,19.0,0
2025,10,12,12,Oct,1251,1688,270,15.6,0.0,2025-10-12,2025-10-12,1,NYCC,10.0,17.0,1
2025,10,13,7,Oct,941,1076,228,12.2,1.76,2025-10-13,2025-10-13,2,,,,0
2025,10,13,13,Oct,1296,1323,278,14.7,0.2,2025-10-13,2025-10-13,2,,,,0
2025,10,9,19,Oct,1953,1353,281,11.9,0.0,2025-10-9,2025-10-09,5,NYCC,10.0,19.0,0
2025,10,10,16,Oct,1309,1237,254,16.0,0.0,2025-10-10,2025-10-10,6,NYCC,10.0,19.0,1
2025,10,12,17,Oct,2135,1857,438,13.3,2.1,2025-10-12,2025-10-12,1,NYCC,10.0,17.0,0
2025,10,14,0,Oct,541,464,66,13.3,0.0,2025-10-14,2025-10-14,3,,,,0
2025,10,16,1,Oct,540,307,69,10.4,0.0,2025-10-16,2025-10-16,5,,,,0
2025,10,9,9,Oct,1375,1741,367,11.3,0.0,2025-10-9,2025-10-09,5,NYCC,10.0,19.0,0
2025,10,10,5,Oct,485,563,52,5.5,0.0,2025-10-10,2025-10-10,6,NYCC,10.0,19.0,0
2025,10,12,9,Oct,888,1616,266,15.3,0.0,2025-10-12,2025-10-12,1,NYCC,10.0,17.0,0
2025,10,16,12,Oct,1165,1054,173,11.9,0.0,2025-10-16,2025-10-16,5,,,,0
2025,10,16,16,Oct,1437,1384,267,15.1,0.0,2025-10-16,2025-10-16,5,,,,0
2025,10,14,20,Oct,1960,1433,253,15.2,0.0,2025-10-14,2025-10-14,3,,,,0
2025,10,16,4,Oct,357,353,42,8.6,0.0,2025-10-16,2025-10-16,5,,,,0
2025,10,9,21,Oct,2268,1367,311,9.8,0.0,2025-10-9,2025-10-09,5,NYCC,10.0,19.0,0
2025,10,11,13,Oct,1779,1776,446,17.6,0.0,2025-10-11,2025-10-11,7,NYCC,10.0,19.0,1
2025,10,12,21,Oct,1841,1436,370,13.2,1.86,2025-10-12,2025-10-12,1,NYCC,10.0,17.0,0
2025,10,14,9,Oct,1437,1460,333,12.2,0.0,2025-10-14,2025-10-14,3,,,,0
2025,10,15,7,Oct,1151,1373,277,12.8,0.0,2025-10-15,2025-10-15,4,,,,0
2025,10,15,13,Oct,1209,1186,185,19.2,0.0,2025-10-15,2025-10-15,4,,,,0
2025,10,10,4,Oct,445,426,28,5.7,0.0,2025-10-10,2025-10-10,6,NYCC,10.0,19.0,0
2025,10,11,9,Oct,1110,1913,336,13.2,0.14,2025-10-11,2025-10-11,7,NYCC,10.0,19.0,0
2025,10,11,16,Oct,1581,1530,329,18.9,0.0,2025-10-11,2025-10-11,7,NYCC,10.0,19.0,1
2025,10,11,20,Oct,1922,1766,295,16.8,0.0,2025-10-11,2025-10-11,7,NYCC,10.0,19.0,0
2025,10,12,6,Oct,406,567,51,15.5,0.0,2025-10-12,2025-10-12,1,NYCC,10.0,17.0,0
2025,10,12,14,Oct,1478,1316,322,15.1,0.3,2025-10-12,2025-10-12,1,NYCC,10.0,17.0,1
2025,10,13,16,Oct,1396,1320,256,14.6,0.3,2025-10-13,2025-10-13,2,,,,0
2025,10,14,13,Oct,1117,1082,181,15.1,0.0,2025-10-14,2025-10-14,3,,,,0
2025,10,14,14,Oct,1109,1169,205,15.0,0.0,2025-10-14,2025-10-14,3,,,,0
2025,10,14,19,Oct,1710,1396,290,14.9,0.0,2025-10-14,2025-10-14,3,,,,0
2025,10,14,21,Oct,2165,1312,219,15.2,0.0,2025-10-14,2025-10-14,3,,,,0
2025,10,15,17,Oct,1966,1701,385,18.5,0.0,2025-10-15,2025-10-15,4,,,,0
2025,10,9,17,Oct,1213,1283,222,14.2,0.0,2025-10-9,2025-10-09,5,NYCC,10.0,19.0,1
2025,10,10,1,Oct,855,503,96,7.7,0.0,2025-10-10,2025-10-10,6,NYCC,10.0,19.0,0
2025,10,10,23,Oct,2153,1585,275,11.5,0.0,2025-10-10,2025-10-10,6,NYCC,10.0,19.0,0
2025,10,11,23,Oct,2127,1628,281,15.8,0.0,2025-10-11,2025-10-11,7,NYCC,10.0,19.0,0
2025,10,14,12,Oct,1067,1002,171,14.6,0.0,2025-10-14,2025-10-14,3,,,,0
2025,10,16,11,Oct,1206,1164,185,10.7,0.0,2025-10-16,2025-10-16,5,,,,0
2025,10,10,15,Oct,1338,1181,237,15.8,0.0,2025-10-10,2025-10-10,6,NYCC,10.0,19.0,1
2025,10,12,13,Oct,1473,1570,310,16.1,0.1,2025-10-12,2025-10-12,1,NYCC,10.0,17.0,1
2025,10,13,4,Oct,343,336,66,13.0,3.56,2025-10-13,2025-10-13,2,,,,0
2025,10,16,13,Oct,1283,1067,198,12.9,0.0,2025-10-16,2025-10-16,5,,,,0
2025,10,10,6,Oct,664,810,107,5.3,0.0,2025-10-10,2025-10-10,6,NYCC,10.0,19.0,0
2025,10,10,12,Oct,1178,1220,273,15.3,0.0,2025-10-10,2025-10-10,6,NYCC,10.0,19.0,1
2025,10,10,20,Oct,2029,1492,336,13.4,0.0,2025-10-10,2025-10-10,6,NYCC,10.0,19.0,0
2025,10,11,17,Oct,1870,1705,354,18.3,0.0,2025-10-11,2025-10-11,7,NYCC,10.0,19.0,1
2025,10,14,4,Oct,263,354,32,12.2,0.0,2025-10-14,2025-10-14,3,,,,0
2025,10,14,8,Oct,1692,1909,431,12.2,0.06,2025-10-14,2025-10-14,3,,,,0
2025,10,9,11,Oct,1230,1367,191,12.8,0.0,2025-10-9,2025-10-09,5,NYCC,10.0,19.0,1
2025,10,12,10,Oct,1089,1767,256,14.9,0.0,2025-10-12,2025-10-12,1,NYCC,10.0,17.0,1
2025,10,13,1,Oct,520,332,101,13.6,2.68,2025-10-13,2025-10-13,2,,,,0
2025,10,16,3,Oct,304,226,34,9.3,0.0,2025-10-16,2025-10-16,5,,,,0
2025,10,16,7,Oct,1254,1331,230,7.2,0.0,2025-10-16,2025-10-16,5,,,,0
2025,10,9,10,Oct,1102,1433,256,12.1,0.0,2025-10-9,2025-10-09,5,NYCC,10.0,19.0,1
2025,10,10,22,Oct,2134,1628,305,12.0,0.0,2025-10-10,2025-10-10,6,NYCC,10.0,19.0,0
2025,10,11,2,Oct,1186,758,152,10.3,0.0,2025-10-11,2025-10-11,7,NYCC,10.0,19.0,0
2025,10,15,8,Oct,1582,1833,416,13.4,0.0,2025-10-15,2025-10-15,4,,,,0
2025,10,15,9,Oct,1317,1455,300,14.5,0.0,2025-10-15,2025-10-15,4,,,,0
2025,10,16,9,Oct,1445,1642,296,8.8,0.0,2025-10-16,2025-10-16,5,,,,0
2025,10,16,10,Oct,1182,1329,245,9.9,0.0,2025-10-16,2025-10-16,5,,,,0
2025,10,9,7,Oct,1201,1411,265,9.7,0.0,2025-10-9,2025-10-09,5,NYCC,10.0,19.0,0
2025,10,12,1,Oct,1391,1054,180,16.6,0.0,2025-10-12,2025-10-12,1,NYCC,10.0,17.0,0
2025,10,12,5,Oct,463,451,43,15.7,0.0,2025-10-12,2025-10-12,1,NYCC,10.0,17.0,0
2025,10,13,11,Oct,1271,1168,280,13.7,0.56,2025-10-13,2025-10-13,2,,,,0
2025,10,16,0,Oct,829,614,115,11.4,0.0,2025-10-16,2025-10-16,5,,,,0
2025,10,11,8,Oct,739,1434,186,12.5,0.0,2025-10-11,2025-10-11,7,NYCC,10.0,19.0,0
2025,10,12,15,Oct,1689,1440,365,14.9,0.74,2025-10-12,2025-10-12,1,NYCC,10.0,17.0,1
2025,10,14,22,Oct,1582,1094,211,15.1,0.0,2025-10-14,2025-10-14,3,,,,0
2025,10,15,1,Oct,359,272,38,14.9,0.0,2025-10-15,2025-10-15,4,,,,0
2025,10,15,15,Oct,1190,1227,208,19.8,0.0,2025-10-15,2025-10-15,4,,,,0
2025,10,11,6,Oct,420,744,61,11.4,0.0,2025-10-11,2025-10-11,7,NYCC,10.0,19.0,0
2025,10,11,18,Oct,2041,1840,351,17.8,0.0,2025-10-11,2025-10-11,7,NYCC,10.0,19.0,1
2025,10,12,0,Oct,1826,1310,241,16.2,0.0,2025-10-12,2025-10-12,1,NYCC,10.0,17.0,0
2025,10,13,19,Oct,1488,1364,274,14.5,0.04,2025-10-13,2025-10-13,2,,,,0
2025,10,13,20,Oct,1327,1147,222,13.6,1.22,2025-10-13,2025-10-13,2,,,,0
2025,10,14,11,Oct,1169,1186,203,13.6,0.0,2025-10-14,2025-10-14,3,,,,0
2025,10,10,18,Oct,1833,1502,277,14.3,0.0,2025-10-10,2025-10-10,6,NYCC,10.0,19.0,1
2025,10,12,19,Oct,1824,1738,420,13.5,1.26,2025-10-12,2025-10-12,1,NYCC,10.0,17.0,0
2025,10,15,14,Oct,1231,1084,158,19.5,0.0,2025-10-15,2025-10-15,4,,,,0
2025,10,9,15,Oct,1267,1101,209,14.9,0.0,2025-10-9,2025-10-09,5,NYCC,10.0,19.0,1
2025,10,11,21,Oct,2070,1538,334,16.4,0.0,2025-10-11,2025-10-11,7,NYCC,10.0,19.0,0
2025,10,13,21,Oct,1501,1131,227,13.2,0.64,2025-10-13,2025-10-13,2,,,,0
2025,10,14,3,Oct,176,146,15,12.2,0.06,2025-10-14,2025-10-14,3,,,,0
2025,10,14,15,Oct,1220,1208,208,15.8,0.0,2025-10-14,2025-10-14,3,,,,0
2025,10,16,19,Oct,1793,1600,327,11.5,0.0,2025-10-16,2025-10-16,5,,,,0
2025,10,10,0,Oct,1475,790,145,8.1,0.0,2025-10-10,2025-10-10,6,NYCC,10.0,19.0,0
2025,10,11,14,Oct,1721,1486,391,17.8,0.1,2025-10-11,2025-10-11,7,NYCC,10.0,19.0,1
2025,10,14,1,Oct,309,236,44,13.0,0.06,2025-10-14,2025-10-14,3,,,,0
2025,10,14,5,Oct,409,649,60,12.2,0.0,2025-10-14,2025-10-14,3,,,,0
2025,10,16,8,Oct,1606,1825,393,7.8,0.0,2025-10-16,2025-10-16,5,,,,0
2025,10,9,20,Oct,2121,1333,282,11.2,0.0,2025-10-9,2025-10-09,5,NYCC,10.0,19.0,0
2025,10,10,9,Oct,1233,1657,317,8.6,0.0,2025-10-10,2025-10-10,6,NYCC,10.0,19.0,0
2025,10,10,13,Oct,1350,1203,235,16.3,0.0,2025-10-10,2025-10-10,6,NYCC,10.0,19.0,1
2025,10,11,5,Oct,420,448,46,10.7,0.0,2025-10-11,2025-10-11,7,NYCC,10.0,19.0,0
2025,10,12,2,Oct,1194,769,130,16.6,0.0,2025-10-12,2025-10-12,1,NYCC,10.0,17.0,0
2025,10,12,4,Oct,698,456,54,16.0,0.1,2025-10-12,2025-10-12,1,NYCC,10.0,17.0,0
2025,10,11,7,Oct,510,881,112,11.4,0.0,2025-10-11,2025-10-11,7,NYCC,10.0,19.0,0
2025,10,13,10,Oct,1293,1209,240,13.4,0.36,2025-10-13,2025-10-13,2,,,,0
2025,10,14,2,Oct,201,182,30,12.5,0.1,2025-10-14,2025-10-14,3,,,,0
2025,10,13,9,Oct,1276,1318,233,12.9,0.26,2025-10-13,2025-10-13,2,,,,0
2025,10,15,2,Oct,219,181,24,14.7,0.0,2025-10-15,2025-10-15,4,,,,0
2025,10,15,10,Oct,1123,1130,200,16.0,0.0,2025-10-15,2025-10-15,4,,,,0
2025,10,15,21,Oct,2096,1477,266,12.6,0.0,2025-10-15,2025-10-15,4,,,,0
2025,10,12,16,Oct,2047,1623,436,13.6,2.1,2025-10-12,2025-10-12,1,NYCC,10.0,17.0,1
2025,10,15,16,Oct,1425,1492,266,19.6,0.0,2025-10-15,2025-10-15,4,,,,0
2025,10,15,23,Oct,1284,854,188,11.6,0.0,2025-10-15,2025-10-15,4,,,,0
2025,10,10,10,Oct,1144,1410,229,11.2,0.0,2025-10-10,2025-10-10,6,NYCC,10.0,19.0,1
2025,10,12,20,Oct,1679,1525,416,13.0,0.7,2025-10-12,2025-10-12,1,NYCC,10.0,17.0,0
2025,10,12,22,Oct,1868,1194,300,13.4,1.58,2025-10-12,2025-10-12,1,NYCC,10.0,17.0,0
2025,10,13,5,Oct,418,459,66,12.5,4.7,2025-10-13,2025-10-13,2,,,,0
2025,10,15,0,Oct,586,493,112,14.9,0.0,2025-10-15,2025-10-15,4,,,,0
2025,10,15,5,Oct,402,548,55,13.9,0.0,2025-10-15,2025-10-15,4,,,,0
2025,10,16,15,Oct,1462,1157,226,15.2,0.0,2025-10-16,2025-10-16,5,,,,0
2025,10,16,17,Oct,1651,1477,343,14.4,0.0,2025-10-16,2025-10-16,5,,,,0
2025,10,12,8,Oct,650,1138,164,15.3,0.0,2025-10-12,2025-10-12,1,NYCC,10.0,17.0,0
2025,10,12,23,Oct,1155,954,243,13.5,1.4,2025-10-12,2025-10-12,1,NYCC,10.0,17.0,0
2025,10,13,15,Oct,1227,1284,226,14.5,0.3,2025-10-13,2025-10-13,2,,,,0
2025,10,9,22,Oct,2289,1321,291,9.3,0.0,2025-10-9,2025-10-09,5,NYCC,10.0,19.0,0
2025,10,10,2,Oct,534,312,53,6.6,0.0,2025-10-10,2025-10-10,6,NYCC,10.0,19.0,0
2025,10,11,11,Oct,1534,1910,450,13.8,0.5,2025-10-11,2025-10-11,7,NYCC,10.0,19.0,1
2025,10,11,12,Oct,1579,1649,368,15.5,0.0,2025-10-11,2025-10-11,7,NYCC,10.0,19.0,1
2025,10,11,15,Oct,1535,1390,297,18.6,0.0,2025-10-11,2025-10-11,7,NYCC,10.0,19.0,1
2025,10,14,6,Oct,727,828,102,12.3,0.0,2025-10-14,2025-10-14,3,,,,0
2025,10,14,7,Oct,1152,1324,285,12.3,0.0,2025-10-14,2025-10-14,3,,,,0
2025,10,15,18,Oct,2032,1785,382,16.4,0.0,2025-10-15,2025-10-15,4,,,,0
2025,10,16,2,Oct,375,211,41,9.8,0.0,2025-10-16,2025-10-16,5,,,,0
2025,10,9,8,Oct,1530,1995,442,10.4,0.0,2025-10-9,2025-10-09,5,NYCC,10.0,19.0,0
2025,10,9,13,Oct,1330,1171,235,13.9,0.0,2025-10-9,2025-10-09,5,NYCC,10.0,19.0,1
2025,10,11,22,Oct,2169,1632,297,16.0,0.0,2025-10-11,2025-10-11,7,NYCC,10.0,19.0,0
2025,10,13,0,Oct,861,589,187,13.6,1.72,2025-10-13,2025-10-13,2,,,,0
2025,10,14,17,Oct,1819,1752,317,15.4,0.0,2025-10-14,2025-10-14,3,,,,0
2025,10,15,12,Oct,1076,1104,168,18.6,0.0,2025-10-15,2025-10-15,4,,,,0
2025,10,9,16,Oct,1146,1199,180,14.8,0.0,2025-10-9,2025-10-09,5,NYCC,10.0,19.0,1
2025,10,9,23,Oct,1995,1076,214,8.7,0.0,2025-10-9,2025-10-09,5,NYCC,10.0,19.0,0
2025,10,11,1,Oct,1442,1042,173,10.7,0.0,2025-10-11,2025-10-11,7,NYCC,10.0,19.0,0
2025,10,12,7,Oct,495,712,81,15.5,0.0,2025-10-12,2025-10-12,1,NYCC,10.0,17.0,0
2025,10,13,2,Oct,389,232,64,14.1,4.08,2025-10-13,2025-10-13,2,,,,0
2025,10,13,3,Oct,423,179,61,13.5,2.88,2025-10-13,2025-10-13,2,,,,0
2025,10,13,17,Oct,1696,1611,366,14.7,0.0,2025-10-13,2025-10-13,2,,,,0
2025,10,15,4,Oct,246,324,42,14.2,0.0,2025-10-15,2025-10-15,4,,,,0
2025,10,15,22,Oct,2042,1221,238,11.8,0.0,2025-10-15,2025-10-15,4,,,,0
2025,10,16,6,Oct,730,843,81,7.6,0.0,2025-10-16,2025-10-16,5,,,,0
2025,10,16,18,Oct,1780,1610,293,12.8,0.0,2025-10-16,2025-10-16,5,,,,0
2025,10,10,11,Oct,1168,1392,234,13.6,0.0,2025-10-10,2025-10-10,6,NYCC,10.0,19.0,1
2025,10,11,3,Oct,895,561,96,10.4,0.0,2025-10-11,2025-10-11,7,NYCC,10.0,19.0,0
2025,10,16,14,Oct,1438,1101,222,14.7,0.0,2025-10-16,2025-10-16,5,,,,0
2025,10,9,14,Oct,1403,1150,241,14.6,0.0,2025-10-9,2025-10-09,5,NYCC,10.0,19.0,1
2025,10,10,3,Oct,428,257,41,5.9,0.0,2025-10-10,2025-10-10,6,NYCC,10.0,19.0,0
2025,10,13,14,Oct,1248,1188,225,14.5,0.3,2025-10-13,2025-10-13,2,,,,0
2025,10,13,23,Oct,802,725,112,13.3,0.0,2025-10-13,2025-10-13,2,,,,0
2025,10,14,10,Oct,1164,1207,198,12.9,0.0,2025-10-14,2025-10-14,3,,,,0
2025,10,14,16,Oct,1401,1465,241,16.1,0.0,2025-10-14,2025-10-14,3,,,,0
2025,10,15,11,Oct,1072,1150,171,17.6,0.0,2025-10-15,2025-10-15,4,,,,0
2025,10,10,21,Oct,2060,1477,288,12.8,0.0,2025-10-10,2025-10-10,6,NYCC,10.0,19.0,0
2025,10,12,11,Oct,1254,1780,266,15.0,0.0,2025-10-12,2025-10-12,1,NYCC,10.0,17.0,1
2025,10,13,8,Oct,1305,1405,267,12.6,1.52,2025-10-13,2025-10-13,2,,,,0
2025,10,15,20,Oct,2122,1566,295,13.8,0.0,2025-10-15,2025-10-15,4,,,,0
2025,10,10,7,Oct,1021,1137,178,5.0,0.0,2025-10-10,2025-10-10,6,NYCC,10.0,19.0,0
2025,10,12,3,Oct,975,544,103,16.3,0.4,2025-10-12,2025-10-12,1,NYCC,10.0,17.0,0
2025,10,13,6,Oct,596,738,111,12.3,4.36,2025-10-13,2025-10-13,2,,,,0
2025,10,14,18,Oct,2065,1851,409,14.7,0.0,2025-10-14,2025-10-14,3,,,,0
2025,10,15,3,Oct,226,180,19,14.5,0.0,2025-10-15,2025-10-15,4,,,,0
2025,10,17,2,Oct,589,328,71,8.1,0.0,2025-10-17,2025-10-17,6,,,,0
2025,10,19,5,Oct,500,416,38,9.9,0.0,2025-10-19,2025-10-19,1,,,,0
2025,10,20,0,Oct,696,446,82,18.9,0.0,2025-10-20,2025-10-20,2,,,,0
2025,10,20,20,Oct,1497,1226,214,14.1,0.0,2025-10-20,2025-10-20,2,,,,0
2025,10,22,23,Oct,1260,764,158,11.3,0.0,2025-10-22,2025-10-22,4,,,,0
2025,10,17,13,Oct,1302,1139,187,14.4,0.0,2025-10-17,2025-10-17,6,,,,0
2025,10,19,21,Oct,1304,1076,169,17.8,0.0,2025-10-19,2025-10-19,1,,,,0
2025,10,23,12,Oct,1070,960,163,14.5,0.0,2025-10-23,2025-10-23,5,,,,0
2025,10,24,5,Oct,469,589,55,6.7,0.0,2025-10-24,2025-10-24,6,,,,0
2025,10,24,13,Oct,1315,1056,186,13.9,0.0,2025-10-24,2025-10-24,6,,,,0
2025,10,24,23,Oct,2107,1625,273,9.6,0.0,2025-10-24,2025-10-24,6,,,,0
2025,10,16,22,Oct,2186,1365,272,10.0,0.0,2025-10-16,2025-10-16,5,,,,0
2025,10,17,5,Oct,495,545,56,7.6,0.0,2025-10-17,2025-10-17,6,,,,0
2025,10,21,4,Oct,236,350,32,9.4,0.0,2025-10-21,2025-10-21,3,,,,0
2025,10,21,10,Oct,1010,1106,203,12.1,0.0,2025-10-21,2025-10-21,3,,,,0
2025,10,23,2,Oct,351,211,61,10.1,0.0,2025-10-23,2025-10-23,5,,,,0
2025,10,23,13,Oct,1261,1110,171,15.0,0.0,2025-10-23,2025-10-23,5,,,,0
2025,10,23,16,Oct,1424,1455,272,14.6,0.0,2025-10-23,2025-10-23,5,,,,0
2025,10,24,21,Oct,2028,1680,300,11.1,0.0,2025-10-24,2025-10-24,6,,,,0
2025,10,16,20,Oct,1948,1547,292,11.1,0.0,2025-10-16,2025-10-16,5,,,,0
2025,10,17,9,Oct,1241,1302,207,9.2,0.0,2025-10-17,2025-10-17,6,,,,0
2025,10,17,12,Oct,1178,1075,208,13.2,0.0,2025-10-17,2025-10-17,6,,,,0
2025,10,20,11,Oct,1007,1019,190,15.3,0.2,2025-10-20,2025-10-20,2,,,,0
2025,10,20,13,Oct,1210,1029,196,16.5,0.0,2025-10-20,2025-10-20,2,,,,0
2025,10,20,19,Oct,1465,1403,262,14.0,0.0,2025-10-20,2025-10-20,2,,,,0
2025,10,24,12,Oct,1127,1047,173,12.7,0.0,2025-10-24,2025-10-24,6,,,,0
2025,10,25,15,Oct,1394,1429,254,14.4,0.0,2025-10-25,2025-10-25,7,,,,0
2025,10,17,15,Oct,1264,1218,240,16.9,0.0,2025-10-17,2025-10-17,6,,,,0
2025,10,19,23,Oct,1111,673,129,18.8,0.0,2025-10-19,2025-10-19,1,,,,0
2025,10,21,21,Oct,1815,1220,188,15.8,0.0,2025-10-21,2025-10-21,3,,,,0
2025,10,23,0,Oct,904,560,121,10.8,0.0,2025-10-23,2025-10-23,5,,,,0
2025,10,23,3,Oct,267,228,37,9.7,0.0,2025-10-23,2025-10-23,5,,,,0
2025,10,23,19,Oct,1829,1743,326,11.4,0.0,2025-10-23,2025-10-23,5,,,,0
2025,10,24,6,Oct,743,793,103,6.4,0.0,2025-10-24,2025-10-24,6,,,,0
2025,10,24,16,Oct,1315,1389,220,14.8,0.0,2025-10-24,2025-10-24,6,,,,0
2025,10,24,17,Oct,1598,1681,305,14.4,0.0,2025-10-24,2025-10-24,6,,,,0
2025,10,25,0,Oct,1901,1308,238,9.1,0.0,2025-10-25,2025-10-25,7,,,,0
2025,10,17,4,Oct,466,446,42,7.8,0.0,2025-10-17,2025-10-17,6,,,,0
2025,10,17,11,Oct,1206,1126,177,12.0,0.0,2025-10-17,2025-10-17,6,,,,0
2025,10,19,1,Oct,1575,1117,211,11.7,0.0,2025-10-19,2025-10-19,1,,,,0
2025,10,21,22,Oct,1583,1031,169,15.8,0.0,2025-10-21,2025-10-21,3,,,,0
2025,10,22,21,Oct,2429,1369,229,12.1,0.0,2025-10-22,2025-10-22,4,,,,0
2025,10,23,20,Oct,2041,1615,282,10.9,0.0,2025-10-23,2025-10-23,5,,,,0
2025,10,19,7,Oct,506,718,70,10.5,0.0,2025-10-19,2025-10-19,1,,,,0
2025,10,20,3,Oct,242,113,22,19.7,1.28,2025-10-20,2025-10-20,2,,,,0
2025,10,21,5,Oct,387,535,63,9.0,0.0,2025-10-21,2025-10-21,3,,,,0
2025,10,21,16,Oct,1393,1225,240,19.2,0.0,2025-10-21,2025-10-21,3,,,,0
2025,10,22,11,Oct,1122,1185,202,15.5,0.1,2025-10-22,2025-10-22,4,,,,0
2025,10,16,21,Oct,2094,1541,280,10.5,0.0,2025-10-16,2025-10-16,5,,,,0
2025,10,17,18,Oct,1803,1868,350,14.2,0.0,2025-10-17,2025-10-17,6,,,,0
2025,10,19,2,Oct,1293,837,162,10.9,0.0,2025-10-19,2025-10-19,1,,,,0
2025,10,19,13,Oct,1382,1300,235,20.7,0.0,2025-10-19,2025-10-19,1,,,,0
2025,10,22,18,Oct,1935,1877,366,13.8,0.0,2025-10-22,2025-10-22,4,,,,0
2025,10,23,5,Oct,447,564,54,9.0,0.0,2025-10-23,2025-10-23,5,,,,0
2025,10,23,7,Oct,1098,1293,247,8.5,0.0,2025-10-23,2025-10-23,5,,,,0
2025,10,24,1,Oct,943,471,102,8.7,0.0,2025-10-24,2025-10-24,6,,,,0
2025,10,24,3,Oct,447,329,44,7.7,0.0,2025-10-24,2025-10-24,6,,,,0
2025,10,17,22,Oct,2327,1683,336,10.4,0.0,2025-10-17,2025-10-17,6,,,,0
2025,10,19,4,Oct,735,394,61,10.0,0.0,2025-10-19,2025-10-19,1,,,,0
2025,10,21,20,Oct,1845,1327,227,15.8,0.0,2025-10-21,2025-10-21,3,,,,0
2025,10,23,14,Oct,1259,1052,193,15.0,0.04,2025-10-23,2025-10-23,5,,,,0
2025,10,25,8,Oct,819,1117,152,6.6,0.0,2025-10-25,2025-10-25,7,,,,0
2025,10,25,12,Oct,1401,1418,284,13.3,0.0,2025-10-25,2025-10-25,7,,,,0
2025,10,25,16,Oct,1704,1792,307,14.2,0.0,2025-10-25,2025-10-25,7,,,,0
2025,10,17,10,Oct,1195,1180,222,10.6,0.0,2025-10-17,2025-10-17,6,,,,0
2025,10,18,3,Oct,922,558,114,7.5,0.0,2025-10-18,2025-10-18,7,,,,0
2025,10,22,7,Oct,1158,1283,226,12.1,0.22,2025-10-22,2025-10-22,4,,,,0
2025,10,23,4,Oct,348,383,44,9.3,0.0,2025-10-23,2025-10-23,5,,,,0
2025,10,25,4,Oct,712,490,68,6.9,0.0,2025-10-25,2025-10-25,7,,,,0
2025,10,25,18,Oct,1846,2162,363,12.6,0.0,2025-10-25,2025-10-25,7,,,,0
2025,10,24,19,Oct,1930,1805,373,11.7,0.0,2025-10-24,2025-10-24,6,,,,0
2025,10,17,3,Oct,441,303,50,7.9,0.0,2025-10-17,2025-10-17,6,,,,0
2025,10,17,21,Oct,1986,1552,263,11.5,0.0,2025-10-17,2025-10-17,6,,,,0
2025,10,18,5,Oct,468,460,42,6.9,0.0,2025-10-18,2025-10-18,7,,,,0
2025,10,18,12,Oct,1073,1014,361,15.0,0.0,2025-10-18,2025-10-18,7,,,,0
2025,10,20,10,Oct,983,1076,166,14.8,0.06,2025-10-20,2025-10-20,2,,,,0
2025,10,20,18,Oct,1736,1695,323,14.5,0.0,2025-10-20,2025-10-20,2,,,,0
2025,10,21,0,Oct,548,455,63,11.7,0.0,2025-10-21,2025-10-21,3,,,,0
2025,10,21,11,Oct,985,1039,147,14.0,0.0,2025-10-21,2025-10-21,3,,,,0
2025,10,21,14,Oct,1195,1071,185,18.5,0.0,2025-10-21,2025-10-21,3,,,,0
2025,10,22,4,Oct,237,330,32,12.7,0.26,2025-10-22,2025-10-22,4,,,,0
2025,10,22,12,Oct,1149,980,211,15.9,0.0,2025-10-22,2025-10-22,4,,,,0
2025,10,22,13,Oct,1198,1045,187,16.6,0.0,2025-10-22,2025-10-22,4,,,,0
2025,10,23,17,Oct,1647,1721,318,13.6,0.0,2025-10-23,2025-10-23,5,,,,0
2025,10,24,7,Oct,993,1044,147,6.1,0.0,2025-10-24,2025-10-24,6,,,,0
2025,10,24,18,Oct,1897,1934,350,13.2,0.0,2025-10-24,2025-10-24,6,,,,0
2025,10,18,17,Oct,1752,1830,305,17.3,0.0,2025-10-18,2025-10-18,7,,,,0
2025,10,19,19,Oct,1327,1466,229,17.7,0.0,2025-10-19,2025-10-19,1,,,,0
2025,10,22,20,Oct,2063,1354,265,12.2,0.0,2025-10-22,2025-10-22,4,,,,0
2025,10,23,21,Oct,2565,1466,263,10.7,0.0,2025-10-23,2025-10-23,5,,,,0
2025,10,25,11,Oct,1351,1477,257,11.7,0.0,2025-10-25,2025-10-25,7,,,,0
2025,10,17,1,Oct,858,504,109,8.4,0.0,2025-10-17,2025-10-17,6,,,,0
2025,10,18,10,Oct,1246,1289,253,11.4,0.0,2025-10-18,2025-10-18,7,,,,0
2025,10,18,11,Oct,1146,1104,328,13.4,0.0,2025-10-18,2025-10-18,7,,,,0
2025,10,18,15,Oct,1336,1364,226,17.1,0.0,2025-10-18,2025-10-18,7,,,,0
2025,10,20,4,Oct,247,322,27,17.4,5.86,2025-10-20,2025-10-20,2,,,,0
2025,10,22,2,Oct,240,210,29,13.3,0.26,2025-10-22,2025-10-22,4,,,,0
2025,10,22,3,Oct,194,173,21,13.1,0.72,2025-10-22,2025-10-22,4,,,,0
2025,10,23,18,Oct,1730,1778,364,12.5,0.0,2025-10-23,2025-10-23,5,,,,0
2025,10,24,14,Oct,1159,1017,190,14.4,0.0,2025-10-24,2025-10-24,6,,,,0
2025,10,25,13,Oct,1459,1338,270,14.4,0.0,2025-10-25,2025-10-25,7,,,,0
2025,10,18,22,Oct,2330,1771,293,13.6,0.0,2025-10-18,2025-10-18,7,,,,0
2025,10,19,0,Oct,1680,1378,240,12.7,0.0,2025-10-19,2025-10-19,1,,,,0
2025,10,19,8,Oct,726,863,100,12.0,0.0,2025-10-19,2025-10-19,1,,,,0
2025,10,19,11,Oct,1330,1288,232,19.7,0.0,2025-10-19,2025-10-19,1,,,,0
2025,10,19,18,Oct,1509,1466,254,18.2,0.0,2025-10-19,2025-10-19,1,,,,0
2025,10,23,10,Oct,1097,1189,231,11.1,0.0,2025-10-23,2025-10-23,5,,,,0
2025,10,18,19,Oct,1845,1873,311,13.8,0.0,2025-10-18,2025-10-18,7,,,,0
2025,10,20,2,Oct,307,157,45,20.0,0.06,2025-10-20,2025-10-20,2,,,,0
2025,10,20,8,Oct,1330,1456,293,14.6,0.1,2025-10-20,2025-10-20,2,,,,0
2025,10,20,17,Oct,1559,1501,243,15.0,0.0,2025-10-20,2025-10-20,2,,,,0
2025,10,21,6,Oct,659,889,114,8.6,0.0,2025-10-21,2025-10-21,3,,,,0
2025,10,21,18,Oct,1780,1340,310,16.2,0.0,2025-10-21,2025-10-21,3,,,,0
2025,10,22,14,Oct,1126,1031,193,16.2,0.0,2025-10-22,2025-10-22,4,,,,0
2025,10,22,17,Oct,1818,1880,377,14.9,0.0,2025-10-22,2025-10-22,4,,,,0
2025,10,23,15,Oct,1341,1230,219,14.9,0.0,2025-10-23,2025-10-23,5,,,,0
2025,10,24,2,Oct,607,313,61,8.0,0.0,2025-10-24,2025-10-24,6,,,,0
2025,10,24,4,Oct,421,489,47,7.2,0.0,2025-10-24,2025-10-24,6,,,,0
2025,10,22,10,Oct,1080,1200,223,14.8,0.0,2025-10-22,2025-10-22,4,,,,0
2025,10,22,15,Oct,1283,1164,235,16.3,0.0,2025-10-22,2025-10-22,4,,,,0
2025,10,23,8,Oct,1515,1728,355,9.2,0.0,2025-10-23,2025-10-23,5,,,,0
2025,10,18,4,Oct,620,365,68,7.3,0.0,2025-10-18,2025-10-18,7,,,,0
2025,10,21,2,Oct,209,154,22,10.4,0.0,2025-10-21,2025-10-21,3,,,,0
2025,10,22,5,Oct,420,506,49,12.7,0.22,2025-10-22,2025-10-22,4,,,,0
2025,10,25,14,Oct,1444,1386,250,14.4,0.0,2025-10-25,2025-10-25,7,,,,0
2025,10,18,0,Oct,1776,1302,219,9.1,0.0,2025-10-18,2025-10-18,7,,,,0
2025,10,21,3,Oct,166,147,19,9.9,0.0,2025-10-21,2025-10-21,3,,,,0
2025,10,21,15,Oct,1199,1096,218,19.0,0.0,2025-10-21,2025-10-21,3,,,,0
2025,10,22,16,Oct,1484,1450,274,15.7,0.0,2025-10-22,2025-10-22,4,,,,0
2025,10,18,14,Oct,1167,1060,218,17.3,0.0,2025-10-18,2025-10-18,7,,,,0
2025,10,18,18,Oct,1861,1880,298,15.2,0.0,2025-10-18,2025-10-18,7,,,,0
2025,10,18,21,Oct,1835,1591,261,13.7,0.0,2025-10-18,2025-10-18,7,,,,0
2025,10,19,6,Oct,446,633,51,10.0,0.0,2025-10-19,2025-10-19,1,,,,0
2025,10,19,22,Oct,1318,992,162,18.4,0.0,2025-10-19,2025-10-19,1,,,,0
2025,10,20,7,Oct,1018,1071,177,14.9,0.0,2025-10-20,2025-10-20,2,,,,0
2025,10,22,6,Oct,711,829,94,12.3,0.04,2025-10-22,2025-10-22,4,,,,0
2025,10,25,1,Oct,1636,1053,166,8.6,0.0,2025-10-25,2025-10-25,7,,,,0
2025,10,18,6,Oct,454,709,81,6.7,0.0,2025-10-18,2025-10-18,7,,,,0
2025,10,22,9,Oct,1339,1559,296,13.9,0.0,2025-10-22,2025-10-22,4,,,,0
2025,10,23,22,Oct,2171,1446,237,10.2,0.0,2025-10-23,2025-10-23,5,,,,0
2025,10,24,9,Oct,1216,1246,226,8.0,0.0,2025-10-24,2025-10-24,6,,,,0
2025,10,25,7,Oct,612,862,100,6.0,0.0,2025-10-25,2025-10-25,7,,,,0
2025,10,17,0,Oct,1139,825,145,8.8,0.0,2025-10-17,2025-10-17,6,,,,0
2025,10,17,17,Oct,1433,1506,268,16.4,0.0,2025-10-17,2025-10-17,6,,,,0
2025,10,18,16,Oct,1552,1633,292,17.7,0.0,2025-10-18,2025-10-18,7,,,,0
2025,10,18,20,Oct,1740,1701,263,13.6,0.0,2025-10-18,2025-10-18,7,,,,0
2025,10,19,15,Oct,1279,1264,184,20.8,0.0,2025-10-19,2025-10-19,1,,,,0
2025,10,24,8,Oct,1288,1321,235,6.6,0.0,2025-10-24,2025-10-24,6,,,,0
2025,10,18,1,Oct,1465,1002,176,8.6,0.0,2025-10-18,2025-10-18,7,,,,0
2025,10,18,7,Oct,688,913,104,6.6,0.0,2025-10-18,2025-10-18,7,,,,0
2025,10,18,9,Oct,1202,1265,239,9.5,0.0,2025-10-18,2025-10-18,7,,,,0
2025,10,19,16,Oct,1354,1390,221,20.3,0.0,2025-10-19,2025-10-19,1,,,,0
2025,10,20,1,Oct,389,221,31,19.1,0.14,2025-10-20,2025-10-20,2,,,,0
2025,10,20,23,Oct,1066,696,117,12.5,0.0,2025-10-20,2025-10-20,2,,,,0
2025,10,21,23,Oct,1136,755,143,15.4,0.28,2025-10-21,2025-10-21,3,,,,0
2025,10,22,0,Oct,675,518,85,14.1,0.36,2025-10-22,2025-10-22,4,,,,0
2025,10,23,9,Oct,1360,1476,296,10.4,0.0,2025-10-23,2025-10-23,5,,,,0
2025,10,25,3,Oct,1019,662,95,7.3,0.0,2025-10-25,2025-10-25,7,,,,0
2025,10,25,10,Oct,1220,1340,206,9.9,0.0,2025-10-25,2025-10-25,7,,,,0
2025,10,17,6,Oct,722,838,97,7.5,0.0,2025-10-17,2025-10-17,6,,,,0
2025,10,17,14,Oct,1236,1192,201,16.2,0.0,2025-10-17,2025-10-17,6,,,,0
2025,10,20,6,Oct,613,715,66,16.3,0.28,2025-10-20,2025-10-20,2,,,,0
2025,10,20,14,Oct,1071,1035,157,15.7,0.0,2025-10-20,2025-10-20,2,,,,0
2025,10,25,5,Oct,491,505,47,6.6,0.0,2025-10-25,2025-10-25,7,,,,0
2025,10,19,3,Oct,1111,598,119,10.2,0.0,2025-10-19,2025-10-19,1,,,,0
2025,10,20,12,Oct,970,1029,179,16.0,0.1,2025-10-20,2025-10-20,2,,,,0
2025,10,22,1,Oct,406,274,58,13.4,0.1,2025-10-22,2025-10-22,4,,,,0
2025,10,22,19,Oct,1851,1404,317,12.8,0.0,2025-10-22,2025-10-22,4,,,,0
2025,10,17,7,Oct,1065,1047,168,7.3,0.0,2025-10-17,2025-10-17,6,,,,0
2025,10,18,2,Oct,1194,823,142,8.2,0.0,2025-10-18,2025-10-18,7,,,,0
2025,10,18,23,Oct,1903,1662,230,13.2,0.0,2025-10-18,2025-10-18,7,,,,0
2025,10,19,9,Oct,962,1092,159,14.7,0.0,2025-10-19,2025-10-19,1,,,,0
2025,10,19,12,Oct,1333,1210,198,20.4,0.0,2025-10-19,2025-10-19,1,,,,0
2025,10,19,14,Oct,1396,1262,234,20.8,0.0,2025-10-19,2025-10-19,1,,,,0
2025,10,19,20,Oct,1313,1294,202,17.8,0.0,2025-10-19,2025-10-19,1,,,,0
2025,10,20,5,Oct,431,478,53,17.4,0.1,2025-10-20,2025-10-20,2,,,,0
2025,10,20,21,Oct,1751,1137,226,13.6,0.0,2025-10-20,2025-10-20,2,,,,0
2025,10,21,7,Oct,1091,1261,228,8.2,0.0,2025-10-21,2025-10-21,3,,,,0
2025,10,21,13,Oct,1077,991,165,17.0,0.0,2025-10-21,2025-10-21,3,,,,0
2025,10,22,22,Oct,1870,1085,183,11.6,0.0,2025-10-22,2025-10-22,4,,,,0
2025,10,23,1,Oct,522,309,69,10.4,0.0,2025-10-23,2025-10-23,5,,,,0
2025,10,24,10,Oct,1102,1036,166,9.8,0.0,2025-10-24,2025-10-24,6,,,,0
2025,10,24,22,Oct,2492,1685,369,10.2,0.0,2025-10-24,2025-10-24,6,,,,0
2025,10,25,6,Oct,511,732,72,6.3,0.0,2025-10-25,2025-10-25,7,,,,0
2025,10,25,9,Oct,1047,1319,191,8.1,0.0,2025-10-25,2025-10-25,7,,,,0
2025,10,16,23,Oct,1630,1161,182,9.3,0.0,2025-10-16,2025-10-16,5,,,,0
2025,10,17,19,Oct,1902,1791,356,13.0,0.0,2025-10-17,2025-10-17,6,,,,0
2025,10,17,20,Oct,1834,1634,325,12.5,0.0,2025-10-17,2025-10-17,6,,,,0
2025,10,20,15,Oct,1246,1223,188,16.2,0.0,2025-10-20,2025-10-20,2,,,,0
2025,10,24,11,Oct,1118,1101,169,11.5,0.0,2025-10-24,2025-10-24,6,,,,0
2025,10,17,8,Oct,1264,1296,236,8.1,0.0,2025-10-17,2025-10-17,6,,,,0
2025,10,19,10,Oct,1128,1275,197,17.7,0.0,2025-10-19,2025-10-19,1,,,,0
2025,10,19,17,Oct,1461,1474,248,19.2,0.0,2025-10-19,2025-10-19,1,,,,0
2025,10,20,16,Oct,1179,1360,228,15.1,0.0,2025-10-20,2025-10-20,2,,,,0
2025,10,21,8,Oct,1481,1788,347,8.8,0.0,2025-10-21,2025-10-21,3,,,,0
2025,10,21,12,Oct,1040,887,133,15.8,0.0,2025-10-21,2025-10-21,3,,,,0
2025,10,23,6,Oct,759,875,97,8.8,0.0,2025-10-23,2025-10-23,5,,,,0
2025,10,23,11,Oct,1113,1127,186,12.8,0.0,2025-10-23,2025-10-23,5,,,,0
2025,10,24,0,Oct,1308,778,146,9.2,0.0,2025-10-24,2025-10-24,6,,,,0
2025,10,24,20,Oct,1761,1696,294,12.0,0.0,2025-10-24,2025-10-24,6,,,,0
2025,10,20,22,Oct,1360,917,167,13.1,0.0,2025-10-20,2025-10-20,2,,,,0
2025,10,21,17,Oct,1676,1455,343,18.2,0.0,2025-10-21,2025-10-21,3,,,,0
2025,10,21,19,Oct,1814,1250,230,15.7,0.0,2025-10-21,2025-10-21,3,,,,0
2025,10,24,15,Oct,1217,1149,190,15.0,0.0,2025-10-24,2025-10-24,6,,,,0
2025,10,25,17,Oct,1736,1917,321,13.7,0.0,2025-10-25,2025-10-25,7,,,,0
2025,10,17,16,Oct,1315,1352,228,17.0,0.0,2025-10-17,2025-10-17,6,,,,0
2025,10,18,8,Oct,937,1100,170,8.1,0.0,2025-10-18,2025-10-18,7,,,,0
2025,10,18,13,Oct,1039,940,270,16.1,0.0,2025-10-18,2025-10-18,7,,,,0
2025,10,20,9,Oct,1177,1281,218,14.6,0.1,2025-10-20,2025-10-20,2,,,,0
2025,10,21,1,Oct,311,206,35,11.0,0.0,2025-10-21,2025-10-21,3,,,,0
2025,10,17,23,Oct,1982,1617,346,9.9,0.0,2025-10-17,2025-10-17,6,,,,0
2025,10,21,9,Oct,1192,1489,302,10.2,0.0,2025-10-21,2025-10-21,3,,,,0
2025,10,22,8,Oct,1589,1706,350,12.6,0.0,2025-10-22,2025-10-22,4,,,,0
2025,10,23,23,Oct,1726,1118,195,9.6,0.0,2025-10-23,2025-10-23,5,,,,0
2025,10,25,2,Oct,1280,885,156,7.8,0.0,2025-10-25,2025-10-25,7,,,,0
2020,11,3,0,Nov,209,144,17,4.1,0.0,2020-11-3,2020-11-03,3,,,,0
2020,11,3,8,Nov,693,648,109,6.2,0.0,2020-11-3,2020-11-03,3,,,,0
2020,11,5,7,Nov,572,530,61,7.3,0.0,2020-11-5,2020-11-05,5,,,,0
2020,11,7,14,Nov,1038,1047,172,21.4,0.0,2020-11-7,2020-11-07,7,,,,0
2020,11,9,1,Nov,195,131,23,9.6,0.0,2020-11-9,2020-11-09,2,,,,0
2020,11,9,5,Nov,142,243,19,8.7,0.0,2020-11-9,2020-11-09,2,,,,0
2020,11,13,10,Nov,671,692,112,9.0,0.34,2020-11-13,2020-11-13,6,,,,0
2020,11,14,1,Nov,598,444,65,6.7,0.0,2020-11-14,2020-11-14,7,,,,0
2020,11,14,5,Nov,141,192,23,5.7,0.0,2020-11-14,2020-11-14,7,,,,0
2020,11,14,22,Nov,1132,1122,163,4.8,0.0,2020-11-14,2020-11-14,7,,,,0
2020,11,15,14,Nov,806,811,136,13.4,0.0,2020-11-15,2020-11-15,1,,,,0
2020,11,17,21,Nov,596,538,88,4.0,0.0,2020-11-17,2020-11-17,3,,,,0
2020,11,19,13,Nov,556,557,91,5.1,0.0,2020-11-19,2020-11-19,5,,,,0
2020,11,20,21,Nov,780,742,128,11.0,0.0,2020-11-20,2020-11-20,6,,,,0
2020,11,21,10,Nov,617,699,110,12.5,0.0,2020-11-21,2020-11-21,7,,,,0
2020,11,22,4,Nov,164,143,21,4.6,0.0,2020-11-22,2020-11-22,1,,,,0
2020,11,23,11,Nov,493,494,71,10.2,0.2,2020-11-23,2020-11-23,2,,,,0
2020,11,24,3,Nov,77,68,13,3.8,0.0,2020-11-24,2020-11-24,3,,,,0
2020,11,24,8,Nov,700,611,90,5.4,0.0,2020-11-24,2020-11-24,3,,,,0
2020,11,25,8,Nov,593,537,68,5.9,0.0,2020-11-25,2020-11-25,4,,,,0
2020,11,27,4,Nov,92,115,16,7.0,0.0,2020-11-27,2020-11-27,6,,,,0
2020,11,27,11,Nov,439,387,52,13.3,0.0,2020-11-27,2020-11-27,6,,,,0
2020,11,3,23,Nov,586,456,80,6.3,0.0,2020-11-3,2020-11-03,3,,,,0
2020,11,4,3,Nov,101,63,22,4.8,0.0,2020-11-4,2020-11-04,4,,,,0
2020,11,5,16,Nov,627,763,102,18.5,0.0,2020-11-5,2020-11-05,5,,,,0
2020,11,7,21,Nov,1310,1186,185,14.5,0.0,2020-11-7,2020-11-07,7,,,,0
2020,11,9,4,Nov,80,105,14,8.0,0.0,2020-11-9,2020-11-09,2,,,,0
2020,11,12,12,Nov,539,569,78,12.0,0.3,2020-11-12,2020-11-12,5,,,,0
2020,11,12,18,Nov,1053,1076,185,10.3,0.0,2020-11-12,2020-11-12,5,,,,0
2020,11,17,1,Nov,133,100,26,3.9,0.0,2020-11-17,2020-11-17,3,,,,0
2020,11,18,6,Nov,386,333,42,0.8,0.0,2020-11-18,2020-11-18,4,,,,0
2020,11,19,12,Nov,564,549,84,4.0,0.0,2020-11-19,2020-11-19,5,,,,0
2020,11,20,0,Nov,298,224,42,5.6,0.0,2020-11-20,2020-11-20,6,,,,0
2020,11,20,19,Nov,1338,1212,197,10.3,0.0,2020-11-20,2020-11-20,6,,,,0
2020,11,22,7,Nov,209,290,28,5.0,0.0,2020-11-22,2020-11-22,1,,,,0
2020,11,23,17,Nov,691,773,142,7.4,0.0,2020-11-23,2020-11-23,2,,,,0
2020,11,24,0,Nov,148,136,23,4.4,0.0,2020-11-24,2020-11-24,3,,,,0
2020,11,26,22,Nov,543,603,79,11.3,0.0,2020-11-26,2020-11-26,5,,,,0
2020,11,27,18,Nov,641,621,121,12.0,0.0,2020-11-27,2020-11-27,6,,,,0
2020,11,28,4,Nov,77,67,8,4.8,0.0,2020-11-28,2020-11-28,7,,,,0
2020,11,28,20,Nov,672,608,129,7.3,0.0,2020-11-28,2020-11-28,7,,,,0
2020,11,30,5,Nov,123,226,11,7.7,0.0,2020-11-30,2020-11-30,2,,,,0
2020,11,1,15,Nov,924,985,192,11.8,1.4,2020-11-1,2020-11-01,1,,,,0
2020,11,1,21,Nov,578,573,100,10.2,0.14,2020-11-1,2020-11-01,1,,,,0
2020,11,4,4,Nov,116,97,12,4.2,0.0,2020-11-4,2020-11-04,4,,,,0
2020,11,6,9,Nov,622,649,80,12.3,0.0,2020-11-6,2020-11-06,6,,,,0
2020,11,6,16,Nov,751,954,136,20.0,0.0,2020-11-6,2020-11-06,6,,,,0
2020,11,6,18,Nov,1322,1183,211,15.7,0.0,2020-11-6,2020-11-06,6,,,,0
2020,11,6,20,Nov,1137,1048,179,14.0,0.0,2020-11-6,2020-11-06,6,,,,0
2020,11,7,5,Nov,141,155,20,9.3,0.0,2020-11-7,2020-11-07,7,,,,0
2020,11,12,2,Nov,92,103,13,18.4,0.68,2020-11-12,2020-11-12,5,,,,0
2020,11,15,17,Nov,699,750,131,14.3,0.0,2020-11-15,2020-11-15,1,,,,0
2020,11,16,15,Nov,575,583,93,11.3,0.0,2020-11-16,2020-11-16,2,,,,0
2020,11,17,5,Nov,135,186,20,4.2,0.0,2020-11-17,2020-11-17,3,,,,0
2020,11,18,16,Nov,635,700,138,2.1,0.0,2020-11-18,2020-11-18,4,,,,0
2020,11,19,0,Nov,238,209,37,-2.5,0.0,2020-11-19,2020-11-19,5,,,,0
2020,11,20,7,Nov,536,514,73,5.2,0.0,2020-11-20,2020-11-20,6,,,,0
2020,11,20,16,Nov,784,1049,127,14.5,0.0,2020-11-20,2020-11-20,6,,,,0
2020,11,21,2,Nov,416,307,40,9.6,0.0,2020-11-21,2020-11-21,7,,,,0
2020,11,22,23,Nov,302,213,38,12.6,0.06,2020-11-22,2020-11-22,1,,,,0
2020,11,23,5,Nov,153,241,25,13.8,1.62,2020-11-23,2020-11-23,2,,,,0
2020,11,24,23,Nov,312,217,40,3.0,0.0,2020-11-24,2020-11-24,3,,,,0
2020,11,26,4,Nov,122,85,17,10.7,0.48,2020-11-26,2020-11-26,5,,,,0
2020,11,30,12,Nov,589,552,121,14.2,7.1,2020-11-30,2020-11-30,2,,,,0
2020,11,1,18,Nov,806,809,139,12.5,0.8,2020-11-1,2020-11-01,1,,,,0
2020,11,3,3,Nov,67,60,8,4.7,0.0,2020-11-3,2020-11-03,3,,,,0
2020,11,5,5,Nov,135,191,14,7.8,0.0,2020-11-5,2020-11-05,5,,,,0
2020,11,5,18,Nov,986,973,176,14.5,0.0,2020-11-5,2020-11-05,5,,,,0
2020,11,6,6,Nov,330,390,38,9.7,0.0,2020-11-6,2020-11-06,6,,,,0
2020,11,6,17,Nov,1012,1100,188,18.2,0.0,2020-11-6,2020-11-06,6,,,,0
2020,11,7,22,Nov,1307,1133,160,13.8,0.0,2020-11-7,2020-11-07,7,,,,0
2020,11,8,0,Nov,1242,990,121,12.0,0.0,2020-11-8,2020-11-08,1,,,,0
2020,11,9,17,Nov,686,735,130,18.6,0.0,2020-11-9,2020-11-09,2,,,,0
2020,11,10,7,Nov,582,508,51,11.7,0.0,2020-11-10,2020-11-10,3,,,,0
2020,11,10,23,Nov,431,388,49,15.9,0.0,2020-11-10,2020-11-10,3,,,,0
2020,11,11,5,Nov,101,179,17,15.6,0.0,2020-11-11,2020-11-11,4,,,,0
2020,11,14,13,Nov,1016,988,174,10.5,0.0,2020-11-14,2020-11-14,7,,,,0
2020,11,14,15,Nov,1042,1123,161,11.3,0.0,2020-11-14,2020-11-14,7,,,,0
2020,11,16,17,Nov,721,728,117,9.7,0.0,2020-11-16,2020-11-16,2,,,,0
2020,11,17,0,Nov,171,119,27,4.4,0.0,2020-11-17,2020-11-17,3,,,,0
2020,11,17,14,Nov,591,571,108,8.6,0.0,2020-11-17,2020-11-17,3,,,,0
2020,11,18,22,Nov,596,501,93,-1.3,0.0,2020-11-18,2020-11-18,4,,,,0
2020,11,19,9,Nov,685,640,89,-0.5,0.0,2020-11-19,2020-11-19,5,,,,0
2020,11,22,10,Nov,488,664,87,6.5,0.0,2020-11-22,2020-11-22,1,,,,0
2020,11,22,18,Nov,652,668,103,11.5,0.1,2020-11-22,2020-11-22,1,,,,0
2020,11,23,13,Nov,566,568,89,9.5,0.0,2020-11-23,2020-11-23,2,,,,0
2020,11,25,9,Nov,539,661,77,6.9,0.0,2020-11-25,2020-11-25,4,,,,0
2020,11,26,5,Nov,137,164,25,11.5,0.68,2020-11-26,2020-11-26,5,,,,0
2020,11,27,7,Nov,214,209,16,7.2,0.0,2020-11-27,2020-11-27,6,,,,0
2020,11,27,22,Nov,523,463,103,8.9,0.0,2020-11-27,2020-11-27,6,,,,0
2020,11,2,19,Nov,734,738,134,3.7,0.0,2020-11-2,2020-11-02,2,,,,0
2020,11,4,20,Nov,519,468,73,12.2,0.0,2020-11-4,2020-11-04,4,,,,0
2020,11,5,9,Nov,619,569,80,10.1,0.0,2020-11-5,2020-11-05,5,,,,0
2020,11,7,1,Nov,738,569,73,11.6,0.0,2020-11-7,2020-11-07,7,,,,0
2020,11,7,9,Nov,484,635,72,12.6,0.0,2020-11-7,2020-11-07,7,,,,0
2020,11,7,20,Nov,1237,1142,180,14.5,0.0,2020-11-7,2020-11-07,7,,,,0
2020,11,8,23,Nov,423,274,49,13.1,0.0,2020-11-8,2020-11-08,1,,,,0
2020,11,9,16,Nov,552,630,105,21.2,0.0,2020-11-9,2020-11-09,2,,,,0
2020,11,10,15,Nov,576,564,92,21.8,0.0,2020-11-10,2020-11-10,3,,,,0
2020,11,10,20,Nov,619,559,109,16.2,0.0,2020-11-10,2020-11-10,3,,,,0
2020,11,11,3,Nov,52,57,8,15.6,0.0,2020-11-11,2020-11-11,4,,,,0
2020,11,17,7,Nov,594,509,61,3.1,0.0,2020-11-17,2020-11-17,3,,,,0
2020,11,19,18,Nov,1094,1049,180,6.4,0.0,2020-11-19,2020-11-19,5,,,,0
2020,11,20,14,Nov,661,686,121,14.2,0.0,2020-11-20,2020-11-20,6,,,,0
2020,11,21,4,Nov,183,132,27,8.4,0.0,2020-11-21,2020-11-21,7,,,,0
2020,11,22,2,Nov,369,294,39,5.5,0.0,2020-11-22,2020-11-22,1,,,,0
2020,11,25,20,Nov,490,476,88,7.2,0.0,2020-11-25,2020-11-25,4,,,,0
2020,11,28,19,Nov,870,813,167,8.4,0.0,2020-11-28,2020-11-28,7,,,,0
2020,11,29,12,Nov,614,505,85,8.9,0.0,2020-11-29,2020-11-29,1,,,,0
2020,11,29,22,Nov,450,337,45,6.9,0.0,2020-11-29,2020-11-29,1,,,,0
2020,11,30,1,Nov,160,79,14,5.1,0.0,2020-11-30,2020-11-30,2,,,,0
2020,11,1,14,Nov,1018,1153,246,13.0,0.3,2020-11-1,2020-11-01,1,,,,0
2020,11,3,12,Nov,492,486,93,11.6,0.0,2020-11-3,2020-11-03,3,,,,0
2020,11,4,1,Nov,290,212,34,5.7,0.0,2020-11-4,2020-11-04,4,,,,0
2020,11,4,10,Nov,445,421,55,9.2,0.0,2020-11-4,2020-11-04,4,,,,0
2020,11,6,8,Nov,642,632,90,11.1,0.0,2020-11-6,2020-11-06,6,,,,0
2020,11,7,4,Nov,201,139,24,9.9,0.0,2020-11-7,2020-11-07,7,,,,0
2020,11,8,1,Nov,979,712,89,11.5,0.0,2020-11-8,2020-11-08,1,,,,0
2020,11,8,7,Nov,236,235,24,8.0,0.0,2020-11-8,2020-11-08,1,,,,0
2020,11,8,9,Nov,402,492,61,11.7,0.0,2020-11-8,2020-11-08,1,,,,0
2020,11,10,21,Nov,596,501,77,16.5,0.0,2020-11-10,2020-11-10,3,,,,0
2020,11,11,11,Nov,518,501,82,20.2,0.0,2020-11-11,2020-11-11,4,,,,0
2020,11,11,13,Nov,539,558,99,21.7,0.0,2020-11-11,2020-11-11,4,,,,0
2020,11,13,8,Nov,834,799,130,8.6,0.3,2020-11-13,2020-11-13,6,,,,0
2020,11,13,12,Nov,687,667,125,9.3,0.94,2020-11-13,2020-11-13,6,,,,0
2020,11,14,8,Nov,345,474,64,6.4,0.0,2020-11-14,2020-11-14,7,,,,0
2020,11,14,9,Nov,494,601,69,7.1,0.0,2020-11-14,2020-11-14,7,,,,0
2020,11,16,2,Nov,89,92,14,10.7,0.0,2020-11-16,2020-11-16,2,,,,0
2020,11,16,8,Nov,796,724,101,8.0,0.0,2020-11-16,2020-11-16,2,,,,0
2020,11,18,1,Nov,127,106,13,1.3,0.0,2020-11-18,2020-11-18,4,,,,0
2020,11,18,20,Nov,600,650,104,-0.1,0.0,2020-11-18,2020-11-18,4,,,,0
2020,11,19,6,Nov,410,360,40,-1.9,0.0,2020-11-19,2020-11-19,5,,,,0
2020,11,19,14,Nov,599,609,110,6.5,0.0,2020-11-19,2020-11-19,5,,,,0
2020,11,22,8,Nov,291,415,46,5.4,0.0,2020-11-22,2020-11-22,1,,,,0
2020,11,22,20,Nov,489,489,84,10.2,0.0,2020-11-22,2020-11-22,1,,,,0
2020,11,23,7,Nov,679,603,103,13.4,1.98,2020-11-23,2020-11-23,2,,,,0
2020,11,25,1,Nov,140,146,21,5.0,0.0,2020-11-25,2020-11-25,4,,,,0
2020,11,26,21,Nov,547,593,62,11.7,0.0,2020-11-26,2020-11-26,5,,,,0
2020,11,27,8,Nov,219,246,33,7.8,0.0,2020-11-27,2020-11-27,6,,,,0
2020,11,29,6,Nov,157,197,14,2.5,0.0,2020-11-29,2020-11-29,1,,,,0
2020,11,29,9,Nov,277,306,28,3.5,0.0,2020-11-29,2020-11-29,1,,,,0
2020,11,29,21,Nov,600,425,87,7.5,0.0,2020-11-29,2020-11-29,1,,,,0
2020,11,30,18,Nov,722,655,115,15.9,3.48,2020-11-30,2020-11-30,2,,,,0
2020,11,1,22,Nov,518,421,70,9.2,0.0,2020-11-1,2020-11-01,1,,,,0
2020,11,2,6,Nov,416,411,43,3.6,0.0,2020-11-2,2020-11-02,2,,,,0
2020,11,3,5,Nov,149,231,31,6.0,0.0,2020-11-3,2020-11-03,3,,,,0
2020,11,4,8,Nov,667,559,94,5.0,0.0,2020-11-4,2020-11-04,4,,,,0
2020,11,5,1,Nov,116,131,20,9.3,0.0,2020-11-5,2020-11-05,5,,,,0
2020,11,5,6,Nov,369,389,36,7.5,0.0,2020-11-5,2020-11-05,5,,,,0
2020,11,7,13,Nov,1024,985,184,20.6,0.0,2020-11-7,2020-11-07,7,,,,0
2020,11,8,21,Nov,667,550,108,11.9,0.0,2020-11-8,2020-11-08,1,,,,0
2020,11,11,7,Nov,525,464,55,15.9,0.0,2020-11-11,2020-11-11,4,,,,0
2020,11,11,10,Nov,529,525,85,18.2,0.1,2020-11-11,2020-11-11,4,,,,0
2020,11,12,21,Nov,644,547,94,8.6,0.0,2020-11-12,2020-11-12,5,,,,0
2020,11,13,19,Nov,1544,1292,231,7.7,0.0,2020-11-13,2020-11-13,6,,,,0
2020,11,16,5,Nov,142,241,12,8.0,0.0,2020-11-16,2020-11-16,2,,,,0
2020,11,21,11,Nov,759,755,118,14.3,0.0,2020-11-21,2020-11-21,7,,,,0
2020,11,26,20,Nov,471,503,58,11.7,0.0,2020-11-26,2020-11-26,5,,,,0
2020,11,28,5,Nov,102,108,17,5.4,0.0,2020-11-28,2020-11-28,7,,,,0
2020,11,4,15,Nov,527,528,101,16.1,0.0,2020-11-4,2020-11-04,4,,,,0
2020,11,4,21,Nov,487,463,84,12.0,0.0,2020-11-4,2020-11-04,4,,,,0
2020,11,6,0,Nov,393,277,52,11.4,0.0,2020-11-6,2020-11-06,6,,,,0
2020,11,7,2,Nov,487,387,57,11.3,0.0,2020-11-7,2020-11-07,7,,,,0
2020,11,7,7,Nov,254,354,29,8.2,0.0,2020-11-7,2020-11-07,7,,,,0
2020,11,8,16,Nov,857,1076,165,21.4,0.0,2020-11-8,2020-11-08,1,,,,0
2020,11,10,14,Nov,557,539,85,21.1,0.0,2020-11-10,2020-11-10,3,,,,0
2020,11,10,18,Nov,890,809,117,17.3,0.0,2020-11-10,2020-11-10,3,,,,0
2020,11,12,14,Nov,627,622,134,10.7,0.4,2020-11-12,2020-11-12,5,,,,0
2020,11,13,16,Nov,748,925,151,10.9,0.0,2020-11-13,2020-11-13,6,,,,0
2020,11,15,4,Nov,192,139,34,3.8,0.0,2020-11-15,2020-11-15,1,,,,0
2020,11,15,18,Nov,754,716,130,14.9,0.0,2020-11-15,2020-11-15,1,,,,0
2020,11,17,18,Nov,927,867,149,5.2,0.0,2020-11-17,2020-11-17,3,,,,0
2020,11,19,7,Nov,589,570,72,-1.7,0.0,2020-11-19,2020-11-19,5,,,,0
2020,11,23,8,Nov,893,762,106,12.7,2.54,2020-11-23,2020-11-23,2,,,,0
2020,11,24,12,Nov,562,592,99,7.6,0.0,2020-11-24,2020-11-24,3,,,,0
2020,11,26,10,Nov,302,453,67,14.8,0.44,2020-11-26,2020-11-26,5,,,,0
2020,11,26,13,Nov,555,497,73,15.9,0.0,2020-11-26,2020-11-26,5,,,,0
2020,11,27,16,Nov,538,635,99,15.3,0.0,2020-11-27,2020-11-27,6,,,,0
2020,11,29,13,Nov,587,573,97,9.9,0.0,2020-11-29,2020-11-29,1,,,,0
2020,11,30,7,Nov,635,525,68,10.4,0.0,2020-11-30,2020-11-30,2,,,,0
2020,11,1,1,Nov,2296,1882,289,5.8,0.0,2020-11-1,2020-11-01,1,,,,0
2020,11,1,20,Nov,752,559,98,11.1,0.46,2020-11-1,2020-11-01,1,,,,0
2020,11,11,9,Nov,614,584,91,17.5,0.14,2020-11-11,2020-11-11,4,,,,0
2020,11,14,10,Nov,700,709,111,8.6,0.0,2020-11-14,2020-11-14,7,,,,0
2020,11,16,7,Nov,618,505,83,7.4,0.0,2020-11-16,2020-11-16,2,,,,0
2020,11,16,20,Nov,483,438,83,6.2,0.0,2020-11-16,2020-11-16,2,,,,0
2020,11,17,15,Nov,580,572,106,8.3,0.2,2020-11-17,2020-11-17,3,,,,0
2020,11,17,23,Nov,303,290,39,2.7,0.0,2020-11-17,2020-11-17,3,,,,0
2020,11,19,5,Nov,139,209,13,-2.5,0.0,2020-11-19,2020-11-19,5,,,,0
2020,11,19,23,Nov,440,362,69,5.6,0.0,2020-11-19,2020-11-19,5,,,,0
2020,11,20,5,Nov,131,270,21,5.7,0.0,2020-11-20,2020-11-20,6,,,,0
2020,11,20,6,Nov,383,393,36,5.5,0.0,2020-11-20,2020-11-20,6,,,,0
2020,11,20,12,Nov,604,686,93,11.5,0.0,2020-11-20,2020-11-20,6,,,,0
2020,11,21,7,Nov,303,319,45,7.1,0.0,2020-11-21,2020-11-21,7,,,,0
2020,11,21,16,Nov,880,1061,156,14.0,0.0,2020-11-21,2020-11-21,7,,,,0
2020,11,21,22,Nov,1018,913,158,9.3,0.0,2020-11-21,2020-11-21,7,,,,0
2020,11,21,23,Nov,680,557,83,8.5,0.0,2020-11-21,2020-11-21,7,,,,0
2020,11,23,3,Nov,69,56,10,13.9,0.96,2020-11-23,2020-11-23,2,,,,0
2020,11,26,16,Nov,630,566,90,17.1,0.0,2020-11-26,2020-11-26,5,,,,0
2020,11,27,0,Nov,444,435,52,9.5,0.0,2020-11-27,2020-11-27,6,,,,0
2020,11,27,14,Nov,501,469,97,15.8,0.0,2020-11-27,2020-11-27,6,,,,0
2020,11,28,21,Nov,710,668,124,6.5,0.0,2020-11-28,2020-11-28,7,,,,0
2020,11,29,7,Nov,170,170,19,2.2,0.0,2020-11-29,2020-11-29,1,,,,0
2020,11,29,20,Nov,603,457,85,7.5,0.0,2020-11-29,2020-11-29,1,,,,0
2020,11,30,22,Nov,342,283,46,15.8,0.1,2020-11-30,2020-11-30,2,,,,0
2020,11,2,1,Nov,180,118,19,5.4,0.04,2020-11-2,2020-11-02,2,,,,0
2020,11,2,22,Nov,429,382,64,4.4,0.0,2020-11-2,2020-11-02,2,,,,0
2020,11,3,13,Nov,546,557,94,11.8,0.0,2020-11-3,2020-11-03,3,,,,0
2020,11,4,5,Nov,155,211,22,4.3,0.0,2020-11-4,2020-11-04,4,,,,0
2020,11,4,18,Nov,812,693,130,12.0,0.0,2020-11-4,2020-11-04,4,,,,0
2020,11,5,11,Nov,504,449,72,14.2,0.0,2020-11-5,2020-11-05,5,,,,0
2020,11,8,6,Nov,198,244,34,8.4,0.0,2020-11-8,2020-11-08,1,,,,0
2020,11,11,8,Nov,719,700,99,16.4,0.0,2020-11-11,2020-11-11,4,,,,0
2020,11,11,19,Nov,1108,981,206,18.7,0.88,2020-11-11,2020-11-11,4,,,,0
2020,11,14,14,Nov,1008,1068,164,11.0,0.0,2020-11-14,2020-11-14,7,,,,0
2020,11,14,23,Nov,918,776,112,4.3,0.0,2020-11-14,2020-11-14,7,,,,0
2020,11,18,0,Nov,179,179,24,1.9,0.0,2020-11-18,2020-11-18,4,,,,0
2020,11,19,11,Nov,569,522,92,2.6,0.0,2020-11-19,2020-11-19,5,,,,0
2020,11,20,11,Nov,623,609,80,9.8,0.0,2020-11-20,2020-11-20,6,,,,0
2020,11,20,22,Nov,1034,933,143,10.8,0.0,2020-11-20,2020-11-20,6,,,,0
2020,11,21,3,Nov,195,154,38,9.1,0.0,2020-11-21,2020-11-21,7,,,,0
2020,11,22,13,Nov,687,742,125,8.8,0.0,2020-11-22,2020-11-22,1,,,,0
2020,11,25,10,Nov,558,603,67,8.2,0.0,2020-11-25,2020-11-25,4,,,,0
2020,11,25,19,Nov,657,692,120,7.7,0.0,2020-11-25,2020-11-25,4,,,,0
2020,11,27,23,Nov,376,300,40,8.4,0.0,2020-11-27,2020-11-27,6,,,,0
2020,11,28,0,Nov,325,246,40,8.2,0.0,2020-11-28,2020-11-28,7,,,,0
2020,11,28,23,Nov,518,360,76,5.1,0.0,2020-11-28,2020-11-28,7,,,,0
2020,11,29,0,Nov,508,408,66,4.7,0.0,2020-11-29,2020-11-29,1,,,,0
2020,11,29,4,Nov,122,95,21,2.5,0.0,2020-11-29,2020-11-29,1,,,,0
2020,11,1,13,Nov,947,1001,220,14.0,0.0,2020-11-1,2020-11-01,1,,,,0
2020,11,2,2,Nov,101,106,10,4.3,0.0,2020-11-2,2020-11-02,2,,,,0
2020,11,2,13,Nov,639,589,106,6.3,0.0,2020-11-2,2020-11-02,2,,,,0
2020,11,4,12,Nov,503,441,80,13.2,0.0,2020-11-4,2020-11-04,4,,,,0
2020,11,7,11,Nov,804,753,100,17.5,0.0,2020-11-7,2020-11-07,7,,,,0
2020,11,8,14,Nov,816,870,148,21.4,0.0,2020-11-8,2020-11-08,1,,,,0
2020,11,8,20,Nov,746,610,114,12.8,0.0,2020-11-8,2020-11-08,1,,,,0
2020,11,9,15,Nov,561,572,95,21.5,0.0,2020-11-9,2020-11-09,2,,,,0
2020,11,10,1,Nov,124,113,16,13.0,0.0,2020-11-10,2020-11-10,3,,,,0
2020,11,10,12,Nov,518,502,76,18.3,0.0,2020-11-10,2020-11-10,3,,,,0
2020,11,11,20,Nov,713,733,132,17.6,1.48,2020-11-11,2020-11-11,4,,,,0
2020,11,13,9,Nov,732,757,134,8.7,0.2,2020-11-13,2020-11-13,6,,,,0
2020,11,15,0,Nov,816,701,102,4.0,0.0,2020-11-15,2020-11-15,1,,,,0
2020,11,15,16,Nov,738,807,149,13.9,0.0,2020-11-15,2020-11-15,1,,,,0
2020,11,16,3,Nov,68,48,9,9.2,0.0,2020-11-16,2020-11-16,2,,,,0
2020,11,16,18,Nov,756,713,118,8.1,0.0,2020-11-16,2020-11-16,2,,,,0
2020,11,17,4,Nov,83,75,7,4.0,0.0,2020-11-17,2020-11-17,3,,,,0
2020,11,18,3,Nov,44,49,14,0.2,0.0,2020-11-18,2020-11-18,4,,,,0
2020,11,18,19,Nov,903,845,141,0.4,0.0,2020-11-18,2020-11-18,4,,,,0
2020,11,19,15,Nov,640,663,102,7.1,0.0,2020-11-19,2020-11-19,5,,,,0
2020,11,21,0,Nov,599,490,85,9.7,0.0,2020-11-21,2020-11-21,7,,,,0
2020,11,23,10,Nov,545,556,92,12.9,0.64,2020-11-23,2020-11-23,2,,,,0
2020,11,28,9,Nov,281,294,52,8.4,0.0,2020-11-28,2020-11-28,7,,,,0
2020,11,29,11,Nov,504,459,89,7.5,0.0,2020-11-29,2020-11-29,1,,,,0
2020,11,29,16,Nov,681,664,104,10.9,0.0,2020-11-29,2020-11-29,1,,,,0
2020,11,1,2,Nov,636,554,93,4.8,0.0,2020-11-1,2020-11-01,1,,,,0
2020,11,1,12,Nov,948,1003,235,13.4,0.0,2020-11-1,2020-11-01,1,,,,0
2020,11,3,18,Nov,764,763,114,9.1,0.0,2020-11-3,2020-11-03,3,,,,0
2020,11,5,21,Nov,680,541,113,12.5,0.0,2020-11-5,2020-11-05,5,,,,0
2020,11,6,7,Nov,565,512,59,9.9,0.0,2020-11-6,2020-11-06,6,,,,0
2020,11,8,18,Nov,838,872,130,14.3,0.0,2020-11-8,2020-11-08,1,,,,0
2020,11,10,4,Nov,59,76,7,12.4,0.0,2020-11-10,2020-11-10,3,,,,0
2020,11,11,18,Nov,1196,1032,196,19.0,0.54,2020-11-11,2020-11-11,4,,,,0
2020,11,13,0,Nov,386,277,47,8.8,0.1,2020-11-13,2020-11-13,6,,,,0
2020,11,14,18,Nov,1357,1338,234,7.4,0.0,2020-11-14,2020-11-14,7,,,,0
2020,11,15,10,Nov,497,585,88,9.1,0.0,2020-11-15,2020-11-15,1,,,,0
2020,11,16,13,Nov,568,496,86,11.0,0.0,2020-11-16,2020-11-16,2,,,,0
2020,11,16,19,Nov,661,615,91,7.2,0.0,2020-11-16,2020-11-16,2,,,,0
2020,11,22,9,Nov,358,508,60,5.9,0.0,2020-11-22,2020-11-22,1,,,,0
2020,11,22,22,Nov,403,369,68,11.8,0.0,2020-11-22,2020-11-22,1,,,,0
2020,11,23,14,Nov,588,622,102,9.9,0.0,2020-11-23,2020-11-23,2,,,,0
2020,11,24,5,Nov,147,225,22,3.4,0.0,2020-11-24,2020-11-24,3,,,,0
2020,11,25,18,Nov,702,818,117,7.8,0.0,2020-11-25,2020-11-25,4,,,,0
2020,11,26,9,Nov,212,317,51,14.2,1.84,2020-11-26,2020-11-26,5,,,,0
2020,11,29,3,Nov,189,129,30,3.0,0.0,2020-11-29,2020-11-29,1,,,,0
2020,11,2,4,Nov,109,100,12,3.1,0.0,2020-11-2,2020-11-02,2,,,,0
2020,11,3,6,Nov,374,396,51,6.1,0.0,2020-11-3,2020-11-03,3,,,,0
2020,11,4,11,Nov,455,392,73,11.4,0.0,2020-11-4,2020-11-04,4,,,,0
2020,11,5,2,Nov,78,92,13,8.7,0.0,2020-11-5,2020-11-05,5,,,,0
2020,11,5,14,Nov,544,587,99,18.4,0.0,2020-11-5,2020-11-05,5,,,,0
2020,11,6,11,Nov,552,534,71,16.0,0.0,2020-11-6,2020-11-06,6,,,,0
2020,11,7,23,Nov,1448,1165,192,13.0,0.0,2020-11-7,2020-11-07,7,,,,0
2020,11,8,4,Nov,231,162,27,9.4,0.0,2020-11-8,2020-11-08,1,,,,0
2020,11,9,2,Nov,115,84,11,8.7,0.0,2020-11-9,2020-11-09,2,,,,0
2020,11,11,12,Nov,585,517,77,21.2,0.0,2020-11-11,2020-11-11,4,,,,0
2020,11,13,4,Nov,109,124,4,9.1,0.0,2020-11-13,2020-11-13,6,,,,0
2020,11,13,5,Nov,167,236,26,9.0,0.14,2020-11-13,2020-11-13,6,,,,0
2020,11,13,7,Nov,605,534,71,9.2,0.2,2020-11-13,2020-11-13,6,,,,0
2020,11,14,11,Nov,872,791,137,9.2,0.0,2020-11-14,2020-11-14,7,,,,0
2020,11,14,19,Nov,1488,1367,239,7.1,0.0,2020-11-14,2020-11-14,7,,,,0
2020,11,18,12,Nov,562,529,99,1.4,0.0,2020-11-18,2020-11-18,4,,,,0
2020,11,19,8,Nov,839,790,112,-1.2,0.0,2020-11-19,2020-11-19,5,,,,0
2020,11,22,11,Nov,640,678,121,7.0,0.0,2020-11-22,2020-11-22,1,,,,0
2020,11,22,15,Nov,669,707,115,10.0,0.0,2020-11-22,2020-11-22,1,,,,0
2020,11,23,16,Nov,559,762,107,8.3,0.0,2020-11-23,2020-11-23,2,,,,0
2020,11,24,7,Nov,487,498,52,3.2,0.0,2020-11-24,2020-11-24,3,,,,0
2020,11,26,7,Nov,163,194,33,12.7,4.32,2020-11-26,2020-11-26,5,,,,0
2020,11,27,20,Nov,578,487,96,10.8,0.0,2020-11-27,2020-11-27,6,,,,0
2020,11,28,12,Nov,609,489,99,12.3,0.0,2020-11-28,2020-11-28,7,,,,0
2020,11,1,0,Nov,1546,1186,187,6.6,0.0,2020-11-1,2020-11-01,1,,,,0
2020,11,3,16,Nov,574,691,113,11.4,0.0,2020-11-3,2020-11-03,3,,,,0
2020,11,5,19,Nov,897,805,129,13.6,0.0,2020-11-5,2020-11-05,5,,,,0
2020,11,8,19,Nov,793,772,120,13.1,0.0,2020-11-8,2020-11-08,1,,,,0
2020,11,9,14,Nov,541,483,92,21.0,0.0,2020-11-9,2020-11-09,2,,,,0
2020,11,10,0,Nov,209,158,21,12.7,0.0,2020-11-10,2020-11-10,3,,,,0
2020,11,13,22,Nov,1038,991,164,6.9,0.0,2020-11-13,2020-11-13,6,,,,0
2020,11,14,6,Nov,210,326,37,5.3,0.0,2020-11-14,2020-11-14,7,,,,0
2020,11,17,8,Nov,795,696,120,4.5,0.0,2020-11-17,2020-11-17,3,,,,0
2020,11,18,5,Nov,146,210,10,0.5,0.0,2020-11-18,2020-11-18,4,,,,0
2020,11,18,17,Nov,877,921,181,1.6,0.0,2020-11-18,2020-11-18,4,,,,0
2020,11,20,1,Nov,182,138,21,5.9,0.0,2020-11-20,2020-11-20,6,,,,0
2020,11,21,1,Nov,536,367,51,9.6,0.0,2020-11-21,2020-11-21,7,,,,0
2020,11,21,8,Nov,361,535,54,7.8,0.0,2020-11-21,2020-11-21,7,,,,0
2020,11,25,11,Nov,533,590,94,9.6,0.0,2020-11-25,2020-11-25,4,,,,0
2020,11,26,1,Nov,195,131,27,10.0,0.2,2020-11-26,2020-11-26,5,,,,0
2020,11,28,18,Nov,870,821,157,9.1,0.0,2020-11-28,2020-11-28,7,,,,0
2020,11,29,5,Nov,127,121,16,2.0,0.0,2020-11-29,2020-11-29,1,,,,0
2020,11,29,14,Nov,682,592,112,10.4,0.0,2020-11-29,2020-11-29,1,,,,0
2020,11,7,15,Nov,961,1038,170,21.8,0.0,2020-11-7,2020-11-07,7,,,,0
2020,11,10,19,Nov,792,739,144,17.0,0.0,2020-11-10,2020-11-10,3,,,,0
2020,11,15,8,Nov,257,361,39,4.4,0.0,2020-11-15,2020-11-15,1,,,,0
2020,11,18,18,Nov,1013,945,168,0.9,0.0,2020-11-18,2020-11-18,4,,,,0
2020,11,18,21,Nov,649,540,104,-0.9,0.0,2020-11-18,2020-11-18,4,,,,0
2020,11,19,21,Nov,650,625,107,5.7,0.0,2020-11-19,2020-11-19,5,,,,0
2020,11,21,13,Nov,970,867,141,15.5,0.0,2020-11-21,2020-11-21,7,,,,0
2020,11,23,0,Nov,215,170,27,13.5,0.1,2020-11-23,2020-11-23,2,,,,0
2020,11,23,9,Nov,645,643,99,13.2,1.36,2020-11-23,2020-11-23,2,,,,0
2020,11,26,17,Nov,584,538,82,15.6,0.0,2020-11-26,2020-11-26,5,,,,0
2020,11,27,21,Nov,555,453,84,10.1,0.0,2020-11-27,2020-11-27,6,,,,0
2020,11,28,6,Nov,150,182,18,6.6,0.0,2020-11-28,2020-11-28,7,,,,0
2020,11,30,6,Nov,323,317,28,9.1,0.0,2020-11-30,2020-11-30,2,,,,0
2020,11,30,15,Nov,545,465,76,15.2,2.7,2020-11-30,2020-11-30,2,,,,0
2020,11,1,6,Nov,242,281,35,5.9,0.0,2020-11-1,2020-11-01,1,,,,0
2020,11,3,22,Nov,501,415,69,7.1,0.0,2020-11-3,2020-11-03,3,,,,0
2020,11,5,20,Nov,715,639,129,12.5,0.0,2020-11-5,2020-11-05,5,,,,0
2020,11,6,2,Nov,111,127,15,10.6,0.0,2020-11-6,2020-11-06,6,,,,0
2020,11,9,6,Nov,401,398,31,8.2,0.0,2020-11-9,2020-11-09,2,,,,0
2020,11,9,12,Nov,459,453,78,18.3,0.0,2020-11-9,2020-11-09,2,,,,0
2020,11,9,23,Nov,321,257,48,12.5,0.0,2020-11-9,2020-11-09,2,,,,0
2020,11,10,9,Nov,617,646,100,13.5,0.0,2020-11-10,2020-11-10,3,,,,0
2020,11,10,17,Nov,761,798,141,19.4,0.0,2020-11-10,2020-11-10,3,,,,0
2020,11,12,10,Nov,556,534,98,12.6,0.8,2020-11-12,2020-11-12,5,,,,0
2020,11,12,11,Nov,547,521,85,11.8,0.44,2020-11-12,2020-11-12,5,,,,0
2020,11,14,17,Nov,1274,1363,237,9.9,0.0,2020-11-14,2020-11-14,7,,,,0
2020,11,16,23,Nov,241,196,39,5.1,0.0,2020-11-16,2020-11-16,2,,,,0
2020,11,20,9,Nov,646,704,100,6.8,0.0,2020-11-20,2020-11-20,6,,,,0
2020,11,20,13,Nov,697,664,107,12.9,0.0,2020-11-20,2020-11-20,6,,,,0
2020,11,21,5,Nov,193,188,19,7.7,0.0,2020-11-21,2020-11-21,7,,,,0
2020,11,22,5,Nov,182,193,18,4.7,0.0,2020-11-22,2020-11-22,1,,,,0
2020,11,23,6,Nov,419,459,61,13.5,4.0,2020-11-23,2020-11-23,2,,,,0
2020,11,24,9,Nov,557,600,84,5.8,0.0,2020-11-24,2020-11-24,3,,,,0
2020,11,24,10,Nov,555,573,93,6.7,0.0,2020-11-24,2020-11-24,3,,,,0
2020,11,24,15,Nov,586,650,96,8.5,0.0,2020-11-24,2020-11-24,3,,,,0
2020,11,24,16,Nov,635,935,114,8.2,0.0,2020-11-24,2020-11-24,3,,,,0
2020,11,29,10,Nov,447,378,65,5.6,0.0,2020-11-29,2020-11-29,1,,,,0
2020,11,6,12,Nov,532,600,102,17.7,0.0,2020-11-6,2020-11-06,6,,,,0
2020,11,6,22,Nov,993,961,153,12.8,0.0,2020-11-6,2020-11-06,6,,,,0
2020,11,9,9,Nov,561,572,88,10.7,0.0,2020-11-9,2020-11-09,2,,,,0
2020,11,11,15,Nov,731,733,136,20.8,0.1,2020-11-11,2020-11-11,4,,,,0
2020,11,12,22,Nov,653,575,97,8.7,0.14,2020-11-12,2020-11-12,5,,,,0
2020,11,13,1,Nov,235,196,22,8.8,0.0,2020-11-13,2020-11-13,6,,,,0
2020,11,13,20,Nov,1013,802,146,8.0,0.0,2020-11-13,2020-11-13,6,,,,0
2020,11,15,9,Nov,334,450,57,5.9,0.0,2020-11-15,2020-11-15,1,,,,0
2020,11,20,18,Nov,1311,1236,200,11.0,0.0,2020-11-20,2020-11-20,6,,,,0
2020,11,24,2,Nov,74,101,10,3.9,0.0,2020-11-24,2020-11-24,3,,,,0
2020,11,26,6,Nov,221,302,40,11.8,1.24,2020-11-26,2020-11-26,5,,,,0
2020,11,26,8,Nov,186,248,32,13.7,1.5,2020-11-26,2020-11-26,5,,,,0
2020,11,26,18,Nov,562,495,65,13.5,0.0,2020-11-26,2020-11-26,5,,,,0
2020,11,2,10,Nov,563,520,89,5.4,0.1,2020-11-2,2020-11-02,2,,,,0
2020,11,2,14,Nov,612,609,111,6.5,0.0,2020-11-2,2020-11-02,2,,,,0
2020,11,2,20,Nov,561,474,83,4.8,0.0,2020-11-2,2020-11-02,2,,,,0
2020,11,8,8,Nov,278,367,40,9.1,0.0,2020-11-8,2020-11-08,1,,,,0
2020,11,8,10,Nov,552,602,87,14.6,0.0,2020-11-8,2020-11-08,1,,,,0
2020,11,8,13,Nov,838,815,131,20.5,0.0,2020-11-8,2020-11-08,1,,,,0
2020,11,9,22,Nov,460,311,58,12.9,0.0,2020-11-9,2020-11-09,2,,,,0
2020,11,12,16,Nov,759,948,172,9.8,0.14,2020-11-12,2020-11-12,5,,,,0
2020,11,16,1,Nov,137,79,22,11.1,0.0,2020-11-16,2020-11-16,2,,,,0
2020,11,19,2,Nov,89,88,24,-1.7,0.0,2020-11-19,2020-11-19,5,,,,0
2020,11,21,9,Nov,483,624,79,10.0,0.0,2020-11-21,2020-11-21,7,,,,0
2020,11,21,14,Nov,892,938,140,15.7,0.0,2020-11-21,2020-11-21,7,,,,0
2020,11,21,21,Nov,853,792,144,11.0,0.0,2020-11-21,2020-11-21,7,,,,0
2020,11,24,14,Nov,627,696,117,8.4,0.0,2020-11-24,2020-11-24,3,,,,0
2020,11,28,1,Nov,271,211,37,7.3,0.0,2020-11-28,2020-11-28,7,,,,0
2020,11,28,3,Nov,118,78,23,6.1,0.0,2020-11-28,2020-11-28,7,,,,0
2020,11,28,16,Nov,700,737,113,12.2,0.0,2020-11-28,2020-11-28,7,,,,0
2020,11,30,2,Nov,114,87,14,5.5,0.0,2020-11-30,2020-11-30,2,,,,0
2020,11,30,3,Nov,62,46,8,6.7,0.0,2020-11-30,2020-11-30,2,,,,0
2020,11,30,16,Nov,480,567,108,15.4,0.6,2020-11-30,2020-11-30,2,,,,0
2020,11,1,4,Nov,277,240,31,4.9,0.0,2020-11-1,2020-11-01,1,,,,0
2020,11,2,8,Nov,812,694,102,4.8,0.0,2020-11-2,2020-11-02,2,,,,0
2020,11,2,11,Nov,531,550,105,5.7,0.1,2020-11-2,2020-11-02,2,,,,0
2020,11,2,15,Nov,689,665,123,6.3,0.0,2020-11-2,2020-11-02,2,,,,0
2020,11,3,1,Nov,125,121,17,4.3,0.0,2020-11-3,2020-11-03,3,,,,0
2020,11,3,4,Nov,94,287,28,5.2,0.0,2020-11-3,2020-11-03,3,,,,0
2020,11,3,7,Nov,557,461,58,6.1,0.0,2020-11-3,2020-11-03,3,,,,0
2020,11,5,4,Nov,77,90,10,8.0,0.0,2020-11-5,2020-11-05,5,,,,0
2020,11,6,1,Nov,247,171,25,10.8,0.0,2020-11-6,2020-11-06,6,,,,0
2020,11,6,5,Nov,134,225,15,9.9,0.0,2020-11-6,2020-11-06,6,,,,0
2020,11,6,14,Nov,692,703,118,19.9,0.0,2020-11-6,2020-11-06,6,,,,0
2020,11,7,18,Nov,1445,1295,231,16.4,0.0,2020-11-7,2020-11-07,7,,,,0
2020,11,8,12,Nov,859,790,133,18.9,0.0,2020-11-8,2020-11-08,1,,,,0
2020,11,8,15,Nov,736,886,129,21.7,0.0,2020-11-8,2020-11-08,1,,,,0
2020,11,10,8,Nov,464,404,58,12.4,0.0,2020-11-10,2020-11-10,3,,,,0
2020,11,11,14,Nov,704,725,132,21.0,0.0,2020-11-11,2020-11-11,4,,,,0
2020,11,12,4,Nov,74,100,8,17.4,0.48,2020-11-12,2020-11-12,5,,,,0
2020,11,14,3,Nov,259,197,37,6.1,0.0,2020-11-14,2020-11-14,7,,,,0
2020,11,15,2,Nov,501,351,61,2.7,0.0,2020-11-15,2020-11-15,1,,,,0
2020,11,15,5,Nov,135,147,21,3.8,0.0,2020-11-15,2020-11-15,1,,,,0
2020,11,15,7,Nov,181,215,19,3.8,0.0,2020-11-15,2020-11-15,1,,,,0
2020,11,15,21,Nov,658,467,87,17.4,0.0,2020-11-15,2020-11-15,1,,,,0
2020,11,16,11,Nov,510,462,68,10.1,0.0,2020-11-16,2020-11-16,2,,,,0
2020,11,16,16,Nov,524,648,90,10.7,0.0,2020-11-16,2020-11-16,2,,,,0
2020,11,16,22,Nov,407,313,63,5.5,0.0,2020-11-16,2020-11-16,2,,,,0
2020,11,18,4,Nov,70,78,8,0.0,0.0,2020-11-18,2020-11-18,4,,,,0
2020,11,19,4,Nov,76,99,14,-2.7,0.0,2020-11-19,2020-11-19,5,,,,0
2020,11,25,14,Nov,639,823,120,11.6,0.0,2020-11-25,2020-11-25,4,,,,0
2020,11,26,11,Nov,411,474,82,15.0,0.64,2020-11-26,2020-11-26,5,,,,0
2020,11,2,0,Nov,234,161,39,6.6,0.04,2020-11-2,2020-11-02,2,,,,0
2020,11,3,2,Nov,94,95,10,4.5,0.0,2020-11-3,2020-11-03,3,,,,0
2020,11,4,14,Nov,511,531,91,15.2,0.0,2020-11-4,2020-11-04,4,,,,0
2020,11,5,10,Nov,456,473,79,12.2,0.0,2020-11-5,2020-11-05,5,,,,0
2020,11,5,22,Nov,769,601,98,11.8,0.0,2020-11-5,2020-11-05,5,,,,0
2020,11,6,19,Nov,1343,1159,206,14.5,0.0,2020-11-6,2020-11-06,6,,,,0
2020,11,10,2,Nov,87,90,8,13.1,0.0,2020-11-10,2020-11-10,3,,,,0
2020,11,10,3,Nov,61,56,4,12.9,0.0,2020-11-10,2020-11-10,3,,,,0
2020,11,11,21,Nov,590,565,114,18.1,5.26,2020-11-11,2020-11-11,4,,,,0
2020,11,13,14,Nov,716,788,147,10.0,0.1,2020-11-13,2020-11-13,6,,,,0
2020,11,13,23,Nov,738,665,108,7.4,0.0,2020-11-13,2020-11-13,6,,,,0
2020,11,20,4,Nov,112,111,15,5.9,0.0,2020-11-20,2020-11-20,6,,,,0
2020,11,20,20,Nov,900,768,129,11.1,0.0,2020-11-20,2020-11-20,6,,,,0
2020,11,22,6,Nov,228,248,25,4.8,0.0,2020-11-22,2020-11-22,1,,,,0
2020,11,25,22,Nov,503,381,60,9.2,0.0,2020-11-25,2020-11-25,4,,,,0
2020,11,27,9,Nov,279,293,40,9.5,0.0,2020-11-27,2020-11-27,6,,,,0
2020,11,27,12,Nov,438,428,70,14.6,0.0,2020-11-27,2020-11-27,6,,,,0
2020,11,28,10,Nov,428,371,56,9.1,0.0,2020-11-28,2020-11-28,7,,,,0
2020,11,28,11,Nov,471,434,71,11.1,0.0,2020-11-28,2020-11-28,7,,,,0
2020,11,29,2,Nov,286,214,42,4.0,0.0,2020-11-29,2020-11-29,1,,,,0
2020,11,30,19,Nov,568,520,109,16.0,1.98,2020-11-30,2020-11-30,2,,,,0
2020,11,1,16,Nov,932,976,189,11.9,2.1,2020-11-1,2020-11-01,1,,,,0
2020,11,2,12,Nov,566,530,104,5.7,0.0,2020-11-2,2020-11-02,2,,,,0
2020,11,4,2,Nov,153,142,26,5.4,0.0,2020-11-4,2020-11-04,4,,,,0
2020,11,7,10,Nov,594,717,97,15.2,0.0,2020-11-7,2020-11-07,7,,,,0
2020,11,9,20,Nov,521,454,78,13.4,0.0,2020-11-9,2020-11-09,2,,,,0
2020,11,11,16,Nov,692,845,143,20.0,1.52,2020-11-11,2020-11-11,4,,,,0
2020,11,12,5,Nov,148,218,11,17.0,0.38,2020-11-12,2020-11-12,5,,,,0
2020,11,12,15,Nov,753,765,137,10.3,0.46,2020-11-12,2020-11-12,5,,,,0
2020,11,13,2,Nov,147,135,20,8.9,0.0,2020-11-13,2020-11-13,6,,,,0
2020,11,13,15,Nov,731,792,110,10.2,0.0,2020-11-13,2020-11-13,6,,,,0
2020,11,13,17,Nov,1071,1196,171,11.2,0.0,2020-11-13,2020-11-13,6,,,,0
2020,11,14,0,Nov,674,569,80,7.1,0.0,2020-11-14,2020-11-14,7,,,,0
2020,11,14,20,Nov,1026,1026,169,7.0,0.0,2020-11-14,2020-11-14,7,,,,0
2020,11,15,20,Nov,755,682,138,15.7,0.66,2020-11-15,2020-11-15,1,,,,0
2020,11,16,14,Nov,596,507,110,11.3,0.0,2020-11-16,2020-11-16,2,,,,0
2020,11,17,6,Nov,353,381,40,3.9,0.0,2020-11-17,2020-11-17,3,,,,0
2020,11,17,16,Nov,597,672,122,6.7,0.68,2020-11-17,2020-11-17,3,,,,0
2020,11,18,13,Nov,607,590,115,1.7,0.0,2020-11-18,2020-11-18,4,,,,0
2020,11,19,19,Nov,990,929,144,5.9,0.0,2020-11-19,2020-11-19,5,,,,0
2020,11,19,22,Nov,701,591,94,5.7,0.0,2020-11-19,2020-11-19,5,,,,0
2020,11,20,3,Nov,91,58,10,5.9,0.0,2020-11-20,2020-11-20,6,,,,0
2020,11,24,1,Nov,84,97,12,3.8,0.0,2020-11-24,2020-11-24,3,,,,0
2020,11,25,13,Nov,606,720,112,11.1,0.0,2020-11-25,2020-11-25,4,,,,0
2020,11,26,3,Nov,120,85,17,10.1,0.1,2020-11-26,2020-11-26,5,,,,0
2020,11,26,19,Nov,526,450,70,12.2,0.0,2020-11-26,2020-11-26,5,,,,0
2020,11,27,17,Nov,580,632,95,13.9,0.0,2020-11-27,2020-11-27,6,,,,0
2020,11,28,15,Nov,619,687,122,12.7,0.0,2020-11-28,2020-11-28,7,,,,0
2020,11,29,15,Nov,671,681,99,10.8,0.0,2020-11-29,2020-11-29,1,,,,0
2020,11,2,21,Nov,502,410,80,4.7,0.0,2020-11-2,2020-11-02,2,,,,0
2020,11,3,20,Nov,468,463,90,8.6,0.0,2020-11-3,2020-11-03,3,,,,0
2020,11,4,6,Nov,327,316,38,4.3,0.0,2020-11-4,2020-11-04,4,,,,0
2020,11,4,23,Nov,389,321,55,10.5,0.0,2020-11-4,2020-11-04,4,,,,0
2020,11,5,15,Nov,568,531,93,18.7,0.0,2020-11-5,2020-11-05,5,,,,0
2020,11,6,3,Nov,98,75,12,10.2,0.0,2020-11-6,2020-11-06,6,,,,0
2020,11,7,8,Nov,345,456,54,9.9,0.0,2020-11-7,2020-11-07,7,,,,0
2020,11,11,22,Nov,588,475,90,17.8,2.64,2020-11-11,2020-11-11,4,,,,0
2020,11,13,11,Nov,688,690,121,9.5,0.24,2020-11-13,2020-11-13,6,,,,0
2020,11,13,13,Nov,712,798,156,9.0,0.54,2020-11-13,2020-11-13,6,,,,0
2020,11,17,10,Nov,536,445,79,6.5,0.12,2020-11-17,2020-11-17,3,,,,0
2020,11,18,7,Nov,628,550,56,0.6,0.0,2020-11-18,2020-11-18,4,,,,0
2020,11,18,23,Nov,341,304,58,-1.4,0.0,2020-11-18,2020-11-18,4,,,,0
2020,11,19,10,Nov,589,551,84,1.2,0.0,2020-11-19,2020-11-19,5,,,,0
2020,11,21,6,Nov,260,317,26,7.4,0.0,2020-11-21,2020-11-21,7,,,,0
2020,11,23,4,Nov,97,94,9,13.9,1.1,2020-11-23,2020-11-23,2,,,,0
2020,11,24,18,Nov,831,858,149,6.0,0.0,2020-11-24,2020-11-24,3,,,,0
2020,11,25,15,Nov,675,808,110,11.6,0.0,2020-11-25,2020-11-25,4,,,,0
2020,11,25,23,Nov,349,257,66,9.5,0.4,2020-11-25,2020-11-25,4,,,,0
2020,11,26,0,Nov,238,202,35,9.4,0.0,2020-11-26,2020-11-26,5,,,,0
2020,11,26,14,Nov,614,573,100,17.0,0.0,2020-11-26,2020-11-26,5,,,,0
2020,11,30,20,Nov,451,360,81,16.7,0.98,2020-11-30,2020-11-30,2,,,,0
2020,11,1,10,Nov,579,729,98,11.2,0.0,2020-11-1,2020-11-01,1,,,,0
2020,11,2,16,Nov,634,733,126,6.1,0.0,2020-11-2,2020-11-02,2,,,,0
2020,11,4,0,Nov,434,370,60,6.1,0.0,2020-11-4,2020-11-04,4,,,,0
2020,11,7,16,Nov,1034,1126,191,21.4,0.0,2020-11-7,2020-11-07,7,,,,0
2020,11,8,3,Nov,392,296,42,10.1,0.0,2020-11-8,2020-11-08,1,,,,0
2020,11,9,21,Nov,460,396,55,13.7,0.0,2020-11-9,2020-11-09,2,,,,0
2020,11,11,23,Nov,402,342,56,18.3,1.14,2020-11-11,2020-11-11,4,,,,0
2020,11,13,3,Nov,93,82,13,8.9,0.0,2020-11-13,2020-11-13,6,,,,0
2020,11,18,2,Nov,103,109,21,0.7,0.0,2020-11-18,2020-11-18,4,,,,0
2020,11,18,10,Nov,564,529,99,0.7,0.0,2020-11-18,2020-11-18,4,,,,0
2020,11,18,14,Nov,648,594,103,1.9,0.0,2020-11-18,2020-11-18,4,,,,0
2020,11,19,1,Nov,159,134,19,-0.6,0.0,2020-11-19,2020-11-19,5,,,,0
2020,11,21,15,Nov,837,946,170,15.1,0.0,2020-11-21,2020-11-21,7,,,,0
2020,11,22,14,Nov,668,787,106,9.6,0.0,2020-11-22,2020-11-22,1,,,,0
2020,11,24,4,Nov,98,110,7,3.6,0.0,2020-11-24,2020-11-24,3,,,,0
2020,11,25,2,Nov,97,142,19,5.2,0.0,2020-11-25,2020-11-25,4,,,,0
2020,11,25,16,Nov,637,907,119,11.2,0.0,2020-11-25,2020-11-25,4,,,,0
2020,11,28,2,Nov,193,145,30,6.9,0.0,2020-11-28,2020-11-28,7,,,,0
2020,11,29,18,Nov,694,587,123,6.3,0.0,2020-11-29,2020-11-29,1,,,,0
2020,11,1,5,Nov,195,231,33,4.9,0.0,2020-11-1,2020-11-01,1,,,,0
2020,11,1,7,Nov,291,287,41,6.9,0.0,2020-11-1,2020-11-01,1,,,,0
2020,11,1,8,Nov,305,409,55,8.9,0.0,2020-11-1,2020-11-01,1,,,,0
2020,11,2,17,Nov,811,887,163,5.6,0.0,2020-11-2,2020-11-02,2,,,,0
2020,11,2,18,Nov,804,850,135,4.8,0.0,2020-11-2,2020-11-02,2,,,,0
2020,11,3,14,Nov,548,554,119,11.9,0.0,2020-11-3,2020-11-03,3,,,,0
2020,11,4,16,Nov,523,613,93,16.5,0.0,2020-11-4,2020-11-04,4,,,,0
2020,11,6,21,Nov,849,895,147,13.4,0.0,2020-11-6,2020-11-06,6,,,,0
2020,11,6,23,Nov,1056,988,159,12.3,0.0,2020-11-6,2020-11-06,6,,,,0
2020,11,7,6,Nov,244,324,27,8.6,0.0,2020-11-7,2020-11-07,7,,,,0
2020,11,9,7,Nov,634,504,67,8.1,0.0,2020-11-9,2020-11-09,2,,,,0
2020,11,14,2,Nov,379,309,52,6.4,0.0,2020-11-14,2020-11-14,7,,,,0
2020,11,15,3,Nov,306,227,39,4.0,0.0,2020-11-15,2020-11-15,1,,,,0
2020,11,15,22,Nov,480,413,62,16.1,2.12,2020-11-15,2020-11-15,1,,,,0
2020,11,17,3,Nov,61,46,5,4.1,0.0,2020-11-17,2020-11-17,3,,,,0
2020,11,17,19,Nov,768,766,123,4.4,0.0,2020-11-17,2020-11-17,3,,,,0
2020,11,19,16,Nov,697,735,121,7.2,0.0,2020-11-19,2020-11-19,5,,,,0
2020,11,19,17,Nov,876,981,150,6.8,0.0,2020-11-19,2020-11-19,5,,,,0
2020,11,23,2,Nov,69,96,20,13.8,0.58,2020-11-23,2020-11-23,2,,,,0
2020,11,23,15,Nov,600,612,102,9.4,0.0,2020-11-23,2020-11-23,2,,,,0
2020,11,25,7,Nov,428,424,54,5.7,0.0,2020-11-25,2020-11-25,4,,,,0
2020,11,26,12,Nov,479,540,74,15.2,0.32,2020-11-26,2020-11-26,5,,,,0
2020,11,27,2,Nov,223,170,21,7.7,0.0,2020-11-27,2020-11-27,6,,,,0
2020,11,29,1,Nov,410,270,50,4.1,0.0,2020-11-29,2020-11-29,1,,,,0
2020,11,1,23,Nov,385,276,40,7.8,0.04,2020-11-1,2020-11-01,1,,,,0
2020,11,3,10,Nov,535,448,92,8.6,0.0,2020-11-3,2020-11-03,3,,,,0
2020,11,3,15,Nov,623,623,102,11.9,0.0,2020-11-3,2020-11-03,3,,,,0
2020,11,5,13,Nov,540,491,76,17.4,0.0,2020-11-5,2020-11-05,5,,,,0
2020,11,6,15,Nov,724,779,145,20.3,0.0,2020-11-6,2020-11-06,6,,,,0
2020,11,7,12,Nov,960,909,152,19.4,0.0,2020-11-7,2020-11-07,7,,,,0
2020,11,8,2,Nov,609,477,83,11.0,0.0,2020-11-8,2020-11-08,1,,,,0
2020,11,9,13,Nov,474,473,88,19.9,0.0,2020-11-9,2020-11-09,2,,,,0
2020,11,10,5,Nov,121,196,13,12.1,0.0,2020-11-10,2020-11-10,3,,,,0
2020,11,12,6,Nov,414,399,63,17.3,0.68,2020-11-12,2020-11-12,5,,,,0
2020,11,12,23,Nov,608,433,101,8.8,0.1,2020-11-12,2020-11-12,5,,,,0
2020,11,15,1,Nov,734,536,92,3.8,0.0,2020-11-15,2020-11-15,1,,,,0
2020,11,15,11,Nov,711,682,114,11.1,0.0,2020-11-15,2020-11-15,1,,,,0
2020,11,15,12,Nov,852,816,131,13.1,0.0,2020-11-15,2020-11-15,1,,,,0
2020,11,16,4,Nov,91,104,10,8.6,0.0,2020-11-16,2020-11-16,2,,,,0
2020,11,17,13,Nov,534,542,77,8.1,0.0,2020-11-17,2020-11-17,3,,,,0
2020,11,17,22,Nov,563,458,62,3.4,0.0,2020-11-17,2020-11-17,3,,,,0
2020,11,20,17,Nov,1085,1094,189,12.9,0.0,2020-11-20,2020-11-20,6,,,,0
2020,11,23,23,Nov,281,220,39,5.0,0.0,2020-11-23,2020-11-23,2,,,,0
2020,11,25,0,Nov,192,160,32,3.9,0.0,2020-11-25,2020-11-25,4,,,,0
2020,11,25,12,Nov,599,667,117,10.8,0.0,2020-11-25,2020-11-25,4,,,,0
2020,11,5,12,Nov,482,483,74,16.0,0.0,2020-11-5,2020-11-05,5,,,,0
2020,11,6,10,Nov,474,610,91,14.1,0.0,2020-11-6,2020-11-06,6,,,,0
2020,11,7,3,Nov,318,197,31,10.8,0.0,2020-11-7,2020-11-07,7,,,,0
2020,11,7,19,Nov,1480,1311,220,15.1,0.0,2020-11-7,2020-11-07,7,,,,0
2020,11,9,11,Nov,464,433,58,16.2,0.0,2020-11-9,2020-11-09,2,,,,0
2020,11,9,19,Nov,650,599,97,13.2,0.0,2020-11-9,2020-11-09,2,,,,0
2020,11,10,13,Nov,500,500,95,19.6,0.0,2020-11-10,2020-11-10,3,,,,0
2020,11,11,0,Nov,322,178,35,15.7,0.0,2020-11-11,2020-11-11,4,,,,0
2020,11,11,6,Nov,306,311,35,15.6,0.0,2020-11-11,2020-11-11,4,,,,0
2020,11,12,7,Nov,749,625,84,16.7,0.54,2020-11-12,2020-11-12,5,,,,0
2020,11,12,9,Nov,738,741,111,14.5,1.14,2020-11-12,2020-11-12,5,,,,0
2020,11,14,12,Nov,985,969,154,9.8,0.0,2020-11-14,2020-11-14,7,,,,0
2020,11,16,21,Nov,458,408,68,5.8,0.0,2020-11-16,2020-11-16,2,,,,0
2020,11,17,2,Nov,60,69,6,4.1,0.0,2020-11-17,2020-11-17,3,,,,0
2020,11,20,2,Nov,118,114,21,6.0,0.0,2020-11-20,2020-11-20,6,,,,0
2020,11,20,8,Nov,726,668,97,5.9,0.0,2020-11-20,2020-11-20,6,,,,0
2020,11,22,1,Nov,544,416,65,6.4,0.0,2020-11-22,2020-11-22,1,,,,0
2020,11,30,13,Nov,610,537,116,14.8,10.18,2020-11-30,2020-11-30,2,,,,0
2020,11,30,14,Nov,618,499,94,15.0,3.24,2020-11-30,2020-11-30,2,,,,0
2020,11,1,11,Nov,813,842,133,12.5,0.0,2020-11-1,2020-11-01,1,,,,0
2020,11,4,7,Nov,539,485,46,4.3,0.0,2020-11-4,2020-11-04,4,,,,0
2020,11,4,13,Nov,443,444,68,14.4,0.0,2020-11-4,2020-11-04,4,,,,0
2020,11,5,0,Nov,242,176,26,9.9,0.0,2020-11-5,2020-11-05,5,,,,0
2020,11,5,8,Nov,695,655,88,8.4,0.0,2020-11-5,2020-11-05,5,,,,0
2020,11,9,18,Nov,714,780,121,14.5,0.0,2020-11-9,2020-11-09,2,,,,0
2020,11,11,2,Nov,100,80,9,15.5,0.0,2020-11-11,2020-11-11,4,,,,0
2020,11,11,4,Nov,84,94,10,15.5,0.0,2020-11-11,2020-11-11,4,,,,0
2020,11,12,8,Nov,1018,903,133,16.4,0.44,2020-11-12,2020-11-12,5,,,,0
2020,11,15,15,Nov,716,845,144,13.4,0.0,2020-11-15,2020-11-15,1,,,,0
2020,11,18,11,Nov,531,488,110,1.0,0.0,2020-11-18,2020-11-18,4,,,,0
2020,11,21,19,Nov,1173,1113,185,11.3,0.0,2020-11-21,2020-11-21,7,,,,0
2020,11,21,20,Nov,872,800,169,11.4,0.0,2020-11-21,2020-11-21,7,,,,0
2020,11,22,0,Nov,637,525,98,7.2,0.0,2020-11-22,2020-11-22,1,,,,0
2020,11,23,1,Nov,126,115,18,14.0,0.16,2020-11-23,2020-11-23,2,,,,0
2020,11,23,12,Nov,505,492,97,8.4,0.0,2020-11-23,2020-11-23,2,,,,0
2020,11,24,20,Nov,539,460,83,4.1,0.0,2020-11-24,2020-11-24,3,,,,0
2020,11,25,5,Nov,147,260,17,5.9,0.0,2020-11-25,2020-11-25,4,,,,0
2020,11,25,21,Nov,494,441,65,8.5,0.0,2020-11-25,2020-11-25,4,,,,0
2020,11,26,15,Nov,654,594,97,17.1,0.0,2020-11-26,2020-11-26,5,,,,0
2020,11,26,23,Nov,601,545,74,10.2,0.0,2020-11-26,2020-11-26,5,,,,0
2020,11,27,19,Nov,624,658,113,10.9,0.0,2020-11-27,2020-11-27,6,,,,0
2020,11,30,10,Nov,656,641,166,12.8,1.1,2020-11-30,2020-11-30,2,,,,0
2020,11,30,23,Nov,227,163,29,14.9,0.1,2020-11-30,2020-11-30,2,,,,0
2020,11,2,23,Nov,364,290,39,4.1,0.0,2020-11-2,2020-11-02,2,,,,0
2020,11,4,22,Nov,520,425,69,11.2,0.0,2020-11-4,2020-11-04,4,,,,0
2020,11,5,17,Nov,788,930,145,17.0,0.0,2020-11-5,2020-11-05,5,,,,0
2020,11,7,0,Nov,975,722,106,11.9,0.0,2020-11-7,2020-11-07,7,,,,0
2020,11,8,5,Nov,173,172,26,8.6,0.0,2020-11-8,2020-11-08,1,,,,0
2020,11,8,17,Nov,922,925,164,18.4,0.0,2020-11-8,2020-11-08,1,,,,0
2020,11,9,3,Nov,55,51,12,8.1,0.0,2020-11-9,2020-11-09,2,,,,0
2020,11,9,8,Nov,751,699,113,8.4,0.0,2020-11-9,2020-11-09,2,,,,0
2020,11,9,10,Nov,508,445,89,13.7,0.0,2020-11-9,2020-11-09,2,,,,0
2020,11,10,6,Nov,376,327,41,11.8,0.0,2020-11-10,2020-11-10,3,,,,0
2020,11,10,16,Nov,575,667,102,20.6,0.0,2020-11-10,2020-11-10,3,,,,0
2020,11,10,22,Nov,620,578,71,16.2,0.0,2020-11-10,2020-11-10,3,,,,0
2020,11,12,0,Nov,260,194,30,18.4,1.4,2020-11-12,2020-11-12,5,,,,0
2020,11,12,1,Nov,143,123,10,18.5,1.12,2020-11-12,2020-11-12,5,,,,0
2020,11,12,3,Nov,51,67,15,17.7,0.4,2020-11-12,2020-11-12,5,,,,0
2020,11,15,13,Nov,753,738,146,13.4,0.0,2020-11-15,2020-11-15,1,,,,0
2020,11,15,19,Nov,676,673,121,15.4,0.28,2020-11-15,2020-11-15,1,,,,0
2020,11,17,11,Nov,514,458,63,7.0,0.0,2020-11-17,2020-11-17,3,,,,0
2020,11,17,12,Nov,483,488,78,7.8,0.0,2020-11-17,2020-11-17,3,,,,0
2020,11,21,12,Nov,799,912,115,15.1,0.0,2020-11-21,2020-11-21,7,,,,0
2020,11,22,12,Nov,756,825,125,7.7,0.0,2020-11-22,2020-11-22,1,,,,0
2020,11,23,18,Nov,693,708,102,6.7,0.0,2020-11-23,2020-11-23,2,,,,0
2020,11,23,19,Nov,606,601,115,6.2,0.0,2020-11-23,2020-11-23,2,,,,0
2020,11,23,21,Nov,432,363,73,5.8,0.0,2020-11-23,2020-11-23,2,,,,0
2020,11,25,4,Nov,99,110,12,5.6,0.0,2020-11-25,2020-11-25,4,,,,0
2020,11,28,7,Nov,151,185,19,6.9,0.0,2020-11-28,2020-11-28,7,,,,0
2020,11,28,8,Nov,219,215,24,7.5,0.0,2020-11-28,2020-11-28,7,,,,0
2020,11,30,17,Nov,708,705,145,15.9,0.7,2020-11-30,2020-11-30,2,,,,0
2020,11,1,3,Nov,359,378,41,5.0,0.0,2020-11-1,2020-11-01,1,,,,0
2020,11,1,17,Nov,876,863,142,12.3,2.56,2020-11-1,2020-11-01,1,,,,0
2020,11,1,19,Nov,698,719,148,11.8,0.16,2020-11-1,2020-11-01,1,,,,0
2020,11,2,3,Nov,79,56,15,3.5,0.0,2020-11-2,2020-11-02,2,,,,0
2020,11,2,7,Nov,646,517,73,4.4,0.0,2020-11-2,2020-11-02,2,,,,0
2020,11,4,9,Nov,503,530,86,6.6,0.0,2020-11-4,2020-11-04,4,,,,0
2020,11,4,19,Nov,671,590,112,11.8,0.0,2020-11-4,2020-11-04,4,,,,0
2020,11,5,23,Nov,630,483,91,11.6,0.0,2020-11-5,2020-11-05,5,,,,0
2020,11,6,13,Nov,663,682,105,19.0,0.0,2020-11-6,2020-11-06,6,,,,0
2020,11,9,0,Nov,249,200,30,10.9,0.0,2020-11-9,2020-11-09,2,,,,0
2020,11,14,7,Nov,252,358,45,5.1,0.0,2020-11-14,2020-11-14,7,,,,0
2020,11,15,6,Nov,183,244,39,3.9,0.0,2020-11-15,2020-11-15,1,,,,0
2020,11,16,9,Nov,657,555,92,8.4,0.0,2020-11-16,2020-11-16,2,,,,0
2020,11,19,3,Nov,60,61,8,-2.2,0.0,2020-11-19,2020-11-19,5,,,,0
2020,11,20,10,Nov,571,638,80,8.2,0.0,2020-11-20,2020-11-20,6,,,,0
2020,11,22,19,Nov,628,545,91,12.0,0.06,2020-11-22,2020-11-22,1,,,,0
2020,11,24,11,Nov,544,566,85,7.5,0.0,2020-11-24,2020-11-24,3,,,,0
2020,11,24,17,Nov,782,960,157,7.0,0.0,2020-11-24,2020-11-24,3,,,,0
2020,11,24,21,Nov,521,445,86,3.2,0.0,2020-11-24,2020-11-24,3,,,,0
2020,11,25,17,Nov,692,942,133,10.6,0.0,2020-11-25,2020-11-25,4,,,,0
2020,11,29,8,Nov,196,259,32,2.6,0.0,2020-11-29,2020-11-29,1,,,,0
2020,11,29,17,Nov,787,662,125,9.2,0.0,2020-11-29,2020-11-29,1,,,,0
2020,11,1,9,Nov,449,581,79,10.0,0.0,2020-11-1,2020-11-01,1,,,,0
2020,11,5,3,Nov,65,51,9,8.3,0.0,2020-11-5,2020-11-05,5,,,,0
2020,11,6,4,Nov,80,89,10,9.9,0.0,2020-11-6,2020-11-06,6,,,,0
2020,11,8,11,Nov,748,776,101,16.7,0.0,2020-11-8,2020-11-08,1,,,,0
2020,11,8,22,Nov,601,465,83,11.9,0.0,2020-11-8,2020-11-08,1,,,,0
2020,11,10,10,Nov,461,467,64,15.0,0.0,2020-11-10,2020-11-10,3,,,,0
2020,11,12,13,Nov,580,601,85,11.7,0.3,2020-11-12,2020-11-12,5,,,,0
2020,11,12,20,Nov,730,645,120,8.5,0.0,2020-11-12,2020-11-12,5,,,,0
2020,11,13,6,Nov,364,454,37,9.1,0.2,2020-11-13,2020-11-13,6,,,,0
2020,11,13,18,Nov,1344,1375,237,8.1,0.0,2020-11-13,2020-11-13,6,,,,0
2020,11,14,4,Nov,167,127,30,6.0,0.0,2020-11-14,2020-11-14,7,,,,0
2020,11,16,6,Nov,370,400,42,7.7,0.0,2020-11-16,2020-11-16,2,,,,0
2020,11,17,9,Nov,618,569,101,5.5,0.0,2020-11-17,2020-11-17,3,,,,0
2020,11,17,20,Nov,538,540,84,4.8,0.0,2020-11-17,2020-11-17,3,,,,0
2020,11,22,21,Nov,500,400,68,11.0,0.0,2020-11-22,2020-11-22,1,,,,0
2020,11,23,20,Nov,480,471,77,6.1,0.0,2020-11-23,2020-11-23,2,,,,0
2020,11,23,22,Nov,367,292,52,5.6,0.0,2020-11-23,2020-11-23,2,,,,0
2020,11,25,6,Nov,375,436,43,4.5,0.0,2020-11-25,2020-11-25,4,,,,0
2020,11,27,5,Nov,113,172,16,7.0,0.0,2020-11-27,2020-11-27,6,,,,0
2020,11,27,10,Nov,354,346,63,11.3,0.0,2020-11-27,2020-11-27,6,,,,0
2020,11,30,4,Nov,84,87,11,7.9,0.0,2020-11-30,2020-11-30,2,,,,0
2020,11,30,8,Nov,884,743,138,11.1,0.12,2020-11-30,2020-11-30,2,,,,0
2020,11,30,9,Nov,695,629,128,12.4,0.6,2020-11-30,2020-11-30,2,,,,0
2020,10,31,23,Oct,1524,1314,201,7.1,0.0,2020-10-31,2020-10-31,7,,,,0
2020,11,2,9,Nov,689,689,116,5.3,0.1,2020-11-2,2020-11-02,2,,,,0
2020,11,3,9,Nov,581,595,93,7.2,0.0,2020-11-3,2020-11-03,3,,,,0
2020,11,3,17,Nov,771,759,139,10.6,0.0,2020-11-3,2020-11-03,3,,,,0
2020,11,3,21,Nov,408,359,57,8.1,0.0,2020-11-3,2020-11-03,3,,,,0
2020,11,7,17,Nov,1269,1293,211,19.1,0.0,2020-11-7,2020-11-07,7,,,,0
2020,11,10,11,Nov,502,438,75,16.7,0.0,2020-11-10,2020-11-10,3,,,,0
2020,11,14,16,Nov,1106,1139,184,11.0,0.0,2020-11-14,2020-11-14,7,,,,0
2020,11,15,23,Nov,350,248,49,12.5,1.86,2020-11-15,2020-11-15,1,,,,0
2020,11,18,9,Nov,688,626,110,0.3,0.0,2020-11-18,2020-11-18,4,,,,0
2020,11,19,20,Nov,653,616,104,5.8,0.0,2020-11-19,2020-11-19,5,,,,0
2020,11,20,15,Nov,749,801,140,14.8,0.0,2020-11-20,2020-11-20,6,,,,0
2020,11,20,23,Nov,675,531,90,10.3,0.0,2020-11-20,2020-11-20,6,,,,0
2020,11,22,17,Nov,702,672,123,10.5,0.0,2020-11-22,2020-11-22,1,,,,0
2020,11,24,6,Nov,378,422,46,3.2,0.0,2020-11-24,2020-11-24,3,,,,0
2020,11,24,19,Nov,724,700,119,4.8,0.0,2020-11-24,2020-11-24,3,,,,0
2020,11,24,22,Nov,443,404,66,2.8,0.0,2020-11-24,2020-11-24,3,,,,0
2020,11,25,3,Nov,84,48,12,4.8,0.0,2020-11-25,2020-11-25,4,,,,0
2020,11,26,2,Nov,175,153,24,10.4,0.1,2020-11-26,2020-11-26,5,,,,0
2020,11,27,1,Nov,342,296,43,8.5,0.0,2020-11-27,2020-11-27,6,,,,0
2020,11,27,3,Nov,97,113,25,6.9,0.0,2020-11-27,2020-11-27,6,,,,0
2020,11,27,13,Nov,562,489,87,15.4,0.0,2020-11-27,2020-11-27,6,,,,0
2020,11,28,17,Nov,765,810,152,11.0,0.0,2020-11-28,2020-11-28,7,,,,0
2020,11,28,22,Nov,677,619,93,5.6,0.0,2020-11-28,2020-11-28,7,,,,0
2020,11,30,0,Nov,193,146,26,4.9,0.0,2020-11-30,2020-11-30,2,,,,0
2020,11,2,5,Nov,129,247,19,3.0,0.0,2020-11-2,2020-11-02,2,,,,0
2020,11,3,11,Nov,463,476,92,9.5,0.0,2020-11-3,2020-11-03,3,,,,0
2020,11,3,19,Nov,733,630,128,8.2,0.0,2020-11-3,2020-11-03,3,,,,0
2020,11,4,17,Nov,733,696,129,14.9,0.0,2020-11-4,2020-11-04,4,,,,0
2020,11,11,1,Nov,168,139,14,15.5,0.0,2020-11-11,2020-11-11,4,,,,0
2020,11,11,17,Nov,959,1020,199,19.5,1.4,2020-11-11,2020-11-11,4,,,,0
2020,11,12,17,Nov,929,1137,171,10.1,0.0,2020-11-12,2020-11-12,5,,,,0
2020,11,12,19,Nov,1004,932,173,10.3,0.0,2020-11-12,2020-11-12,5,,,,0
2020,11,13,21,Nov,846,793,130,6.4,0.0,2020-11-13,2020-11-13,6,,,,0
2020,11,14,21,Nov,1055,1094,159,5.8,0.0,2020-11-14,2020-11-14,7,,,,0
2020,11,16,0,Nov,258,128,38,11.2,0.04,2020-11-16,2020-11-16,2,,,,0
2020,11,16,10,Nov,464,487,68,9.4,0.0,2020-11-16,2020-11-16,2,,,,0
2020,11,16,12,Nov,522,469,72,10.7,0.0,2020-11-16,2020-11-16,2,,,,0
2020,11,17,17,Nov,771,790,145,5.3,0.3,2020-11-17,2020-11-17,3,,,,0
2020,11,18,8,Nov,823,768,125,0.2,0.0,2020-11-18,2020-11-18,4,,,,0
2020,11,18,15,Nov,639,646,125,2.0,0.0,2020-11-18,2020-11-18,4,,,,0
2020,11,21,17,Nov,1030,1055,201,12.8,0.0,2020-11-21,2020-11-21,7,,,,0
2020,11,21,18,Nov,1151,1111,185,12.0,0.0,2020-11-21,2020-11-21,7,,,,0
2020,11,22,3,Nov,220,173,40,4.9,0.0,2020-11-22,2020-11-22,1,,,,0
2020,11,22,16,Nov,653,776,116,10.1,0.0,2020-11-22,2020-11-22,1,,,,0
2020,11,24,13,Nov,567,612,90,7.8,0.0,2020-11-24,2020-11-24,3,,,,0
2020,11,27,6,Nov,193,222,12,7.1,0.0,2020-11-27,2020-11-27,6,,,,0
2020,11,27,15,Nov,528,522,82,16.0,0.0,2020-11-27,2020-11-27,6,,,,0
2020,11,28,13,Nov,636,559,104,13.0,0.0,2020-11-28,2020-11-28,7,,,,0
2020,11,28,14,Nov,662,601,102,12.9,0.0,2020-11-28,2020-11-28,7,,,,0
2020,11,29,19,Nov,729,576,88,6.9,0.0,2020-11-29,2020-11-29,1,,,,0
2020,11,29,23,Nov,290,228,44,6.3,0.0,2020-11-29,2020-11-29,1,,,,0
2020,11,30,11,Nov,757,593,180,13.4,3.7,2020-11-30,2020-11-30,2,,,,0
2020,11,30,21,Nov,376,310,63,16.3,0.2,2020-11-30,2020-11-30,2,,,,0
2020,10,1,0,Oct,344,252,37,16.4,0.0,2020-10-1,2020-10-01,5,,,,0
2020,10,2,0,Oct,452,341,56,16.6,0.24,2020-10-2,2020-10-02,6,,,,0
2020,10,2,4,Oct,98,131,16,14.8,0.1,2020-10-2,2020-10-02,6,,,,0
2020,10,2,6,Oct,330,402,34,14.5,0.0,2020-10-2,2020-10-02,6,,,,0
2020,10,3,9,Oct,491,659,85,13.0,0.0,2020-10-3,2020-10-03,7,,,,0
2020,10,3,17,Oct,1044,1223,192,18.1,0.0,2020-10-3,2020-10-03,7,,,,0
2020,10,4,21,Oct,694,537,101,15.1,0.3,2020-10-4,2020-10-04,1,,,,0
2020,10,9,4,Oct,91,96,5,9.4,0.0,2020-10-9,2020-10-09,6,,,,0
2020,10,11,2,Oct,539,457,84,17.8,0.0,2020-10-11,2020-10-11,1,,,,0
2020,10,13,13,Oct,534,572,77,13.7,0.1,2020-10-13,2020-10-13,3,,,,0
2020,10,14,1,Oct,130,112,17,12.4,0.0,2020-10-14,2020-10-14,4,,,,0
2020,10,15,3,Oct,70,61,17,11.7,0.0,2020-10-15,2020-10-15,5,,,,0
2020,10,16,14,Oct,952,1023,233,12.5,3.68,2020-10-16,2020-10-16,6,,,,0
2020,10,18,8,Oct,304,444,44,9.4,0.0,2020-10-18,2020-10-18,1,,,,0
2020,10,19,23,Oct,342,296,42,14.3,0.0,2020-10-19,2020-10-19,2,,,,0
2020,10,20,20,Oct,573,525,94,15.4,0.0,2020-10-20,2020-10-20,3,,,,0
2020,10,21,3,Oct,69,55,11,14.9,0.0,2020-10-21,2020-10-21,4,,,,0
2020,10,21,18,Oct,1002,942,149,17.2,0.0,2020-10-21,2020-10-21,4,,,,0
2020,10,22,14,Oct,624,664,103,21.2,0.0,2020-10-22,2020-10-22,5,,,,0
2020,10,22,17,Oct,936,1056,148,20.0,0.0,2020-10-22,2020-10-22,5,,,,0
2020,10,25,10,Oct,640,690,107,8.6,0.0,2020-10-25,2020-10-25,1,,,,0
2020,10,26,15,Oct,612,585,98,16.5,0.1,2020-10-26,2020-10-26,2,,,,0
2020,10,28,12,Oct,606,574,122,13.2,0.06,2020-10-28,2020-10-28,4,,,,0
2020,10,28,22,Oct,686,531,108,12.9,0.0,2020-10-28,2020-10-28,4,,,,0
2020,10,29,21,Oct,797,758,172,8.9,0.06,2020-10-29,2020-10-29,5,,,,0
2020,10,31,9,Oct,524,695,89,2.4,0.0,2020-10-31,2020-10-31,7,,,,0
2020,10,31,14,Oct,1145,1078,206,7.0,0.0,2020-10-31,2020-10-31,7,,,,0
2020,10,4,3,Oct,888,685,125,10.7,0.0,2020-10-4,2020-10-04,1,,,,0
2020,10,4,11,Oct,802,736,105,16.8,0.0,2020-10-4,2020-10-04,1,,,,0
2020,10,6,14,Oct,566,532,77,19.8,0.0,2020-10-6,2020-10-06,3,,,,0
2020,10,8,2,Oct,87,89,16,14.2,0.0,2020-10-8,2020-10-08,5,,,,0
2020,10,9,19,Oct,1391,1220,225,15.1,0.0,2020-10-9,2020-10-09,6,,,,0
2020,10,11,17,Oct,887,871,143,17.6,0.0,2020-10-11,2020-10-11,1,,,,0
2020,10,17,3,Oct,279,191,54,9.0,1.04,2020-10-17,2020-10-17,7,,,,0
2020,10,17,7,Oct,276,384,41,7.3,0.0,2020-10-17,2020-10-17,7,,,,0
2020,10,17,18,Oct,1391,1496,236,11.6,0.0,2020-10-17,2020-10-17,7,,,,0
2020,10,19,15,Oct,614,589,91,17.5,0.0,2020-10-19,2020-10-19,2,,,,0
2020,10,22,2,Oct,93,118,16,17.1,0.0,2020-10-22,2020-10-22,5,,,,0
2020,10,23,0,Oct,437,337,64,16.7,0.0,2020-10-23,2020-10-23,6,,,,0
2020,10,25,21,Oct,879,687,143,9.3,0.4,2020-10-25,2020-10-25,1,,,,0
2020,10,26,8,Oct,854,783,123,11.7,0.0,2020-10-26,2020-10-26,2,,,,0
2020,10,27,6,Oct,339,334,36,13.8,0.0,2020-10-27,2020-10-27,3,,,,0
2020,10,27,17,Oct,792,815,128,15.3,0.0,2020-10-27,2020-10-27,3,,,,0
2020,10,28,13,Oct,576,594,110,13.2,0.0,2020-10-28,2020-10-28,4,,,,0
2020,10,31,3,Oct,369,329,60,1.1,0.0,2020-10-31,2020-10-31,7,,,,0
2020,10,1,21,Oct,831,689,119,17.7,0.0,2020-10-1,2020-10-01,5,,,,0
2020,10,2,9,Oct,647,743,112,14.1,0.3,2020-10-2,2020-10-02,6,,,,0
2020,10,2,12,Oct,640,677,82,14.2,0.16,2020-10-2,2020-10-02,6,,,,0
2020,10,2,13,Oct,694,741,88,14.9,0.0,2020-10-2,2020-10-02,6,,,,0
2020,10,3,16,Oct,953,1053,168,18.5,0.0,2020-10-3,2020-10-03,7,,,,0
2020,10,5,17,Oct,629,669,95,19.4,0.0,2020-10-5,2020-10-05,2,,,,0
2020,10,11,12,Oct,889,741,114,17.9,0.0,2020-10-11,2020-10-11,1,,,,0
2020,10,14,20,Oct,676,713,107,15.6,0.0,2020-10-14,2020-10-14,4,,,,0
2020,10,15,13,Oct,584,588,86,21.6,0.0,2020-10-15,2020-10-15,5,,,,0
2020,10,15,18,Oct,1115,1108,191,18.3,0.0,2020-10-15,2020-10-15,5,,,,0
2020,10,18,13,Oct,758,783,115,17.0,0.0,2020-10-18,2020-10-18,1,,,,0
2020,10,18,20,Oct,770,698,130,12.8,0.0,2020-10-18,2020-10-18,1,,,,0
2020,10,23,1,Oct,289,212,54,16.9,0.0,2020-10-23,2020-10-23,6,,,,0
2020,10,23,2,Oct,184,164,23,16.9,0.0,2020-10-23,2020-10-23,6,,,,0
2020,10,24,16,Oct,1050,1115,159,19.8,0.0,2020-10-24,2020-10-24,7,,,,0
2020,10,26,11,Oct,537,549,77,13.8,0.0,2020-10-26,2020-10-26,2,,,,0
2020,10,27,10,Oct,516,464,97,12.5,0.1,2020-10-27,2020-10-27,3,,,,0
2020,10,27,20,Oct,679,599,82,13.1,0.0,2020-10-27,2020-10-27,3,,,,0
2020,10,29,17,Oct,1113,1275,223,9.8,1.78,2020-10-29,2020-10-29,5,,,,0
2020,10,30,14,Oct,793,913,186,5.1,0.2,2020-10-30,2020-10-30,6,,,,0
2020,10,31,8,Oct,351,521,83,1.1,0.0,2020-10-31,2020-10-31,7,,,,0
2020,10,1,14,Oct,653,653,101,22.0,0.0,2020-10-1,2020-10-01,5,,,,0
2020,10,4,20,Oct,690,636,137,15.5,0.0,2020-10-4,2020-10-04,1,,,,0
2020,10,5,15,Oct,553,510,67,19.6,0.0,2020-10-5,2020-10-05,2,,,,0
2020,10,7,15,Oct,625,654,104,24.2,0.0,2020-10-7,2020-10-07,4,,,,0
2020,10,8,4,Oct,109,79,9,13.1,0.0,2020-10-8,2020-10-08,5,,,,0
2020,10,9,5,Oct,154,230,9,10.6,0.0,2020-10-9,2020-10-09,6,,,,0
2020,10,9,9,Oct,614,662,101,12.7,0.0,2020-10-9,2020-10-09,6,,,,0
2020,10,9,16,Oct,749,973,130,19.7,0.0,2020-10-9,2020-10-09,6,,,,0
2020,10,9,21,Oct,1021,881,145,16.9,0.0,2020-10-9,2020-10-09,6,,,,0
2020,10,10,21,Oct,1040,1032,198,19.5,0.0,2020-10-10,2020-10-10,7,,,,0
2020,10,12,0,Oct,347,245,28,14.7,0.4,2020-10-12,2020-10-12,2,,,,0
2020,10,12,15,Oct,714,694,146,12.6,0.68,2020-10-12,2020-10-12,2,,,,0
2020,10,14,13,Oct,514,516,63,19.2,0.0,2020-10-14,2020-10-14,4,,,,0
2020,10,14,19,Oct,965,834,134,16.5,0.0,2020-10-14,2020-10-14,4,,,,0
2020,10,15,8,Oct,824,747,93,13.6,0.0,2020-10-15,2020-10-15,5,,,,0
2020,10,16,23,Oct,938,905,156,10.4,0.56,2020-10-16,2020-10-16,6,,,,0
2020,10,18,6,Oct,210,229,25,10.0,0.0,2020-10-18,2020-10-18,1,,,,0
2020,10,19,20,Oct,506,520,79,14.0,0.0,2020-10-19,2020-10-19,2,,,,0
2020,10,21,8,Oct,837,742,105,15.8,0.0,2020-10-21,2020-10-21,4,,,,0
2020,10,21,23,Oct,531,428,67,17.4,0.0,2020-10-21,2020-10-21,4,,,,0
2020,10,23,9,Oct,655,728,93,17.8,0.1,2020-10-23,2020-10-23,6,,,,0
2020,10,26,9,Oct,685,677,118,12.1,0.0,2020-10-26,2020-10-26,2,,,,0
2020,10,26,10,Oct,551,525,91,12.7,0.0,2020-10-26,2020-10-26,2,,,,0
2020,10,28,16,Oct,627,776,122,16.0,0.0,2020-10-28,2020-10-28,4,,,,0
2020,10,31,0,Oct,1018,848,137,2.9,0.0,2020-10-31,2020-10-31,7,,,,0
2020,10,31,7,Oct,251,359,52,0.0,0.0,2020-10-31,2020-10-31,7,,,,0
2020,10,1,22,Oct,870,677,95,17.3,0.0,2020-10-1,2020-10-01,5,,,,0
2020,10,2,15,Oct,736,821,111,17.8,0.0,2020-10-2,2020-10-02,6,,,,0
2020,10,7,5,Oct,104,220,16,13.8,0.0,2020-10-7,2020-10-07,4,,,,0
2020,10,7,7,Oct,614,493,65,13.2,0.0,2020-10-7,2020-10-07,4,,,,0
2020,10,14,11,Oct,502,489,86,16.4,0.0,2020-10-14,2020-10-14,4,,,,0
2020,10,14,14,Oct,596,613,93,20.0,0.0,2020-10-14,2020-10-14,4,,,,0
2020,10,15,21,Oct,794,670,126,17.5,0.0,2020-10-15,2020-10-15,5,,,,0
2020,10,17,6,Oct,198,316,39,7.6,0.0,2020-10-17,2020-10-17,7,,,,0
2020,10,19,1,Oct,201,119,22,11.2,0.0,2020-10-19,2020-10-19,2,,,,0
2020,10,21,11,Oct,531,476,81,18.0,0.0,2020-10-21,2020-10-21,4,,,,0
2020,10,24,15,Oct,1010,1019,178,19.6,0.0,2020-10-24,2020-10-24,7,,,,0
2020,10,24,23,Oct,1283,1123,194,9.9,0.0,2020-10-24,2020-10-24,7,,,,0
2020,10,26,6,Oct,390,386,54,11.5,0.04,2020-10-26,2020-10-26,2,,,,0
2020,10,27,3,Oct,49,54,9,14.8,0.0,2020-10-27,2020-10-27,3,,,,0
2020,10,27,8,Oct,833,746,105,13.0,0.24,2020-10-27,2020-10-27,3,,,,0
2020,10,27,21,Oct,551,489,92,13.4,0.0,2020-10-27,2020-10-27,3,,,,0
2020,10,29,3,Oct,86,83,16,11.9,0.0,2020-10-29,2020-10-29,5,,,,0
2020,10,29,11,Oct,735,768,178,11.3,4.04,2020-10-29,2020-10-29,5,,,,0
2020,10,1,3,Oct,89,68,10,15.2,0.0,2020-10-1,2020-10-01,5,,,,0
2020,10,4,14,Oct,798,835,115,18.6,0.0,2020-10-4,2020-10-04,1,,,,0
2020,10,6,19,Oct,822,759,144,16.8,0.0,2020-10-6,2020-10-06,3,,,,0
2020,10,11,6,Oct,171,224,29,16.4,0.0,2020-10-11,2020-10-11,1,,,,0
2020,10,13,10,Oct,586,534,105,13.2,0.1,2020-10-13,2020-10-13,3,,,,0
2020,10,17,11,Oct,849,847,131,11.9,0.0,2020-10-17,2020-10-17,7,,,,0
2020,10,17,21,Oct,1161,1115,178,10.6,0.0,2020-10-17,2020-10-17,7,,,,0
2020,10,20,13,Oct,513,537,79,20.1,0.0,2020-10-20,2020-10-20,3,,,,0
2020,10,25,8,Oct,314,377,63,7.8,0.0,2020-10-25,2020-10-25,1,,,,0
2020,10,27,9,Oct,701,648,93,12.5,0.3,2020-10-27,2020-10-27,3,,,,0
2020,10,1,9,Oct,639,653,116,16.8,0.0,2020-10-1,2020-10-01,5,,,,0
2020,10,3,10,Oct,683,794,117,14.8,0.0,2020-10-3,2020-10-03,7,,,,0
2020,10,3,11,Oct,867,803,117,16.2,0.0,2020-10-3,2020-10-03,7,,,,0
2020,10,3,15,Oct,913,1014,176,18.5,0.0,2020-10-3,2020-10-03,7,,,,0
2020,10,4,22,Oct,634,389,90,14.7,0.44,2020-10-4,2020-10-04,1,,,,0
2020,10,5,9,Oct,584,553,76,13.6,0.0,2020-10-5,2020-10-05,2,,,,0
2020,10,9,7,Oct,520,538,62,11.9,0.0,2020-10-9,2020-10-09,6,,,,0
2020,10,10,8,Oct,361,515,60,15.1,0.0,2020-10-10,2020-10-10,7,,,,0
2020,10,10,22,Oct,1143,1091,170,19.0,0.0,2020-10-10,2020-10-10,7,,,,0
2020,10,10,23,Oct,1185,1065,171,18.6,0.0,2020-10-10,2020-10-10,7,,,,0
2020,10,11,4,Oct,253,169,24,16.9,0.0,2020-10-11,2020-10-11,1,,,,0
2020,10,12,3,Oct,73,84,13,12.5,0.94,2020-10-12,2020-10-12,2,,,,0
2020,10,12,19,Oct,790,681,151,13.0,0.26,2020-10-12,2020-10-12,2,,,,0
2020,10,13,14,Oct,687,573,101,14.0,0.2,2020-10-13,2020-10-13,3,,,,0
2020,10,15,1,Oct,184,151,17,11.2,0.0,2020-10-15,2020-10-15,5,,,,0
2020,10,18,23,Oct,451,336,63,11.7,0.0,2020-10-18,2020-10-18,1,,,,0
2020,10,19,10,Oct,515,498,81,15.9,0.0,2020-10-19,2020-10-19,2,,,,0
2020,10,21,14,Oct,626,577,90,19.6,0.0,2020-10-21,2020-10-21,4,,,,0
2020,10,22,8,Oct,817,719,100,17.8,0.0,2020-10-22,2020-10-22,5,,,,0
2020,10,23,8,Oct,746,716,92,17.2,0.0,2020-10-23,2020-10-23,6,,,,0
2020,10,24,1,Oct,799,598,83,16.0,0.0,2020-10-24,2020-10-24,7,,,,0
2020,10,24,22,Oct,1191,1231,213,10.9,0.0,2020-10-24,2020-10-24,7,,,,0
2020,10,25,12,Oct,972,854,154,9.7,0.0,2020-10-25,2020-10-25,1,,,,0
2020,10,28,23,Oct,515,423,97,12.5,0.0,2020-10-28,2020-10-28,4,,,,0
2020,10,30,17,Oct,1190,1255,215,5.4,0.0,2020-10-30,2020-10-30,6,,,,0
2020,10,3,4,Oct,201,149,27,10.4,0.0,2020-10-3,2020-10-03,7,,,,0
2020,10,3,20,Oct,1269,1181,193,14.5,0.0,2020-10-3,2020-10-03,7,,,,0
2020,10,5,6,Oct,335,367,39,11.4,0.0,2020-10-5,2020-10-05,2,,,,0
2020,10,6,22,Oct,531,468,83,16.0,0.0,2020-10-6,2020-10-06,3,,,,0
2020,10,6,23,Oct,475,360,55,15.1,0.0,2020-10-6,2020-10-06,3,,,,0
2020,10,10,0,Oct,959,750,132,14.8,0.0,2020-10-10,2020-10-10,7,,,,0
2020,10,11,23,Oct,464,371,66,15.1,0.2,2020-10-11,2020-10-11,1,,,,0
2020,10,13,5,Oct,162,229,15,14.0,2.42,2020-10-13,2020-10-13,3,,,,0
2020,10,14,10,Oct,515,492,80,14.5,0.0,2020-10-14,2020-10-14,4,,,,0
2020,10,18,4,Oct,229,204,36,8.2,0.0,2020-10-18,2020-10-18,1,,,,0
2020,10,20,5,Oct,120,179,9,14.5,0.0,2020-10-20,2020-10-20,3,,,,0
2020,10,20,17,Oct,790,822,109,20.4,0.0,2020-10-20,2020-10-20,3,,,,0
2020,10,22,19,Oct,1022,1004,195,18.7,0.0,2020-10-22,2020-10-22,5,,,,0
2020,10,24,17,Oct,1169,1150,214,18.3,0.0,2020-10-24,2020-10-24,7,,,,0
2020,10,25,0,Oct,1120,847,171,9.3,0.0,2020-10-25,2020-10-25,1,,,,0
2020,10,25,7,Oct,237,259,29,7.1,0.0,2020-10-25,2020-10-25,1,,,,0
2020,10,28,0,Oct,285,209,36,12.3,0.0,2020-10-28,2020-10-28,4,,,,0
2020,10,28,7,Oct,666,547,83,11.7,0.46,2020-10-28,2020-10-28,4,,,,0
2020,10,31,13,Oct,1114,1074,171,6.6,0.0,2020-10-31,2020-10-31,7,,,,0
2020,10,3,3,Oct,341,252,47,10.6,0.0,2020-10-3,2020-10-03,7,,,,0
2020,10,4,7,Oct,218,268,17,9.8,0.0,2020-10-4,2020-10-04,1,,,,0
2020,10,8,9,Oct,631,650,120,13.7,0.0,2020-10-8,2020-10-08,5,,,,0
2020,10,8,17,Oct,764,904,147,16.4,0.0,2020-10-8,2020-10-08,5,,,,0
2020,10,9,23,Oct,1143,922,132,15.4,0.0,2020-10-9,2020-10-09,6,,,,0
2020,10,10,6,Oct,191,361,29,13.7,0.0,2020-10-10,2020-10-10,7,,,,0
2020,10,10,7,Oct,260,365,56,13.7,0.0,2020-10-10,2020-10-10,7,,,,0
2020,10,11,15,Oct,743,799,113,19.1,0.0,2020-10-11,2020-10-11,1,,,,0
2020,10,12,13,Oct,631,635,140,12.2,1.2,2020-10-12,2020-10-12,2,,,,0
2020,10,13,11,Oct,545,539,97,13.6,0.1,2020-10-13,2020-10-13,3,,,,0
2020,10,17,4,Oct,158,130,30,8.8,0.3,2020-10-17,2020-10-17,7,,,,0
2020,10,17,5,Oct,132,191,23,8.4,0.0,2020-10-17,2020-10-17,7,,,,0
2020,10,17,13,Oct,981,911,142,14.3,0.0,2020-10-17,2020-10-17,7,,,,0
2020,10,18,5,Oct,168,190,26,8.3,0.0,2020-10-18,2020-10-18,1,,,,0
2020,10,19,7,Oct,622,517,65,9.4,0.0,2020-10-19,2020-10-19,2,,,,0
2020,10,19,12,Oct,516,472,69,17.9,0.0,2020-10-19,2020-10-19,2,,,,0
2020,10,19,21,Oct,448,437,89,14.5,0.0,2020-10-19,2020-10-19,2,,,,0
2020,10,20,22,Oct,580,540,74,14.9,0.0,2020-10-20,2020-10-20,3,,,,0
2020,10,21,13,Oct,485,516,81,18.3,0.04,2020-10-21,2020-10-21,4,,,,0
2020,10,21,15,Oct,586,595,92,19.5,0.0,2020-10-21,2020-10-21,4,,,,0
2020,10,21,16,Oct,594,720,94,19.9,0.0,2020-10-21,2020-10-21,4,,,,0
2020,10,21,19,Oct,911,854,137,17.3,0.0,2020-10-21,2020-10-21,4,,,,0
2020,10,22,23,Oct,802,614,95,16.6,0.0,2020-10-22,2020-10-22,5,,,,0
2020,10,24,11,Oct,936,877,139,18.9,0.1,2020-10-24,2020-10-24,7,,,,0
2020,10,28,4,Oct,83,80,6,11.9,0.1,2020-10-28,2020-10-28,4,,,,0
2020,10,28,11,Oct,575,611,93,12.6,0.1,2020-10-28,2020-10-28,4,,,,0
2020,10,30,6,Oct,453,549,117,6.6,2.26,2020-10-30,2020-10-30,6,,,,0
2020,10,31,5,Oct,188,231,37,0.5,0.0,2020-10-31,2020-10-31,7,,,,0
2020,10,31,19,Oct,1649,1563,263,6.1,0.0,2020-10-31,2020-10-31,7,,,,0
2020,10,31,20,Oct,1535,1544,281,6.7,0.0,2020-10-31,2020-10-31,7,,,,0
2020,10,1,6,Oct,358,371,41,14.4,0.0,2020-10-1,2020-10-01,5,,,,0
2020,10,5,12,Oct,481,431,57,18.4,0.0,2020-10-5,2020-10-05,2,,,,0
2020,10,8,12,Oct,547,520,72,16.9,0.0,2020-10-8,2020-10-08,5,,,,0
2020,10,9,22,Oct,1051,984,172,16.1,0.0,2020-10-9,2020-10-09,6,,,,0
2020,10,15,4,Oct,77,87,12,11.9,0.0,2020-10-15,2020-10-15,5,,,,0
2020,10,16,6,Oct,363,449,43,17.1,0.0,2020-10-16,2020-10-16,6,,,,0
2020,10,16,13,Oct,962,1094,240,12.6,4.56,2020-10-16,2020-10-16,6,,,,0
2020,10,16,17,Oct,1127,1251,205,12.5,0.74,2020-10-16,2020-10-16,6,,,,0
2020,10,17,20,Oct,1299,1127,205,10.9,0.0,2020-10-17,2020-10-17,7,,,,0
2020,10,19,5,Oct,160,252,10,12.0,0.0,2020-10-19,2020-10-19,2,,,,0
2020,10,19,9,Oct,641,563,95,13.6,0.0,2020-10-19,2020-10-19,2,,,,0
2020,10,20,7,Oct,650,538,70,14.0,0.0,2020-10-20,2020-10-20,3,,,,0
2020,10,25,17,Oct,929,911,157,10.6,0.0,2020-10-25,2020-10-25,1,,,,0
2020,10,26,1,Oct,207,99,22,11.2,0.14,2020-10-26,2020-10-26,2,,,,0
2020,10,26,16,Oct,571,661,112,16.5,0.1,2020-10-26,2020-10-26,2,,,,0
2020,10,27,2,Oct,96,68,10,14.9,0.0,2020-10-27,2020-10-27,3,,,,0
2020,10,28,14,Oct,630,624,111,14.6,0.0,2020-10-28,2020-10-28,4,,,,0
2020,10,29,7,Oct,765,648,103,11.4,0.0,2020-10-29,2020-10-29,5,,,,0
2020,10,2,1,Oct,277,218,27,15.7,0.64,2020-10-2,2020-10-02,6,,,,0
2020,10,3,14,Oct,898,924,157,18.3,0.0,2020-10-3,2020-10-03,7,,,,0
2020,10,6,20,Oct,599,578,92,16.4,0.0,2020-10-6,2020-10-06,3,,,,0
2020,10,7,18,Oct,905,919,165,21.0,0.0,2020-10-7,2020-10-07,4,,,,0
2020,10,8,20,Oct,850,757,134,13.5,0.0,2020-10-8,2020-10-08,5,,,,0
2020,10,8,22,Oct,774,675,89,11.4,0.0,2020-10-8,2020-10-08,5,,,,0
2020,10,9,2,Oct,164,126,16,9.9,0.0,2020-10-9,2020-10-09,6,,,,0
2020,10,11,5,Oct,135,165,17,16.6,0.0,2020-10-11,2020-10-11,1,,,,0
2020,10,12,2,Oct,123,117,20,13.3,0.9,2020-10-12,2020-10-12,2,,,,0
2020,10,14,3,Oct,47,54,6,10.7,0.0,2020-10-14,2020-10-14,4,,,,0
2020,10,15,6,Oct,373,390,34,12.1,0.0,2020-10-15,2020-10-15,5,,,,0
2020,10,15,20,Oct,867,746,147,17.4,0.0,2020-10-15,2020-10-15,5,,,,0
2020,10,19,0,Oct,307,200,39,11.6,0.0,2020-10-19,2020-10-19,2,,,,0
2020,10,19,3,Oct,70,56,11,13.0,0.0,2020-10-19,2020-10-19,2,,,,0
2020,10,20,23,Oct,410,364,49,14.5,0.0,2020-10-20,2020-10-20,3,,,,0
2020,10,22,11,Oct,485,516,89,19.9,0.0,2020-10-22,2020-10-22,5,,,,0
2020,10,23,3,Oct,95,96,11,17.1,0.0,2020-10-23,2020-10-23,6,,,,0
2020,10,24,2,Oct,526,449,62,16.2,0.0,2020-10-24,2020-10-24,7,,,,0
2020,10,24,18,Oct,1392,1374,226,16.1,0.0,2020-10-24,2020-10-24,7,,,,0
2020,10,26,12,Oct,580,550,114,14.9,0.1,2020-10-26,2020-10-26,2,,,,0
2020,10,30,20,Oct,1402,1199,248,5.2,0.0,2020-10-30,2020-10-30,6,,,,0
2020,10,4,16,Oct,841,884,129,17.7,0.0,2020-10-4,2020-10-04,1,,,,0
2020,10,5,19,Oct,648,593,88,15.6,0.0,2020-10-5,2020-10-05,2,,,,0
2020,10,7,6,Oct,292,358,45,13.4,0.0,2020-10-7,2020-10-07,4,,,,0
2020,10,8,1,Oct,178,142,25,15.1,0.0,2020-10-8,2020-10-08,5,,,,0
2020,10,8,3,Oct,75,63,10,13.6,0.0,2020-10-8,2020-10-08,5,,,,0
2020,10,9,3,Oct,82,89,13,9.4,0.0,2020-10-9,2020-10-09,6,,,,0
2020,10,12,11,Oct,705,675,132,11.9,0.98,2020-10-12,2020-10-12,2,,,,0
2020,10,13,1,Oct,130,102,20,13.8,0.68,2020-10-13,2020-10-13,3,,,,0
2020,10,13,6,Oct,385,357,51,14.1,1.2,2020-10-13,2020-10-13,3,,,,0
2020,10,14,2,Oct,94,92,16,11.5,0.0,2020-10-14,2020-10-14,4,,,,0
2020,10,14,15,Oct,605,594,96,20.3,0.0,2020-10-14,2020-10-14,4,,,,0
2020,10,16,4,Oct,93,98,6,16.9,0.1,2020-10-16,2020-10-16,6,,,,0
2020,10,16,16,Oct,888,1147,189,12.4,0.9,2020-10-16,2020-10-16,6,,,,0
2020,10,16,21,Oct,893,848,170,11.7,0.3,2020-10-16,2020-10-16,6,,,,0
2020,10,17,8,Oct,377,541,75,8.0,0.0,2020-10-17,2020-10-17,7,,,,0
2020,10,19,16,Oct,540,648,95,17.2,0.0,2020-10-19,2020-10-19,2,,,,0
2020,10,20,6,Oct,333,331,46,14.3,0.0,2020-10-20,2020-10-20,3,,,,0
2020,10,20,16,Oct,568,679,69,21.4,0.0,2020-10-20,2020-10-20,3,,,,0
2020,10,22,21,Oct,774,628,87,16.7,0.0,2020-10-22,2020-10-22,5,,,,0
2020,10,23,21,Oct,990,870,175,16.2,0.0,2020-10-23,2020-10-23,6,,,,0
2020,10,24,9,Oct,566,699,93,17.4,0.1,2020-10-24,2020-10-24,7,,,,0
2020,10,26,22,Oct,405,367,58,14.2,0.0,2020-10-26,2020-10-26,2,,,,0
2020,10,27,13,Oct,502,510,79,15.0,0.0,2020-10-27,2020-10-27,3,,,,0
2020,10,29,4,Oct,104,113,11,11.5,0.0,2020-10-29,2020-10-29,5,,,,0
2020,10,29,20,Oct,905,894,179,9.1,0.1,2020-10-29,2020-10-29,5,,,,0
2020,10,2,23,Oct,1135,908,148,13.1,0.0,2020-10-2,2020-10-02,6,,,,0
2020,10,5,22,Oct,401,324,55,15.2,0.0,2020-10-5,2020-10-05,2,,,,0
2020,10,8,6,Oct,355,387,35,12.0,0.0,2020-10-8,2020-10-08,5,,,,0
2020,10,8,16,Oct,643,809,111,17.1,0.0,2020-10-8,2020-10-08,5,,,,0
2020,10,10,15,Oct,966,1014,151,23.9,0.0,2020-10-10,2020-10-10,7,,,,0
2020,10,11,3,Oct,367,269,48,17.4,0.0,2020-10-11,2020-10-11,1,,,,0
2020,10,11,9,Oct,382,504,54,17.3,0.0,2020-10-11,2020-10-11,1,,,,0
2020,10,12,10,Oct,669,623,131,11.5,1.5,2020-10-12,2020-10-12,2,,,,0
2020,10,16,10,Oct,792,897,182,14.7,0.48,2020-10-16,2020-10-16,6,,,,0
2020,10,17,22,Oct,1198,1106,191,10.8,0.0,2020-10-17,2020-10-17,7,,,,0
2020,10,18,17,Oct,803,862,133,15.3,0.0,2020-10-18,2020-10-18,1,,,,0
2020,10,18,19,Oct,911,765,136,13.1,0.0,2020-10-18,2020-10-18,1,,,,0
2020,10,23,13,Oct,675,729,99,19.7,0.06,2020-10-23,2020-10-23,6,,,,0
2020,10,25,18,Oct,940,886,156,10.5,0.04,2020-10-25,2020-10-25,1,,,,0
2020,10,25,19,Oct,911,852,151,10.5,0.1,2020-10-25,2020-10-25,1,,,,0
2020,10,25,20,Oct,734,705,145,9.8,0.1,2020-10-25,2020-10-25,1,,,,0
2020,10,27,15,Oct,593,536,96,15.5,0.0,2020-10-27,2020-10-27,3,,,,0
2020,10,28,10,Oct,662,560,116,12.0,0.3,2020-10-28,2020-10-28,4,,,,0
2020,10,28,18,Oct,996,1066,172,15.2,0.0,2020-10-28,2020-10-28,4,,,,0
2020,10,31,6,Oct,218,331,45,0.3,0.0,2020-10-31,2020-10-31,7,,,,0
2020,10,31,15,Oct,1101,1179,178,7.1,0.0,2020-10-31,2020-10-31,7,,,,0
2020,10,1,7,Oct,605,559,68,14.2,0.0,2020-10-1,2020-10-01,5,,,,0
2020,10,1,19,Oct,1060,969,188,17.8,0.0,2020-10-1,2020-10-01,5,,,,0
2020,10,2,2,Oct,178,163,21,15.2,1.0,2020-10-2,2020-10-02,6,,,,0
2020,10,4,9,Oct,357,513,62,13.6,0.0,2020-10-4,2020-10-04,1,,,,0
2020,10,4,13,Oct,826,797,127,18.4,0.0,2020-10-4,2020-10-04,1,,,,0
2020,10,5,18,Oct,736,683,116,17.6,0.0,2020-10-5,2020-10-05,2,,,,0
2020,10,5,21,Oct,458,393,80,15.1,0.0,2020-10-5,2020-10-05,2,,,,0
2020,10,7,16,Oct,667,851,136,24.1,0.0,2020-10-7,2020-10-07,4,,,,0
2020,10,8,5,Oct,143,197,11,12.5,0.0,2020-10-8,2020-10-08,5,,,,0
2020,10,8,13,Oct,570,592,96,17.4,0.0,2020-10-8,2020-10-08,5,,,,0
2020,10,12,17,Oct,811,818,163,12.6,1.0,2020-10-12,2020-10-12,2,,,,0
2020,10,13,8,Oct,984,909,146,12.6,0.64,2020-10-13,2020-10-13,3,,,,0
2020,10,14,12,Oct,547,505,80,17.9,0.0,2020-10-14,2020-10-14,4,,,,0
2020,10,16,9,Oct,680,763,115,15.2,0.06,2020-10-16,2020-10-16,6,,,,0
2020,10,16,19,Oct,1212,1275,230,12.0,0.26,2020-10-16,2020-10-16,6,,,,0
2020,10,20,10,Oct,476,485,85,18.1,0.0,2020-10-20,2020-10-20,3,,,,0
2020,10,23,14,Oct,693,777,135,20.4,0.06,2020-10-23,2020-10-23,6,,,,0
2020,10,24,20,Oct,1314,1229,214,14.0,0.0,2020-10-24,2020-10-24,7,,,,0
2020,10,24,21,Oct,1147,1145,223,12.3,0.0,2020-10-24,2020-10-24,7,,,,0
2020,10,26,18,Oct,782,752,132,15.9,0.1,2020-10-26,2020-10-26,2,,,,0
2020,10,26,19,Oct,664,615,107,15.8,0.06,2020-10-26,2020-10-26,2,,,,0
2020,10,27,22,Oct,552,523,63,12.9,0.0,2020-10-27,2020-10-27,3,,,,0
2020,10,28,9,Oct,738,810,126,11.5,0.72,2020-10-28,2020-10-28,4,,,,0
2020,10,30,15,Oct,876,878,175,5.1,0.1,2020-10-30,2020-10-30,6,,,,0
2020,10,30,23,Oct,1177,1056,187,3.3,0.0,2020-10-30,2020-10-30,6,,,,0
2020,10,1,13,Oct,614,642,92,21.9,0.0,2020-10-1,2020-10-01,5,,,,0
2020,10,1,15,Oct,665,702,107,21.5,0.0,2020-10-1,2020-10-01,5,,,,0
2020,10,2,7,Oct,592,577,76,14.3,0.0,2020-10-2,2020-10-02,6,,,,0
2020,10,2,20,Oct,1210,988,198,15.4,0.0,2020-10-2,2020-10-02,6,,,,0
2020,10,2,22,Oct,1010,975,160,14.1,0.0,2020-10-2,2020-10-02,6,,,,0
2020,10,4,15,Oct,764,811,118,18.3,0.0,2020-10-4,2020-10-04,1,,,,0
2020,10,5,20,Oct,525,483,89,15.9,0.0,2020-10-5,2020-10-05,2,,,,0
2020,10,7,0,Oct,260,184,37,14.6,0.0,2020-10-7,2020-10-07,4,,,,0
2020,10,7,8,Oct,770,766,99,14.7,0.0,2020-10-7,2020-10-07,4,,,,0
2020,10,8,7,Oct,642,606,63,11.6,0.0,2020-10-8,2020-10-08,5,,,,0
2020,10,12,1,Oct,209,134,28,13.9,0.86,2020-10-12,2020-10-12,2,,,,0
2020,10,12,18,Oct,961,815,156,12.9,0.36,2020-10-12,2020-10-12,2,,,,0
2020,10,16,7,Oct,576,532,67,17.1,0.0,2020-10-16,2020-10-16,6,,,,0
2020,10,16,12,Oct,938,992,221,12.6,4.46,2020-10-16,2020-10-16,6,,,,0
2020,10,18,3,Oct,391,285,27,8.6,0.0,2020-10-18,2020-10-18,1,,,,0
2020,10,19,2,Oct,106,90,27,10.3,0.0,2020-10-19,2020-10-19,2,,,,0
2020,10,19,6,Oct,364,377,41,11.0,0.0,2020-10-19,2020-10-19,2,,,,0
2020,10,20,8,Oct,880,824,112,15.3,0.0,2020-10-20,2020-10-20,3,,,,0
2020,10,20,18,Oct,935,845,134,18.1,0.0,2020-10-20,2020-10-20,3,,,,0
2020,10,21,6,Oct,338,345,45,15.5,0.0,2020-10-21,2020-10-21,4,,,,0
2020,10,22,3,Oct,87,66,18,17.0,0.0,2020-10-22,2020-10-22,5,,,,0
2020,10,22,12,Oct,543,558,86,20.5,0.0,2020-10-22,2020-10-22,5,,,,0
2020,10,24,8,Oct,386,537,67,16.9,0.0,2020-10-24,2020-10-24,7,,,,0
2020,10,25,6,Oct,157,236,23,7.4,0.0,2020-10-25,2020-10-25,1,,,,0
2020,10,25,13,Oct,856,844,150,10.6,0.0,2020-10-25,2020-10-25,1,,,,0
2020,10,26,7,Oct,636,527,85,11.7,0.1,2020-10-26,2020-10-26,2,,,,0
2020,10,27,18,Oct,863,876,129,14.3,0.0,2020-10-27,2020-10-27,3,,,,0
2020,10,28,3,Oct,62,50,8,12.0,0.06,2020-10-28,2020-10-28,4,,,,0
2020,10,30,4,Oct,116,111,13,7.4,1.2,2020-10-30,2020-10-30,6,,,,0
2020,10,1,23,Oct,694,516,86,17.4,0.0,2020-10-1,2020-10-01,5,,,,0
2020,10,2,10,Oct,619,749,110,14.2,0.6,2020-10-2,2020-10-02,6,,,,0
2020,10,5,3,Oct,77,62,15,12.6,0.0,2020-10-5,2020-10-05,2,,,,0
2020,10,6,18,Oct,882,851,138,18.1,0.0,2020-10-6,2020-10-06,3,,,,0
2020,10,9,18,Oct,1267,1209,200,16.3,0.0,2020-10-9,2020-10-09,6,,,,0
2020,10,10,3,Oct,331,207,34,14.0,0.0,2020-10-10,2020-10-10,7,,,,0
2020,10,11,10,Oct,578,562,88,17.5,0.0,2020-10-11,2020-10-11,1,,,,0
2020,10,11,20,Oct,775,688,123,16.6,0.04,2020-10-11,2020-10-11,1,,,,0
2020,10,12,8,Oct,818,689,115,11.4,1.8,2020-10-12,2020-10-12,2,,,,0
2020,10,13,7,Oct,726,604,77,14.3,0.98,2020-10-13,2020-10-13,3,,,,0
2020,10,14,18,Oct,1007,946,137,17.5,0.0,2020-10-14,2020-10-14,4,,,,0
2020,10,16,3,Oct,89,106,8,16.6,0.0,2020-10-16,2020-10-16,6,,,,0
2020,10,18,11,Oct,731,730,130,15.8,0.0,2020-10-18,2020-10-18,1,,,,0
2020,10,19,11,Oct,488,451,67,17.3,0.0,2020-10-19,2020-10-19,2,,,,0
2020,10,20,12,Oct,520,476,75,19.4,0.0,2020-10-20,2020-10-20,3,,,,0
2020,10,20,19,Oct,832,749,116,16.7,0.0,2020-10-20,2020-10-20,3,,,,0
2020,10,21,22,Oct,676,527,95,17.3,0.0,2020-10-21,2020-10-21,4,,,,0
2020,10,26,20,Oct,498,492,73,14.7,0.0,2020-10-26,2020-10-26,2,,,,0
2020,10,26,21,Oct,454,405,58,14.4,0.0,2020-10-26,2020-10-26,2,,,,0
2020,10,27,16,Oct,611,674,89,15.5,0.0,2020-10-27,2020-10-27,3,,,,0
2020,10,28,19,Oct,971,911,174,14.6,0.0,2020-10-28,2020-10-28,4,,,,0
2020,10,29,16,Oct,875,1081,196,10.8,3.36,2020-10-29,2020-10-29,5,,,,0
2020,10,1,1,Oct,196,176,19,15.9,0.0,2020-10-1,2020-10-01,5,,,,0
2020,10,2,19,Oct,1302,1230,195,14.8,0.0,2020-10-2,2020-10-02,6,,,,0
2020,10,5,13,Oct,507,504,77,19.3,0.0,2020-10-5,2020-10-05,2,,,,0
2020,10,6,4,Oct,70,92,6,14.9,0.0,2020-10-6,2020-10-06,3,,,,0
2020,10,7,1,Oct,137,131,19,14.3,0.0,2020-10-7,2020-10-07,4,,,,0
2020,10,9,0,Oct,432,300,58,10.1,0.0,2020-10-9,2020-10-09,6,,,,0
2020,10,9,17,Oct,964,1135,167,18.2,0.0,2020-10-9,2020-10-09,6,,,,0
2020,10,10,4,Oct,204,164,23,13.8,0.0,2020-10-10,2020-10-10,7,,,,0
2020,10,12,16,Oct,696,815,160,12.5,1.32,2020-10-12,2020-10-12,2,,,,0
2020,10,15,16,Oct,684,843,126,20.6,0.0,2020-10-15,2020-10-15,5,,,,0
2020,10,17,1,Oct,586,510,81,9.5,0.98,2020-10-17,2020-10-17,7,,,,0
2020,10,19,8,Oct,803,721,96,11.7,0.0,2020-10-19,2020-10-19,2,,,,0
2020,10,20,2,Oct,100,85,15,13.9,0.0,2020-10-20,2020-10-20,3,,,,0
2020,10,20,11,Oct,526,481,81,18.7,0.0,2020-10-20,2020-10-20,3,,,,0
2020,10,21,20,Oct,633,638,91,17.0,0.0,2020-10-21,2020-10-21,4,,,,0
2020,10,23,5,Oct,130,271,11,17.1,0.0,2020-10-23,2020-10-23,6,,,,0
2020,10,24,6,Oct,225,369,37,16.1,0.0,2020-10-24,2020-10-24,7,,,,0
2020,10,30,0,Oct,468,312,71,8.4,0.4,2020-10-30,2020-10-30,6,,,,0
2020,10,30,7,Oct,813,707,139,5.9,1.34,2020-10-30,2020-10-30,6,,,,0
2020,10,30,9,Oct,884,937,163,3.4,2.8,2020-10-30,2020-10-30,6,,,,0
2020,10,2,17,Oct,925,1069,150,18.0,0.0,2020-10-2,2020-10-02,6,,,,0
2020,10,3,6,Oct,225,347,35,10.3,0.0,2020-10-3,2020-10-03,7,,,,0
2020,10,4,1,Oct,837,609,105,10.4,0.0,2020-10-4,2020-10-04,1,,,,0
2020,10,5,23,Oct,302,266,29,14.8,0.0,2020-10-5,2020-10-05,2,,,,0
2020,10,6,1,Oct,132,96,14,13.2,0.2,2020-10-6,2020-10-06,3,,,,0
2020,10,7,11,Oct,506,463,64,19.9,0.0,2020-10-7,2020-10-07,4,,,,0
2020,10,7,14,Oct,572,573,103,23.6,0.0,2020-10-7,2020-10-07,4,,,,0
2020,10,7,23,Oct,530,423,80,16.5,0.0,2020-10-7,2020-10-07,4,,,,0
2020,10,8,10,Oct,517,510,99,14.7,0.0,2020-10-8,2020-10-08,5,,,,0
2020,10,9,10,Oct,545,611,109,14.0,0.0,2020-10-9,2020-10-09,6,,,,0
2020,10,10,13,Oct,970,948,151,22.6,0.0,2020-10-10,2020-10-10,7,,,,0
2020,10,11,21,Oct,711,586,114,16.0,0.04,2020-10-11,2020-10-11,1,,,,0
2020,10,13,17,Oct,769,747,129,14.5,0.0,2020-10-13,2020-10-13,3,,,,0
2020,10,14,8,Oct,796,800,108,11.5,0.0,2020-10-14,2020-10-14,4,,,,0
2020,10,15,12,Oct,573,569,86,20.4,0.0,2020-10-15,2020-10-15,5,,,,0
2020,10,17,16,Oct,1013,1162,181,15.2,0.0,2020-10-17,2020-10-17,7,,,,0
2020,10,17,19,Oct,1483,1368,286,11.9,0.0,2020-10-17,2020-10-17,7,,,,0
2020,10,18,7,Oct,233,256,24,7.9,0.0,2020-10-18,2020-10-18,1,,,,0
2020,10,19,13,Oct,502,526,78,17.6,0.06,2020-10-19,2020-10-19,2,,,,0
2020,10,19,14,Oct,533,518,87,17.6,0.0,2020-10-19,2020-10-19,2,,,,0
2020,10,22,15,Oct,639,648,109,21.0,0.0,2020-10-22,2020-10-22,5,,,,0
2020,10,23,11,Oct,603,614,99,18.8,0.1,2020-10-23,2020-10-23,6,,,,0
2020,10,25,11,Oct,788,770,107,9.3,0.0,2020-10-25,2020-10-25,1,,,,0
2020,10,27,23,Oct,444,385,55,12.8,0.0,2020-10-27,2020-10-27,3,,,,0
2020,10,29,1,Oct,233,145,24,11.8,0.0,2020-10-29,2020-10-29,5,,,,0
2020,10,29,8,Oct,1034,887,147,11.6,0.4,2020-10-29,2020-10-29,5,,,,0
2020,10,29,12,Oct,812,777,190,11.5,3.84,2020-10-29,2020-10-29,5,,,,0
2020,10,29,19,Oct,1247,1116,229,9.2,1.5,2020-10-29,2020-10-29,5,,,,0
2020,10,30,13,Oct,787,894,160,4.5,0.54,2020-10-30,2020-10-30,6,,,,0
2020,10,30,21,Oct,1146,984,208,4.0,0.0,2020-10-30,2020-10-30,6,,,,0
2020,10,31,21,Oct,1490,1483,247,6.7,0.0,2020-10-31,2020-10-31,7,,,,0
2020,10,1,16,Oct,681,821,123,21.5,0.0,2020-10-1,2020-10-01,5,,,,0
2020,10,2,3,Oct,118,72,12,15.1,0.36,2020-10-2,2020-10-02,6,,,,0
2020,10,2,14,Oct,693,740,124,16.5,0.0,2020-10-2,2020-10-02,6,,,,0
2020,10,2,16,Oct,671,894,133,18.3,0.0,2020-10-2,2020-10-02,6,,,,0
2020,10,3,7,Oct,301,372,31,10.1,0.0,2020-10-3,2020-10-03,7,,,,0
2020,10,6,16,Oct,552,631,88,20.0,0.0,2020-10-6,2020-10-06,3,,,,0
2020,10,6,21,Oct,573,504,95,16.4,0.0,2020-10-6,2020-10-06,3,,,,0
2020,10,9,11,Oct,582,577,79,15.5,0.0,2020-10-9,2020-10-09,6,,,,0
2020,10,10,9,Oct,496,681,82,16.6,0.0,2020-10-10,2020-10-10,7,,,,0
2020,10,11,0,Oct,1035,757,144,18.3,0.0,2020-10-11,2020-10-11,1,,,,0
2020,10,12,21,Oct,446,430,96,13.2,0.74,2020-10-12,2020-10-12,2,,,,0
2020,10,15,23,Oct,685,593,92,17.8,0.0,2020-10-15,2020-10-15,5,,,,0
2020,10,16,1,Oct,264,196,27,16.6,0.0,2020-10-16,2020-10-16,6,,,,0
2020,10,17,23,Oct,1252,1098,165,10.4,0.0,2020-10-17,2020-10-17,7,,,,0
2020,10,18,0,Oct,1139,881,146,10.0,0.0,2020-10-18,2020-10-18,1,,,,0
2020,10,20,21,Oct,610,508,76,15.5,0.0,2020-10-20,2020-10-20,3,,,,0
2020,10,21,5,Oct,114,223,23,15.3,0.0,2020-10-21,2020-10-21,4,,,,0
2020,10,24,5,Oct,135,205,24,16.2,0.0,2020-10-24,2020-10-24,7,,,,0
2020,10,24,13,Oct,1002,998,164,21.2,0.04,2020-10-24,2020-10-24,7,,,,0
2020,10,25,23,Oct,465,335,73,10.1,0.1,2020-10-25,2020-10-25,1,,,,0
2020,10,27,12,Oct,515,488,78,14.2,0.0,2020-10-27,2020-10-27,3,,,,0
2020,10,29,13,Oct,823,844,203,11.5,5.4,2020-10-29,2020-10-29,5,,,,0
2020,10,30,8,Oct,1059,992,202,5.2,0.9,2020-10-30,2020-10-30,6,,,,0
2020,10,6,5,Oct,124,191,14,14.2,0.0,2020-10-6,2020-10-06,3,,,,0
2020,10,7,10,Oct,513,530,77,18.1,0.0,2020-10-7,2020-10-07,4,,,,0
2020,10,10,18,Oct,1371,1290,222,21.4,0.0,2020-10-10,2020-10-10,7,,,,0
2020,10,10,20,Oct,1198,1101,211,19.6,0.0,2020-10-10,2020-10-10,7,,,,0
2020,10,11,1,Oct,847,628,109,18.1,0.0,2020-10-11,2020-10-11,1,,,,0
2020,10,13,20,Oct,597,487,72,15.0,0.0,2020-10-13,2020-10-13,3,,,,0
2020,10,14,4,Oct,71,91,8,10.2,0.0,2020-10-14,2020-10-14,4,,,,0
2020,10,15,10,Oct,537,561,85,17.3,0.0,2020-10-15,2020-10-15,5,,,,0
2020,10,15,14,Oct,644,622,101,22.1,0.0,2020-10-15,2020-10-15,5,,,,0
2020,10,18,1,Oct,891,728,89,9.6,0.0,2020-10-18,2020-10-18,1,,,,0
2020,10,19,19,Oct,689,615,114,15.1,0.0,2020-10-19,2020-10-19,2,,,,0
2020,10,19,22,Oct,442,376,63,14.5,0.0,2020-10-19,2020-10-19,2,,,,0
2020,10,22,5,Oct,136,214,25,16.7,0.0,2020-10-22,2020-10-22,5,,,,0
2020,10,22,6,Oct,369,420,39,16.9,0.0,2020-10-22,2020-10-22,5,,,,0
2020,10,23,18,Oct,1260,1370,221,17.1,0.0,2020-10-23,2020-10-23,6,,,,0
2020,10,24,14,Oct,1030,1040,158,19.8,0.0,2020-10-24,2020-10-24,7,,,,0
2020,10,26,3,Oct,55,66,5,11.2,0.04,2020-10-26,2020-10-26,2,,,,0
2020,10,27,14,Oct,535,512,87,15.4,0.0,2020-10-27,2020-10-27,3,,,,0
2020,10,29,18,Oct,1221,1307,248,9.2,2.1,2020-10-29,2020-10-29,5,,,,0
2020,10,30,12,Oct,797,835,162,4.3,0.9,2020-10-30,2020-10-30,6,,,,0
2020,10,31,17,Oct,1368,1316,209,6.2,0.0,2020-10-31,2020-10-31,7,,,,0
2020,10,1,4,Oct,92,124,6,15.1,0.0,2020-10-1,2020-10-01,5,,,,0
2020,10,1,11,Oct,605,583,107,19.8,0.0,2020-10-1,2020-10-01,5,,,,0
2020,10,4,6,Oct,204,224,20,10.0,0.0,2020-10-4,2020-10-04,1,,,,0
2020,10,4,18,Oct,908,862,146,16.3,0.0,2020-10-4,2020-10-04,1,,,,0
2020,10,6,8,Oct,745,662,99,13.8,0.0,2020-10-6,2020-10-06,3,,,,0
2020,10,7,9,Oct,597,607,94,16.3,0.0,2020-10-7,2020-10-07,4,,,,0
2020,10,8,11,Oct,498,518,74,15.8,0.0,2020-10-8,2020-10-08,5,,,,0
2020,10,11,7,Oct,213,291,25,16.3,0.0,2020-10-11,2020-10-11,1,,,,0
2020,10,12,6,Oct,302,335,39,12.1,0.96,2020-10-12,2020-10-12,2,,,,0
2020,10,12,20,Oct,508,517,90,12.7,0.32,2020-10-12,2020-10-12,2,,,,0
2020,10,14,16,Oct,645,736,117,20.5,0.0,2020-10-14,2020-10-14,4,,,,0
2020,10,17,12,Oct,1020,957,170,13.2,0.0,2020-10-17,2020-10-17,7,,,,0
2020,10,20,1,Oct,154,101,20,14.2,0.0,2020-10-20,2020-10-20,3,,,,0
2020,10,23,15,Oct,810,861,145,20.1,0.0,2020-10-23,2020-10-23,6,,,,0
2020,10,28,5,Oct,120,208,19,11.8,0.26,2020-10-28,2020-10-28,4,,,,0
2020,10,30,1,Oct,247,211,32,8.3,0.4,2020-10-30,2020-10-30,6,,,,0
2020,10,1,10,Oct,544,570,83,18.3,0.0,2020-10-1,2020-10-01,5,,,,0
2020,10,1,12,Oct,623,564,93,21.1,0.0,2020-10-1,2020-10-01,5,,,,0
2020,10,4,10,Oct,557,611,75,15.5,0.0,2020-10-4,2020-10-04,1,,,,0
2020,10,6,3,Oct,52,43,9,14.9,0.0,2020-10-6,2020-10-06,3,,,,0
2020,10,6,9,Oct,599,601,93,14.8,0.0,2020-10-6,2020-10-06,3,,,,0
2020,10,7,3,Oct,65,59,10,14.8,0.0,2020-10-7,2020-10-07,4,,,,0
2020,10,9,12,Oct,607,641,100,16.6,0.0,2020-10-9,2020-10-09,6,,,,0
2020,10,10,1,Oct,770,560,78,14.5,0.0,2020-10-10,2020-10-10,7,,,,0
2020,10,10,12,Oct,960,890,154,21.3,0.0,2020-10-10,2020-10-10,7,,,,0
2020,10,13,9,Oct,846,735,152,12.8,0.1,2020-10-13,2020-10-13,3,,,,0
2020,10,13,15,Oct,584,511,85,14.0,0.1,2020-10-13,2020-10-13,3,,,,0
2020,10,13,23,Oct,335,302,46,13.6,0.0,2020-10-13,2020-10-13,3,,,,0
2020,10,18,2,Oct,644,485,78,9.3,0.0,2020-10-18,2020-10-18,1,,,,0
2020,10,20,9,Oct,684,646,132,16.7,0.0,2020-10-20,2020-10-20,3,,,,0
2020,10,21,4,Oct,86,97,10,15.1,0.0,2020-10-21,2020-10-21,4,,,,0
2020,10,24,3,Oct,296,241,39,16.1,0.0,2020-10-24,2020-10-24,7,,,,0
2020,10,25,5,Oct,143,156,26,7.6,0.0,2020-10-25,2020-10-25,1,,,,0
2020,10,26,14,Oct,618,558,116,16.8,0.14,2020-10-26,2020-10-26,2,,,,0
2020,10,29,9,Oct,900,907,154,11.3,1.54,2020-10-29,2020-10-29,5,,,,0
2020,10,30,5,Oct,152,316,24,7.0,2.2,2020-10-30,2020-10-30,6,,,,0
2020,10,30,18,Oct,1439,1369,251,5.2,0.0,2020-10-30,2020-10-30,6,,,,0
2020,10,1,2,Oct,121,137,13,15.5,0.0,2020-10-1,2020-10-01,5,,,,0
2020,10,1,8,Oct,765,760,106,15.5,0.0,2020-10-1,2020-10-01,5,,,,0
2020,10,2,18,Oct,1225,1188,188,16.9,0.0,2020-10-2,2020-10-02,6,,,,0
2020,10,3,22,Oct,1216,1074,167,11.6,0.0,2020-10-3,2020-10-03,7,,,,0
2020,10,3,23,Oct,1197,1086,156,10.7,0.0,2020-10-3,2020-10-03,7,,,,0
2020,10,5,5,Oct,127,231,12,11.6,0.0,2020-10-5,2020-10-05,2,,,,0
2020,10,5,11,Oct,470,444,63,17.0,0.0,2020-10-5,2020-10-05,2,,,,0
2020,10,7,12,Oct,521,458,86,21.6,0.0,2020-10-7,2020-10-07,4,,,,0
2020,10,12,4,Oct,109,94,14,12.3,1.12,2020-10-12,2020-10-12,2,,,,0
2020,10,13,0,Oct,182,156,15,13.6,1.24,2020-10-13,2020-10-13,3,,,,0
2020,10,13,4,Oct,75,94,8,14.2,1.4,2020-10-13,2020-10-13,3,,,,0
2020,10,14,5,Oct,123,239,10,10.1,0.0,2020-10-14,2020-10-14,4,,,,0
2020,10,14,21,Oct,686,600,86,14.2,0.0,2020-10-14,2020-10-14,4,,,,0
2020,10,16,22,Oct,889,900,129,11.0,0.64,2020-10-16,2020-10-16,6,,,,0
2020,10,17,0,Oct,835,638,128,9.8,0.7,2020-10-17,2020-10-17,7,,,,0
2020,10,17,10,Oct,687,775,103,10.3,0.0,2020-10-17,2020-10-17,7,,,,0
2020,10,17,14,Oct,1064,991,174,15.0,0.0,2020-10-17,2020-10-17,7,,,,0
2020,10,22,16,Oct,753,828,114,20.5,0.0,2020-10-22,2020-10-22,5,,,,0
2020,10,24,12,Oct,976,1006,160,20.1,0.0,2020-10-24,2020-10-24,7,,,,0
2020,10,27,1,Oct,127,98,12,14.7,0.0,2020-10-27,2020-10-27,3,,,,0
2020,10,27,19,Oct,839,778,113,14.0,0.0,2020-10-27,2020-10-27,3,,,,0
2020,10,3,1,Oct,663,568,95,11.6,0.0,2020-10-3,2020-10-03,7,,,,0
2020,10,4,4,Oct,225,155,30,10.3,0.0,2020-10-4,2020-10-04,1,,,,0
2020,10,5,2,Oct,114,83,13,13.0,0.0,2020-10-5,2020-10-05,2,,,,0
2020,10,6,7,Oct,605,488,49,11.3,0.0,2020-10-6,2020-10-06,3,,,,0
2020,10,6,10,Oct,497,473,92,16.7,0.0,2020-10-6,2020-10-06,3,,,,0
2020,10,8,14,Oct,626,669,99,17.6,0.0,2020-10-8,2020-10-08,5,,,,0
2020,10,9,1,Oct,240,194,18,10.7,0.0,2020-10-9,2020-10-09,6,,,,0
2020,10,11,13,Oct,773,783,114,18.7,0.0,2020-10-11,2020-10-11,1,,,,0
2020,10,12,12,Oct,683,645,154,12.2,1.1,2020-10-12,2020-10-12,2,,,,0
2020,10,13,19,Oct,811,738,120,14.0,0.0,2020-10-13,2020-10-13,3,,,,0
2020,10,15,15,Oct,677,669,114,21.7,0.0,2020-10-15,2020-10-15,5,,,,0
2020,10,18,16,Oct,837,920,127,15.8,0.0,2020-10-18,2020-10-18,1,,,,0
2020,10,20,4,Oct,72,73,10,13.3,0.0,2020-10-20,2020-10-20,3,,,,0
2020,10,21,0,Oct,284,182,32,14.8,0.0,2020-10-21,2020-10-21,4,,,,0
2020,10,21,9,Oct,630,646,110,16.5,0.0,2020-10-21,2020-10-21,4,,,,0
2020,10,22,1,Oct,190,165,17,17.1,0.0,2020-10-22,2020-10-22,5,,,,0
2020,10,22,22,Oct,823,652,112,16.6,0.0,2020-10-22,2020-10-22,5,,,,0
2020,10,23,16,Oct,815,959,137,19.6,0.0,2020-10-23,2020-10-23,6,,,,0
2020,10,24,19,Oct,1491,1333,248,14.5,0.0,2020-10-24,2020-10-24,7,,,,0
2020,10,26,4,Oct,99,97,12,11.3,0.04,2020-10-26,2020-10-26,2,,,,0
2020,10,26,17,Oct,717,717,120,16.5,0.1,2020-10-26,2020-10-26,2,,,,0
2020,10,27,0,Oct,180,131,26,14.6,0.0,2020-10-27,2020-10-27,3,,,,0
2020,10,28,17,Oct,898,944,129,16.3,0.0,2020-10-28,2020-10-28,4,,,,0
2020,10,28,20,Oct,759,667,101,14.1,0.0,2020-10-28,2020-10-28,4,,,,0
2020,10,29,2,Oct,142,110,12,12.3,0.0,2020-10-29,2020-10-29,5,,,,0
2020,10,31,4,Oct,229,210,28,0.8,0.0,2020-10-31,2020-10-31,7,,,,0
2020,10,31,11,Oct,967,904,170,5.1,0.0,2020-10-31,2020-10-31,7,,,,0
2020,10,1,17,Oct,885,1050,141,21.0,0.0,2020-10-1,2020-10-01,5,,,,0
2020,10,3,0,Oct,928,666,105,12.3,0.0,2020-10-3,2020-10-03,7,,,,0
2020,10,3,18,Oct,1388,1311,210,16.2,0.0,2020-10-3,2020-10-03,7,,,,0
2020,10,7,17,Oct,768,800,120,21.4,0.14,2020-10-7,2020-10-07,4,,,,0
2020,10,7,20,Oct,723,656,135,18.3,0.0,2020-10-7,2020-10-07,4,,,,0
2020,10,8,18,Oct,1090,1034,177,15.3,0.0,2020-10-8,2020-10-08,5,,,,0
2020,10,11,8,Oct,285,350,34,17.2,0.0,2020-10-11,2020-10-11,1,,,,0
2020,10,11,19,Oct,880,883,136,17.2,0.0,2020-10-11,2020-10-11,1,,,,0
2020,10,12,23,Oct,324,256,44,13.4,0.94,2020-10-12,2020-10-12,2,,,,0
2020,10,14,6,Oct,347,366,33,9.5,0.0,2020-10-14,2020-10-14,4,,,,0
2020,10,15,5,Oct,146,233,14,12.0,0.0,2020-10-15,2020-10-15,5,,,,0
2020,10,18,9,Oct,413,551,72,10.9,0.0,2020-10-18,2020-10-18,1,,,,0
2020,10,22,7,Oct,628,528,58,17.2,0.0,2020-10-22,2020-10-22,5,,,,0
2020,10,22,13,Oct,574,559,92,20.9,0.0,2020-10-22,2020-10-22,5,,,,0
2020,10,22,20,Oct,865,842,164,16.5,0.0,2020-10-22,2020-10-22,5,,,,0
2020,10,23,20,Oct,1209,1005,200,16.3,0.0,2020-10-23,2020-10-23,6,,,,0
2020,10,24,10,Oct,738,796,117,17.9,0.04,2020-10-24,2020-10-24,7,,,,0
2020,10,25,22,Oct,602,499,82,9.6,0.36,2020-10-25,2020-10-25,1,,,,0
2020,10,26,2,Oct,119,90,16,11.2,0.04,2020-10-26,2020-10-26,2,,,,0
2020,10,27,5,Oct,135,197,21,14.3,0.0,2020-10-27,2020-10-27,3,,,,0
2020,10,28,2,Oct,115,111,15,11.9,0.0,2020-10-28,2020-10-28,4,,,,0
2020,10,28,8,Oct,1032,893,145,11.4,0.76,2020-10-28,2020-10-28,4,,,,0
2020,10,29,14,Oct,959,899,214,11.5,6.14,2020-10-29,2020-10-29,5,,,,0
2020,10,29,22,Oct,726,733,106,8.6,0.7,2020-10-29,2020-10-29,5,,,,0
2020,10,31,16,Oct,1179,1218,231,6.8,0.0,2020-10-31,2020-10-31,7,,,,0
2020,10,4,17,Oct,795,862,136,17.4,0.0,2020-10-4,2020-10-04,1,,,,0
2020,10,5,1,Oct,169,121,25,12.1,0.0,2020-10-5,2020-10-05,2,,,,0
2020,10,5,8,Oct,780,686,96,12.4,0.0,2020-10-5,2020-10-05,2,,,,0
2020,10,8,23,Oct,677,521,81,10.5,0.0,2020-10-8,2020-10-08,5,,,,0
2020,10,9,6,Oct,339,443,47,11.6,0.0,2020-10-9,2020-10-09,6,,,,0
2020,10,10,16,Oct,948,1145,159,23.3,0.0,2020-10-10,2020-10-10,7,,,,0
2020,10,10,19,Oct,1307,1268,203,20.7,0.0,2020-10-10,2020-10-10,7,,,,0
2020,10,11,22,Oct,647,491,87,15.4,0.2,2020-10-11,2020-10-11,1,,,,0
2020,10,13,21,Oct,494,437,83,14.5,0.0,2020-10-13,2020-10-13,3,,,,0
2020,10,14,0,Oct,244,194,26,13.2,0.0,2020-10-14,2020-10-14,4,,,,0
2020,10,14,17,Oct,825,880,133,19.7,0.0,2020-10-14,2020-10-14,4,,,,0
2020,10,16,5,Oct,134,250,14,16.8,0.04,2020-10-16,2020-10-16,6,,,,0
2020,10,21,12,Oct,506,483,68,18.0,0.14,2020-10-21,2020-10-21,4,,,,0
2020,10,22,9,Oct,682,656,100,18.5,0.0,2020-10-22,2020-10-22,5,,,,0
2020,10,24,7,Oct,237,367,42,16.2,0.0,2020-10-24,2020-10-24,7,,,,0
2020,10,25,2,Oct,457,430,85,8.5,0.0,2020-10-25,2020-10-25,1,,,,0
2020,10,25,14,Oct,835,832,140,10.9,0.0,2020-10-25,2020-10-25,1,,,,0
2020,10,25,15,Oct,846,881,156,10.7,0.0,2020-10-25,2020-10-25,1,,,,0
2020,10,28,21,Oct,692,606,103,13.0,0.0,2020-10-28,2020-10-28,4,,,,0
2020,10,29,0,Oct,377,236,45,12.1,0.0,2020-10-29,2020-10-29,5,,,,0
2020,10,29,6,Oct,425,425,41,11.5,0.0,2020-10-29,2020-10-29,5,,,,0
2020,10,29,15,Oct,871,896,184,11.4,4.98,2020-10-29,2020-10-29,5,,,,0
2020,10,30,2,Oct,138,155,31,8.1,0.58,2020-10-30,2020-10-30,6,,,,0
2020,10,30,16,Oct,849,1098,195,5.2,0.0,2020-10-30,2020-10-30,6,,,,0
2020,10,2,5,Oct,154,281,11,14.6,0.1,2020-10-2,2020-10-02,6,,,,0
2020,10,2,8,Oct,778,761,115,14.2,0.34,2020-10-2,2020-10-02,6,,,,0
2020,10,3,5,Oct,149,201,29,10.4,0.0,2020-10-3,2020-10-03,7,,,,0
2020,10,4,5,Oct,175,156,16,10.2,0.0,2020-10-4,2020-10-04,1,,,,0
2020,10,4,19,Oct,861,790,143,13.5,0.0,2020-10-4,2020-10-04,1,,,,0
2020,10,6,0,Oct,185,170,19,14.1,0.0,2020-10-6,2020-10-06,3,,,,0
2020,10,6,11,Oct,463,470,71,18.0,0.0,2020-10-6,2020-10-06,3,,,,0
2020,10,7,21,Oct,600,517,77,18.0,0.0,2020-10-7,2020-10-07,4,,,,0
2020,10,11,11,Oct,730,692,124,17.7,0.0,2020-10-11,2020-10-11,1,,,,0
2020,10,11,18,Oct,871,862,148,17.3,0.0,2020-10-11,2020-10-11,1,,,,0
2020,10,14,23,Oct,526,441,64,11.4,0.0,2020-10-14,2020-10-14,4,,,,0
2020,10,15,2,Oct,115,120,9,11.4,0.0,2020-10-15,2020-10-15,5,,,,0
2020,10,18,21,Oct,742,591,77,13.0,0.0,2020-10-18,2020-10-18,1,,,,0
2020,10,22,4,Oct,95,110,4,16.8,0.0,2020-10-22,2020-10-22,5,,,,0
2020,10,23,7,Oct,529,501,71,17.0,0.0,2020-10-23,2020-10-23,6,,,,0
2020,10,23,10,Oct,566,575,77,18.4,0.1,2020-10-23,2020-10-23,6,,,,0
2020,10,23,22,Oct,1056,951,114,16.4,0.0,2020-10-23,2020-10-23,6,,,,0
2020,10,25,3,Oct,275,275,31,8.2,0.0,2020-10-25,2020-10-25,1,,,,0
2020,10,28,15,Oct,634,650,99,15.4,0.04,2020-10-28,2020-10-28,4,,,,0
2020,10,31,2,Oct,603,563,78,1.4,0.0,2020-10-31,2020-10-31,7,,,,0
2020,10,31,18,Oct,1482,1442,281,5.6,0.0,2020-10-31,2020-10-31,7,,,,0
2020,10,3,13,Oct,959,887,151,17.8,0.0,2020-10-3,2020-10-03,7,,,,0
2020,10,3,19,Oct,1377,1322,223,14.5,0.0,2020-10-3,2020-10-03,7,,,,0
2020,10,5,7,Oct,585,500,62,11.0,0.0,2020-10-5,2020-10-05,2,,,,0
2020,10,6,13,Oct,504,497,81,19.5,0.0,2020-10-6,2020-10-06,3,,,,0
2020,10,8,15,Oct,637,705,93,17.5,0.0,2020-10-8,2020-10-08,5,,,,0
2020,10,9,8,Oct,678,684,93,11.9,0.0,2020-10-9,2020-10-09,6,,,,0
2020,10,9,14,Oct,705,782,113,18.9,0.0,2020-10-9,2020-10-09,6,,,,0
2020,10,10,2,Oct,506,393,55,14.2,0.0,2020-10-10,2020-10-10,7,,,,0
2020,10,11,14,Oct,771,775,145,19.0,0.0,2020-10-11,2020-10-11,1,,,,0
2020,10,12,22,Oct,492,382,68,13.4,0.96,2020-10-12,2020-10-12,2,,,,0
2020,10,13,3,Oct,50,44,6,14.2,0.6,2020-10-13,2020-10-13,3,,,,0
2020,10,17,2,Oct,415,313,57,9.3,0.6,2020-10-17,2020-10-17,7,,,,0
2020,10,18,12,Oct,902,793,129,16.8,0.0,2020-10-18,2020-10-18,1,,,,0
2020,10,18,18,Oct,860,865,157,14.1,0.0,2020-10-18,2020-10-18,1,,,,0
2020,10,19,4,Oct,109,87,10,11.9,0.0,2020-10-19,2020-10-19,2,,,,0
2020,10,19,17,Oct,673,751,119,16.8,0.0,2020-10-19,2020-10-19,2,,,,0
2020,10,19,18,Oct,818,733,103,15.7,0.0,2020-10-19,2020-10-19,2,,,,0
2020,10,20,15,Oct,603,543,87,21.5,0.0,2020-10-20,2020-10-20,3,,,,0
2020,10,21,7,Oct,624,473,59,15.7,0.0,2020-10-21,2020-10-21,4,,,,0
2020,10,22,0,Oct,382,230,30,17.4,0.0,2020-10-22,2020-10-22,5,,,,0
2020,10,25,4,Oct,183,164,21,7.9,0.0,2020-10-25,2020-10-25,1,,,,0
2020,10,25,9,Oct,437,543,84,8.0,0.0,2020-10-25,2020-10-25,1,,,,0
2020,10,30,11,Oct,736,820,176,4.3,1.34,2020-10-30,2020-10-30,6,,,,0
2020,10,5,4,Oct,114,105,13,11.7,0.0,2020-10-5,2020-10-05,2,,,,0
2020,10,5,14,Oct,558,539,77,19.7,0.0,2020-10-5,2020-10-05,2,,,,0
2020,10,6,6,Oct,326,332,32,14.1,0.0,2020-10-6,2020-10-06,3,,,,0
2020,10,7,2,Oct,109,96,16,14.7,0.0,2020-10-7,2020-10-07,4,,,,0
2020,10,7,22,Oct,589,521,91,17.2,0.0,2020-10-7,2020-10-07,4,,,,0
2020,10,8,0,Oct,326,257,40,15.9,0.0,2020-10-8,2020-10-08,5,,,,0
2020,10,8,19,Oct,1019,920,176,14.1,0.0,2020-10-8,2020-10-08,5,,,,0
2020,10,9,15,Oct,734,848,117,19.5,0.0,2020-10-9,2020-10-09,6,,,,0
2020,10,10,10,Oct,657,715,115,18.1,0.0,2020-10-10,2020-10-10,7,,,,0
2020,10,10,14,Oct,969,975,148,23.7,0.0,2020-10-10,2020-10-10,7,,,,0
2020,10,10,17,Oct,1109,1189,183,22.5,0.0,2020-10-10,2020-10-10,7,,,,0
2020,10,13,2,Oct,95,93,11,14.0,0.36,2020-10-13,2020-10-13,3,,,,0
2020,10,13,16,Oct,517,701,114,14.2,0.0,2020-10-13,2020-10-13,3,,,,0
2020,10,13,22,Oct,555,491,64,14.4,0.0,2020-10-13,2020-10-13,3,,,,0
2020,10,14,22,Oct,690,586,85,13.0,0.0,2020-10-14,2020-10-14,4,,,,0
2020,10,15,7,Oct,605,589,53,12.3,0.0,2020-10-15,2020-10-15,5,,,,0
2020,10,15,11,Oct,552,542,82,18.9,0.0,2020-10-15,2020-10-15,5,,,,0
2020,10,15,17,Oct,857,998,163,19.6,0.0,2020-10-15,2020-10-15,5,,,,0
2020,10,15,22,Oct,842,702,110,17.5,0.0,2020-10-15,2020-10-15,5,,,,0
2020,10,17,15,Oct,917,979,160,15.3,0.0,2020-10-17,2020-10-17,7,,,,0
2020,10,17,17,Oct,1200,1265,217,14.7,0.0,2020-10-17,2020-10-17,7,,,,0
2020,10,18,14,Oct,821,806,139,16.2,0.0,2020-10-18,2020-10-18,1,,,,0
2020,10,21,2,Oct,106,96,17,14.8,0.0,2020-10-21,2020-10-21,4,,,,0
2020,10,21,17,Oct,778,855,138,18.9,0.0,2020-10-21,2020-10-21,4,,,,0
2020,10,23,23,Oct,1230,1034,152,16.4,0.0,2020-10-23,2020-10-23,6,,,,0
2020,10,25,16,Oct,831,989,157,10.7,0.0,2020-10-25,2020-10-25,1,,,,0
2020,10,26,5,Oct,138,241,20,11.4,0.0,2020-10-26,2020-10-26,2,,,,0
2020,10,26,13,Oct,571,539,94,16.2,0.14,2020-10-26,2020-10-26,2,,,,0
2020,10,31,12,Oct,1005,1068,169,6.0,0.0,2020-10-31,2020-10-31,7,,,,0
2020,10,1,5,Oct,127,203,12,14.9,0.0,2020-10-1,2020-10-01,5,,,,0
2020,10,1,18,Oct,1014,1074,163,19.2,0.0,2020-10-1,2020-10-01,5,,,,0
2020,10,3,2,Oct,449,395,36,11.1,0.0,2020-10-3,2020-10-03,7,,,,0
2020,10,4,0,Oct,1061,846,115,10.4,0.0,2020-10-4,2020-10-04,1,,,,0
2020,10,4,12,Oct,894,832,109,17.9,0.0,2020-10-4,2020-10-04,1,,,,0
2020,10,5,10,Oct,495,495,71,15.4,0.0,2020-10-5,2020-10-05,2,,,,0
2020,10,6,2,Oct,95,76,9,14.9,0.12,2020-10-6,2020-10-06,3,,,,0
2020,10,6,12,Oct,463,460,86,18.8,0.0,2020-10-6,2020-10-06,3,,,,0
2020,10,8,21,Oct,727,567,110,12.6,0.0,2020-10-8,2020-10-08,5,,,,0
2020,10,9,13,Oct,622,701,113,17.5,0.0,2020-10-9,2020-10-09,6,,,,0
2020,10,10,5,Oct,168,195,20,13.9,0.0,2020-10-10,2020-10-10,7,,,,0
2020,10,10,11,Oct,798,832,117,19.7,0.0,2020-10-10,2020-10-10,7,,,,0
2020,10,12,7,Oct,587,518,83,12.1,1.2,2020-10-12,2020-10-12,2,,,,0
2020,10,16,0,Oct,547,329,71,17.3,0.0,2020-10-16,2020-10-16,6,,,,0
2020,10,17,9,Oct,526,673,102,8.9,0.0,2020-10-17,2020-10-17,7,,,,0
2020,10,18,15,Oct,745,810,129,16.1,0.0,2020-10-18,2020-10-18,1,,,,0
2020,10,20,0,Oct,213,185,15,14.3,0.0,2020-10-20,2020-10-20,3,,,,0
2020,10,20,14,Oct,572,530,72,21.2,0.0,2020-10-20,2020-10-20,3,,,,0
2020,10,21,1,Oct,125,117,16,15.4,0.0,2020-10-21,2020-10-21,4,,,,0
2020,10,21,10,Oct,537,498,73,17.1,0.0,2020-10-21,2020-10-21,4,,,,0
2020,10,22,18,Oct,1092,1113,156,19.3,0.0,2020-10-22,2020-10-22,5,,,,0
2020,10,23,6,Oct,376,456,50,17.0,0.0,2020-10-23,2020-10-23,6,,,,0
2020,10,26,0,Oct,281,186,28,10.8,0.1,2020-10-26,2020-10-26,2,,,,0
2020,10,26,23,Oct,362,262,44,14.3,0.0,2020-10-26,2020-10-26,2,,,,0
2020,10,28,6,Oct,390,343,45,11.6,0.52,2020-10-28,2020-10-28,4,,,,0
2020,10,29,23,Oct,713,576,97,8.5,0.5,2020-10-29,2020-10-29,5,,,,0
2020,10,30,10,Oct,778,851,173,3.9,2.28,2020-10-30,2020-10-30,6,,,,0
2020,10,30,22,Oct,1070,1016,205,3.6,0.0,2020-10-30,2020-10-30,6,,,,0
2020,10,1,20,Oct,845,713,136,18.6,0.0,2020-10-1,2020-10-01,5,,,,0
2020,10,2,11,Oct,622,673,111,13.9,0.4,2020-10-2,2020-10-02,6,,,,0
2020,10,3,21,Oct,1092,1077,171,12.9,0.0,2020-10-3,2020-10-03,7,,,,0
2020,10,4,8,Oct,288,372,34,12.2,0.0,2020-10-4,2020-10-04,1,,,,0
2020,10,4,23,Oct,454,296,53,14.3,0.0,2020-10-4,2020-10-04,1,,,,0
2020,10,5,16,Oct,497,604,84,19.6,0.0,2020-10-5,2020-10-05,2,,,,0
2020,10,6,15,Oct,584,541,70,20.0,0.0,2020-10-6,2020-10-06,3,,,,0
2020,10,7,13,Oct,548,545,79,23.0,0.0,2020-10-7,2020-10-07,4,,,,0
2020,10,9,20,Oct,1214,1020,220,16.7,0.0,2020-10-9,2020-10-09,6,,,,0
2020,10,12,5,Oct,115,218,21,12.2,1.24,2020-10-12,2020-10-12,2,,,,0
2020,10,13,18,Oct,853,794,109,14.5,0.0,2020-10-13,2020-10-13,3,,,,0
2020,10,14,7,Oct,630,533,67,9.4,0.0,2020-10-14,2020-10-14,4,,,,0
2020,10,15,0,Oct,285,232,31,11.5,0.0,2020-10-15,2020-10-15,5,,,,0
2020,10,16,2,Oct,179,190,22,16.4,0.0,2020-10-16,2020-10-16,6,,,,0
2020,10,16,8,Oct,700,756,85,15.6,0.0,2020-10-16,2020-10-16,6,,,,0
2020,10,16,11,Oct,924,853,209,13.1,1.94,2020-10-16,2020-10-16,6,,,,0
2020,10,16,15,Oct,883,987,197,12.4,2.32,2020-10-16,2020-10-16,6,,,,0
2020,10,18,10,Oct,604,653,86,13.4,0.0,2020-10-18,2020-10-18,1,,,,0
2020,10,21,21,Oct,656,619,91,17.1,0.0,2020-10-21,2020-10-21,4,,,,0
2020,10,22,10,Oct,537,538,105,19.0,0.0,2020-10-22,2020-10-22,5,,,,0
2020,10,23,4,Oct,90,130,10,17.1,0.0,2020-10-23,2020-10-23,6,,,,0
2020,10,23,12,Oct,564,695,96,19.0,0.06,2020-10-23,2020-10-23,6,,,,0
2020,10,23,17,Oct,1042,1172,188,18.7,0.0,2020-10-23,2020-10-23,6,,,,0
2020,10,24,4,Oct,218,151,32,16.3,0.0,2020-10-24,2020-10-24,7,,,,0
2020,10,27,4,Oct,76,77,11,14.5,0.0,2020-10-27,2020-10-27,3,,,,0
2020,10,27,7,Oct,633,490,67,13.0,0.1,2020-10-27,2020-10-27,3,,,,0
2020,10,29,10,Oct,771,796,161,11.2,2.84,2020-10-29,2020-10-29,5,,,,0
2020,10,31,1,Oct,775,717,102,2.0,0.0,2020-10-31,2020-10-31,7,,,,0
2020,10,31,22,Oct,1462,1372,255,7.0,0.0,2020-10-31,2020-10-31,7,,,,0
2020,10,2,21,Oct,946,890,151,14.7,0.0,2020-10-2,2020-10-02,6,,,,0
2020,10,3,8,Oct,315,548,74,11.6,0.0,2020-10-3,2020-10-03,7,,,,0
2020,10,3,12,Oct,927,867,147,17.2,0.0,2020-10-3,2020-10-03,7,,,,0
2020,10,5,0,Oct,236,195,38,13.1,0.0,2020-10-5,2020-10-05,2,,,,0
2020,10,6,17,Oct,705,759,105,19.5,0.0,2020-10-6,2020-10-06,3,,,,0
2020,10,7,4,Oct,84,79,7,14.6,0.0,2020-10-7,2020-10-07,4,,,,0
2020,10,7,19,Oct,871,819,145,19.7,0.0,2020-10-7,2020-10-07,4,,,,0
2020,10,8,8,Oct,859,907,117,12.5,0.0,2020-10-8,2020-10-08,5,,,,0
2020,10,11,16,Oct,835,886,127,18.4,0.0,2020-10-11,2020-10-11,1,,,,0
2020,10,12,9,Oct,738,683,121,11.1,1.92,2020-10-12,2020-10-12,2,,,,0
2020,10,12,14,Oct,691,670,166,12.6,0.7,2020-10-12,2020-10-12,2,,,,0
2020,10,13,12,Oct,598,514,73,13.7,0.1,2020-10-13,2020-10-13,3,,,,0
2020,10,14,9,Oct,646,625,100,12.8,0.0,2020-10-14,2020-10-14,4,,,,0
2020,10,15,9,Oct,659,704,98,15.5,0.0,2020-10-15,2020-10-15,5,,,,0
2020,10,15,19,Oct,1086,986,194,17.6,0.0,2020-10-15,2020-10-15,5,,,,0
2020,10,16,18,Oct,1297,1293,226,12.2,0.6,2020-10-16,2020-10-16,6,,,,0
2020,10,16,20,Oct,1179,1030,221,12.0,1.2,2020-10-16,2020-10-16,6,,,,0
2020,10,18,22,Oct,652,505,88,12.2,0.0,2020-10-18,2020-10-18,1,,,,0
2020,10,20,3,Oct,56,59,11,13.3,0.0,2020-10-20,2020-10-20,3,,,,0
2020,10,23,19,Oct,1384,1362,245,16.1,0.0,2020-10-23,2020-10-23,6,,,,0
2020,10,24,0,Oct,1050,771,106,16.2,0.0,2020-10-24,2020-10-24,7,,,,0
2020,10,25,1,Oct,803,691,94,8.8,0.0,2020-10-25,2020-10-25,1,,,,0
2020,10,27,11,Oct,528,493,92,13.4,0.0,2020-10-27,2020-10-27,3,,,,0
2020,10,28,1,Oct,152,115,23,12.0,0.0,2020-10-28,2020-10-28,4,,,,0
2020,10,29,5,Oct,157,226,17,11.5,0.0,2020-10-29,2020-10-29,5,,,,0
2020,10,30,3,Oct,101,88,19,7.8,0.74,2020-10-30,2020-10-30,6,,,,0
2020,10,30,19,Oct,1550,1426,249,5.2,0.0,2020-10-30,2020-10-30,6,,,,0
2020,10,31,10,Oct,773,797,159,3.9,0.0,2020-10-31,2020-10-31,7,,,,0
2022,10,1,9,Oct,1072,1282,225,12.2,0.2,2022-10-1,2022-10-01,7,,,,0
2022,10,1,14,Oct,1538,1494,275,16.9,0.0,2022-10-1,2022-10-01,7,,,,0
2022,10,1,16,Oct,1758,1875,343,17.3,0.0,2022-10-1,2022-10-01,7,,,,0
2022,10,4,4,Oct,218,171,25,8.5,5.82,2022-10-4,2022-10-04,3,,,,0
2022,10,10,1,Oct,577,323,78,9.4,0.0,2022-10-10,2022-10-10,2,,,,0
2022,10,10,13,Oct,1047,981,176,19.0,0.0,2022-10-10,2022-10-10,2,,,,0
2022,10,10,15,Oct,1214,1196,188,19.9,0.0,2022-10-10,2022-10-10,2,,,,0
2022,10,11,19,Oct,2115,1720,324,14.6,0.0,2022-10-11,2022-10-11,3,,,,0
2022,10,14,17,Oct,1898,1837,424,18.7,0.0,2022-10-14,2022-10-14,6,,,,0
2022,10,15,15,Oct,1657,1648,335,18.8,0.0,2022-10-15,2022-10-15,7,,,,0
2022,10,16,11,Oct,1462,1880,328,14.0,0.0,2022-10-16,2022-10-16,1,,,,0
2022,10,17,9,Oct,1373,1229,216,13.7,0.38,2022-10-17,2022-10-17,2,,,,0
2022,10,20,12,Oct,1252,1206,203,12.6,0.0,2022-10-20,2022-10-20,5,,,,0
2022,10,20,23,Oct,2046,1382,207,8.0,0.0,2022-10-20,2022-10-20,5,,,,0
2022,10,21,3,Oct,437,315,52,7.1,0.0,2022-10-21,2022-10-21,6,,,,0
2022,10,21,5,Oct,424,595,55,6.8,0.0,2022-10-21,2022-10-21,6,,,,0
2022,10,22,5,Oct,354,380,40,7.9,0.0,2022-10-22,2022-10-22,7,,,,0
2022,10,22,15,Oct,1485,1472,230,17.8,0.0,2022-10-22,2022-10-22,7,,,,0
2022,10,23,18,Oct,1773,1569,315,13.5,3.64,2022-10-23,2022-10-23,1,,,,0
2022,10,24,3,Oct,266,149,34,12.5,0.0,2022-10-24,2022-10-24,2,,,,0
2022,10,27,11,Oct,1132,1175,206,15.7,0.0,2022-10-27,2022-10-27,5,,,,0
2022,10,27,18,Oct,2013,2131,391,14.6,0.0,2022-10-27,2022-10-27,5,,,,0
2022,10,28,21,Oct,2422,2530,410,8.3,0.0,2022-10-28,2022-10-28,6,,,,0
2022,10,30,4,Oct,1485,945,180,4.3,0.0,2022-10-30,2022-10-30,1,,,,0
2022,10,30,20,Oct,1466,1366,241,10.4,0.0,2022-10-30,2022-10-30,1,,,,0
2022,10,31,17,Oct,1119,1106,192,15.1,0.84,2022-10-31,2022-10-31,2,,,,0
2022,10,13,19,Oct,2221,2402,477,18.7,0.68,2022-10-13,2022-10-13,5,,,,0
2022,10,1,22,Oct,2434,2017,445,14.1,0.38,2022-10-1,2022-10-01,7,,,,0
2022,10,2,8,Oct,623,822,97,14.9,0.04,2022-10-2,2022-10-02,1,,,,0
2022,10,5,1,Oct,341,281,55,12.9,0.28,2022-10-5,2022-10-05,4,,,,0
2022,10,5,13,Oct,1029,1009,188,15.2,0.0,2022-10-5,2022-10-05,4,,,,0
2022,10,7,7,Oct,950,926,188,11.7,0.0,2022-10-7,2022-10-07,6,NYCC,10.0,19.0,0
2022,10,7,17,Oct,1688,1775,332,22.2,0.0,2022-10-7,2022-10-07,6,NYCC,10.0,19.0,1
2022,10,9,12,Oct,1506,1694,290,14.6,0.0,2022-10-9,2022-10-09,1,NYCC,10.0,17.0,1
2022,10,10,6,Oct,649,667,74,7.8,0.0,2022-10-10,2022-10-10,2,,,,0
2022,10,10,12,Oct,1092,1080,209,17.9,0.0,2022-10-10,2022-10-10,2,,,,0
2022,10,10,20,Oct,1487,1181,220,15.4,0.0,2022-10-10,2022-10-10,2,,,,0
2022,10,11,13,Oct,1045,1034,199,18.8,0.0,2022-10-11,2022-10-11,3,,,,0
2022,10,12,1,Oct,396,316,52,11.6,0.0,2022-10-12,2022-10-12,4,,,,0
2022,10,12,7,Oct,1264,1086,195,9.4,0.0,2022-10-12,2022-10-12,4,,,,0
2022,10,15,12,Oct,1513,1767,366,18.3,0.0,2022-10-15,2022-10-15,7,,,,0
2022,10,16,9,Oct,1062,1651,303,10.8,0.0,2022-10-16,2022-10-16,1,,,,0
2022,10,18,23,Oct,1247,928,169,7.5,0.0,2022-10-18,2022-10-18,3,,,,0
2022,10,19,15,Oct,1379,1293,259,12.3,0.0,2022-10-19,2022-10-19,4,,,,0
2022,10,20,15,Oct,1453,1381,245,14.2,0.0,2022-10-20,2022-10-20,5,,,,0
2022,10,23,8,Oct,698,870,122,12.1,0.0,2022-10-23,2022-10-23,1,,,,0
2022,10,24,17,Oct,1531,1690,320,16.3,0.0,2022-10-24,2022-10-24,2,,,,0
2022,10,31,8,Oct,1248,1110,216,10.1,0.0,2022-10-31,2022-10-31,2,,,,0
2022,10,31,9,Oct,1152,997,193,10.9,0.0,2022-10-31,2022-10-31,2,,,,0
2022,10,1,4,Oct,825,360,131,13.4,0.8,2022-10-1,2022-10-01,7,,,,0
2022,10,3,15,Oct,1262,1299,277,11.9,0.6,2022-10-3,2022-10-03,2,,,,0
2022,10,4,8,Oct,1721,1611,376,9.0,4.8,2022-10-4,2022-10-04,3,,,,0
2022,10,9,14,Oct,1626,1464,287,16.1,0.0,2022-10-9,2022-10-09,1,NYCC,10.0,17.0,1
2022,10,12,2,Oct,245,211,27,10.7,0.0,2022-10-12,2022-10-12,4,,,,0
2022,10,17,7,Oct,1160,911,149,12.7,0.76,2022-10-17,2022-10-17,2,,,,0
2022,10,17,8,Oct,1412,1290,234,13.7,0.12,2022-10-17,2022-10-17,2,,,,0
2022,10,18,0,Oct,576,468,77,13.5,0.32,2022-10-18,2022-10-18,3,,,,0
2022,10,19,2,Oct,304,188,40,6.1,0.0,2022-10-19,2022-10-19,4,,,,0
2022,10,20,1,Oct,578,392,96,7.2,0.0,2022-10-20,2022-10-20,5,,,,0
2022,10,21,10,Oct,1154,1253,204,10.7,0.0,2022-10-21,2022-10-21,6,,,,0
2022,10,21,12,Oct,1331,1286,227,14.5,0.0,2022-10-21,2022-10-21,6,,,,0
2022,10,23,21,Oct,1495,1120,224,13.0,0.0,2022-10-23,2022-10-23,1,,,,0
2022,10,25,7,Oct,1197,1131,190,17.0,0.0,2022-10-25,2022-10-25,3,,,,0
2022,10,25,23,Oct,1603,835,182,17.7,0.0,2022-10-25,2022-10-25,3,,,,0
2022,10,27,0,Oct,1062,688,125,15.5,0.0,2022-10-27,2022-10-27,5,,,,0
2022,10,27,1,Oct,569,391,95,15.1,0.0,2022-10-27,2022-10-27,5,,,,0
2022,10,29,23,Oct,2682,2821,546,6.5,0.0,2022-10-29,2022-10-29,7,,,,0
2022,10,30,17,Oct,1693,1362,243,14.4,0.0,2022-10-30,2022-10-30,1,,,,0
2022,10,4,16,Oct,1235,1395,229,12.4,17.88,2022-10-4,2022-10-04,3,,,,0
2022,10,4,18,Oct,1764,1744,314,12.8,4.62,2022-10-4,2022-10-04,3,,,,0
2022,10,4,22,Oct,1267,1208,201,12.8,0.1,2022-10-4,2022-10-04,3,,,,0
2022,10,5,10,Oct,1175,1059,219,13.9,0.26,2022-10-5,2022-10-05,4,,,,0
2022,10,8,0,Oct,2170,1615,325,14.8,0.0,2022-10-8,2022-10-08,7,NYCC,10.0,19.0,0
2022,10,10,21,Oct,1417,1216,217,14.0,0.0,2022-10-10,2022-10-10,2,,,,0
2022,10,15,3,Oct,1272,692,141,8.9,0.0,2022-10-15,2022-10-15,7,,,,0
2022,10,16,1,Oct,1918,1403,277,12.5,0.0,2022-10-16,2022-10-16,1,,,,0
2022,10,16,18,Oct,2018,1679,395,15.0,0.0,2022-10-16,2022-10-16,1,,,,0
2022,10,17,1,Oct,387,262,62,11.6,0.0,2022-10-17,2022-10-17,2,,,,0
2022,10,17,10,Oct,1070,997,174,14.4,0.2,2022-10-17,2022-10-17,2,,,,0
2022,10,18,17,Oct,1726,1901,354,13.0,0.0,2022-10-18,2022-10-18,3,,,,0
2022,10,21,6,Oct,750,877,95,6.1,0.0,2022-10-21,2022-10-21,6,,,,0
2022,10,21,9,Oct,1294,1257,223,8.7,0.0,2022-10-21,2022-10-21,6,,,,0
2022,10,22,14,Oct,1473,1379,213,17.8,0.0,2022-10-22,2022-10-22,7,,,,0
2022,10,25,1,Oct,310,232,42,15.0,0.36,2022-10-25,2022-10-25,3,,,,0
2022,10,25,13,Oct,1095,1009,165,20.0,0.84,2022-10-25,2022-10-25,3,,,,0
2022,10,26,3,Oct,208,172,18,17.6,0.0,2022-10-26,2022-10-26,4,,,,0
2022,10,26,18,Oct,1886,2139,376,18.1,0.0,2022-10-26,2022-10-26,4,,,,0
2022,10,27,14,Oct,1405,1271,208,17.3,0.0,2022-10-27,2022-10-27,5,,,,0
2022,10,28,23,Oct,2619,2839,522,8.5,0.0,2022-10-28,2022-10-28,6,,,,0
2022,10,30,0,Oct,2934,2358,457,5.4,0.0,2022-10-30,2022-10-30,1,,,,0
2022,10,30,21,Oct,1353,1239,195,9.8,0.0,2022-10-30,2022-10-30,1,,,,0
2022,10,13,23,Oct,2572,1487,383,17.6,0.7,2022-10-13,2022-10-13,5,,,,0
2022,10,3,8,Oct,1450,1203,241,10.5,0.0,2022-10-3,2022-10-03,2,,,,0
2022,10,5,21,Oct,1833,1451,248,14.3,0.0,2022-10-5,2022-10-05,4,,,,0
2022,10,6,7,Oct,1159,1053,217,11.3,0.0,2022-10-6,2022-10-06,5,NYCC,10.0,19.0,0
2022,10,8,4,Oct,646,433,93,11.3,0.44,2022-10-8,2022-10-08,7,NYCC,10.0,19.0,0
2022,10,8,16,Oct,1809,1812,315,14.0,0.0,2022-10-8,2022-10-08,7,NYCC,10.0,19.0,1
2022,10,12,12,Oct,1141,1054,197,18.7,0.0,2022-10-12,2022-10-12,4,,,,0
2022,10,17,11,Oct,1134,980,168,16.0,0.0,2022-10-17,2022-10-17,2,,,,0
2022,10,17,13,Oct,1085,1020,156,18.1,0.06,2022-10-17,2022-10-17,2,,,,0
2022,10,18,5,Oct,309,486,41,10.1,0.0,2022-10-18,2022-10-18,3,,,,0
2022,10,18,9,Oct,1406,1401,288,9.1,0.0,2022-10-18,2022-10-18,3,,,,0
2022,10,18,15,Oct,1170,1259,233,13.7,0.0,2022-10-18,2022-10-18,3,,,,0
2022,10,19,6,Oct,732,799,93,4.7,0.0,2022-10-19,2022-10-19,4,,,,0
2022,10,23,11,Oct,1355,1468,236,15.1,0.04,2022-10-23,2022-10-23,1,,,,0
2022,10,23,19,Oct,1930,1330,310,13.4,1.14,2022-10-23,2022-10-23,1,,,,0
2022,10,26,4,Oct,255,184,15,17.6,0.0,2022-10-26,2022-10-26,4,,,,0
2022,10,28,0,Oct,1623,1034,208,9.8,0.0,2022-10-28,2022-10-28,6,,,,0
2022,10,28,1,Oct,1096,694,103,9.3,0.0,2022-10-28,2022-10-28,6,,,,0
2022,10,29,17,Oct,1896,2081,358,13.5,0.0,2022-10-29,2022-10-29,7,,,,0
2022,10,31,1,Oct,484,385,98,11.9,0.0,2022-10-31,2022-10-31,2,,,,0
2022,10,1,15,Oct,1566,1473,290,17.6,0.0,2022-10-1,2022-10-01,7,,,,0
2022,10,2,13,Oct,1478,1496,296,12.5,1.42,2022-10-2,2022-10-02,1,,,,0
2022,10,3,0,Oct,581,471,88,11.2,0.0,2022-10-3,2022-10-03,2,,,,0
2022,10,3,4,Oct,260,206,29,9.9,0.44,2022-10-3,2022-10-03,2,,,,0
2022,10,4,14,Oct,1066,1156,186,12.0,2.88,2022-10-4,2022-10-04,3,,,,0
2022,10,5,3,Oct,169,145,21,12.7,1.08,2022-10-5,2022-10-05,4,,,,0
2022,10,5,14,Oct,963,1093,168,15.1,0.0,2022-10-5,2022-10-05,4,,,,0
2022,10,5,23,Oct,1246,947,179,13.2,0.0,2022-10-5,2022-10-05,4,,,,0
2022,10,6,10,Oct,1128,1348,224,15.1,0.0,2022-10-6,2022-10-06,5,NYCC,10.0,19.0,1
2022,10,8,8,Oct,811,1241,205,9.7,0.0,2022-10-8,2022-10-08,7,NYCC,10.0,19.0,0
2022,10,8,18,Oct,2206,2045,414,13.1,0.0,2022-10-8,2022-10-08,7,NYCC,10.0,19.0,1
2022,10,9,4,Oct,800,469,77,6.8,0.0,2022-10-9,2022-10-09,1,NYCC,10.0,17.0,0
2022,10,13,2,Oct,437,244,44,14.4,0.0,2022-10-13,2022-10-13,5,,,,0
2022,10,14,0,Oct,1702,1063,255,14.2,1.56,2022-10-14,2022-10-14,6,,,,0
2022,10,14,15,Oct,1334,1320,240,19.0,0.0,2022-10-14,2022-10-14,6,,,,0
2022,10,15,13,Oct,1587,1594,324,19.0,0.0,2022-10-15,2022-10-15,7,,,,0
2022,10,15,23,Oct,2377,1931,450,13.2,0.0,2022-10-15,2022-10-15,7,,,,0
2022,10,16,7,Oct,490,814,86,10.4,0.0,2022-10-16,2022-10-16,1,,,,0
2022,10,17,20,Oct,1849,1785,355,14.3,0.04,2022-10-17,2022-10-17,2,,,,0
2022,10,21,1,Oct,872,587,90,8.5,0.0,2022-10-21,2022-10-21,6,,,,0
2022,10,22,1,Oct,1781,1260,255,8.7,0.0,2022-10-22,2022-10-22,7,,,,0
2022,10,29,2,Oct,2639,1402,335,7.0,0.0,2022-10-29,2022-10-29,7,,,,0
2022,10,29,11,Oct,1410,1442,264,10.6,0.0,2022-10-29,2022-10-29,7,,,,0
2022,10,29,15,Oct,1622,1614,266,14.6,0.0,2022-10-29,2022-10-29,7,,,,0
2022,10,30,5,Oct,631,632,75,4.3,0.0,2022-10-30,2022-10-30,1,,,,0
2022,10,31,18,Oct,1244,1063,205,14.0,0.06,2022-10-31,2022-10-31,2,,,,0
2022,10,13,13,Oct,1499,1486,302,20.2,0.2,2022-10-13,2022-10-13,5,,,,0
2022,10,3,16,Oct,1184,1473,306,11.4,0.68,2022-10-3,2022-10-03,2,,,,0
2022,10,3,23,Oct,1280,722,150,9.3,4.92,2022-10-3,2022-10-03,2,,,,0
2022,10,4,12,Oct,1230,1243,298,11.8,4.44,2022-10-4,2022-10-04,3,,,,0
2022,10,7,2,Oct,704,388,82,13.8,0.0,2022-10-7,2022-10-07,6,NYCC,10.0,19.0,0
2022,10,7,18,Oct,2008,1887,341,20.0,0.26,2022-10-7,2022-10-07,6,NYCC,10.0,19.0,1
2022,10,9,0,Oct,2132,1832,320,7.0,0.0,2022-10-9,2022-10-09,1,NYCC,10.0,17.0,0
2022,10,9,1,Oct,1967,1358,281,6.9,0.0,2022-10-9,2022-10-09,1,NYCC,10.0,17.0,0
2022,10,9,20,Oct,1694,1309,288,12.2,0.0,2022-10-9,2022-10-09,1,NYCC,10.0,17.0,0
2022,10,12,0,Oct,803,519,89,12.2,0.0,2022-10-12,2022-10-12,4,,,,0
2022,10,12,6,Oct,757,797,103,9.3,0.0,2022-10-12,2022-10-12,4,,,,0
2022,10,14,14,Oct,1285,1310,248,18.0,0.0,2022-10-14,2022-10-14,6,,,,0
2022,10,15,0,Oct,2194,1614,369,10.1,0.0,2022-10-15,2022-10-15,7,,,,0
2022,10,17,18,Oct,1617,1958,350,16.2,0.26,2022-10-17,2022-10-17,2,,,,0
2022,10,17,19,Oct,1812,1914,422,14.7,0.0,2022-10-17,2022-10-17,2,,,,0
2022,10,19,12,Oct,1237,1175,263,11.2,0.0,2022-10-19,2022-10-19,4,,,,0
2022,10,19,21,Oct,2348,1642,357,8.7,0.0,2022-10-19,2022-10-19,4,,,,0
2022,10,20,0,Oct,1006,696,143,7.7,0.0,2022-10-20,2022-10-20,5,,,,0
2022,10,20,20,Oct,2267,1769,314,11.1,0.0,2022-10-20,2022-10-20,5,,,,0
2022,10,21,2,Oct,567,442,69,7.8,0.0,2022-10-21,2022-10-21,6,,,,0
2022,10,22,4,Oct,672,330,72,6.1,0.0,2022-10-22,2022-10-22,7,,,,0
2022,10,22,22,Oct,2377,1963,364,12.5,0.0,2022-10-22,2022-10-22,7,,,,0
2022,10,28,12,Oct,1262,1221,196,11.9,0.0,2022-10-28,2022-10-28,6,,,,0
2022,10,13,20,Oct,2671,2409,598,17.9,1.14,2022-10-13,2022-10-13,5,,,,0
2022,10,1,6,Oct,489,773,96,12.3,0.88,2022-10-1,2022-10-01,7,,,,0
2022,10,2,21,Oct,1459,1181,225,11.5,0.28,2022-10-2,2022-10-02,1,,,,0
2022,10,4,13,Oct,1170,1136,211,11.7,4.46,2022-10-4,2022-10-04,3,,,,0
2022,10,6,0,Oct,766,585,129,14.0,0.0,2022-10-6,2022-10-06,5,NYCC,10.0,19.0,0
2022,10,6,14,Oct,1278,1193,210,21.8,0.0,2022-10-6,2022-10-06,5,NYCC,10.0,19.0,1
2022,10,7,1,Oct,1088,597,143,13.5,0.0,2022-10-7,2022-10-07,6,NYCC,10.0,19.0,0
2022,10,7,23,Oct,2352,2003,426,15.6,0.0,2022-10-7,2022-10-07,6,NYCC,10.0,19.0,0
2022,10,13,0,Oct,1094,701,157,14.5,0.0,2022-10-13,2022-10-13,5,,,,0
2022,10,14,7,Oct,1105,966,187,11.6,0.0,2022-10-14,2022-10-14,6,,,,0
2022,10,16,14,Oct,1656,1665,312,16.9,0.0,2022-10-16,2022-10-16,1,,,,0
2022,10,16,20,Oct,1775,1478,345,13.4,0.0,2022-10-16,2022-10-16,1,,,,0
2022,10,16,22,Oct,1708,1135,220,12.0,0.0,2022-10-16,2022-10-16,1,,,,0
2022,10,19,1,Oct,367,325,58,6.6,0.0,2022-10-19,2022-10-19,4,,,,0
2022,10,21,14,Oct,1257,1221,206,15.9,0.0,2022-10-21,2022-10-21,6,,,,0
2022,10,22,3,Oct,1068,634,129,7.0,0.0,2022-10-22,2022-10-22,7,,,,0
2022,10,24,7,Oct,1229,925,183,12.4,5.88,2022-10-24,2022-10-24,2,,,,0
2022,10,25,9,Oct,1496,1343,279,17.6,0.54,2022-10-25,2022-10-25,3,,,,0
2022,10,25,12,Oct,1104,1003,154,20.3,0.28,2022-10-25,2022-10-25,3,,,,0
2022,10,26,16,Oct,1415,1420,303,20.9,0.0,2022-10-26,2022-10-26,4,,,,0
2022,10,29,1,Oct,2833,1837,364,7.4,0.0,2022-10-29,2022-10-29,7,,,,0
2022,10,12,14,Oct,1268,1149,188,19.3,0.0,2022-10-12,2022-10-12,4,,,,0
2022,10,2,12,Oct,1590,1664,345,13.1,1.14,2022-10-2,2022-10-02,1,,,,0
2022,10,2,19,Oct,1571,1771,317,12.3,0.0,2022-10-2,2022-10-02,1,,,,0
2022,10,4,23,Oct,942,781,121,12.6,5.76,2022-10-4,2022-10-04,3,,,,0
2022,10,7,5,Oct,353,619,48,12.5,0.0,2022-10-7,2022-10-07,6,NYCC,10.0,19.0,0
2022,10,8,19,Oct,2267,2246,422,11.3,0.0,2022-10-8,2022-10-08,7,NYCC,10.0,19.0,0
2022,10,9,8,Oct,625,1237,170,7.5,0.0,2022-10-9,2022-10-09,1,NYCC,10.0,17.0,0
2022,10,10,2,Oct,419,225,71,9.1,0.0,2022-10-10,2022-10-10,2,,,,0
2022,10,13,9,Oct,1486,1456,298,18.2,0.0,2022-10-13,2022-10-13,5,,,,0
2022,10,15,5,Oct,441,399,47,8.2,0.0,2022-10-15,2022-10-15,7,,,,0
2022,10,15,10,Oct,1279,1886,384,14.6,0.0,2022-10-15,2022-10-15,7,,,,0
2022,10,16,17,Oct,2082,1583,373,17.7,0.0,2022-10-16,2022-10-16,1,,,,0
2022,10,17,14,Oct,1096,1090,145,18.7,0.0,2022-10-17,2022-10-17,2,,,,0
2022,10,17,21,Oct,1915,1456,251,13.8,0.24,2022-10-17,2022-10-17,2,,,,0
2022,10,19,5,Oct,386,468,54,5.1,0.0,2022-10-19,2022-10-19,4,,,,0
2022,10,19,7,Oct,1260,1180,184,4.4,0.0,2022-10-19,2022-10-19,4,,,,0
2022,10,19,20,Oct,2145,1696,314,8.2,0.0,2022-10-19,2022-10-19,4,,,,0
2022,10,20,4,Oct,362,224,28,6.2,0.0,2022-10-20,2022-10-20,5,,,,0
2022,10,20,8,Oct,1597,1551,301,6.4,0.0,2022-10-20,2022-10-20,5,,,,0
2022,10,20,10,Oct,1189,1270,211,9.6,0.0,2022-10-20,2022-10-20,5,,,,0
2022,10,21,0,Oct,1262,878,146,8.2,0.0,2022-10-21,2022-10-21,6,,,,0
2022,10,21,20,Oct,1962,1846,345,11.5,0.0,2022-10-21,2022-10-21,6,,,,0
2022,10,22,8,Oct,775,1042,153,8.0,0.0,2022-10-22,2022-10-22,7,,,,0
2022,10,23,3,Oct,1227,655,153,11.2,0.0,2022-10-23,2022-10-23,1,,,,0
2022,10,23,10,Oct,1187,1431,194,14.1,0.0,2022-10-23,2022-10-23,1,,,,0
2022,10,23,14,Oct,1482,1613,238,14.6,0.9,2022-10-23,2022-10-23,1,,,,0
2022,10,23,17,Oct,1652,1564,275,14.0,1.82,2022-10-23,2022-10-23,1,,,,0
2022,10,24,1,Oct,351,261,50,12.7,0.16,2022-10-24,2022-10-24,2,,,,0
2022,10,24,15,Oct,1169,1111,193,16.0,0.0,2022-10-24,2022-10-24,2,,,,0
2022,10,24,16,Oct,1209,1321,223,16.4,0.0,2022-10-24,2022-10-24,2,,,,0
2022,10,24,19,Oct,1657,1716,350,16.0,0.1,2022-10-24,2022-10-24,2,,,,0
2022,10,26,1,Oct,376,298,35,17.7,0.0,2022-10-26,2022-10-26,4,,,,0
2022,10,27,3,Oct,322,186,31,14.0,0.0,2022-10-27,2022-10-27,5,,,,0
2022,10,27,8,Oct,1565,1554,271,13.5,0.0,2022-10-27,2022-10-27,5,,,,0
2022,10,30,10,Oct,1178,1470,187,10.5,0.0,2022-10-30,2022-10-30,1,,,,0
2022,10,30,12,Oct,1401,1467,201,14.4,0.0,2022-10-30,2022-10-30,1,,,,0
2022,10,31,7,Oct,1067,877,152,11.0,0.0,2022-10-31,2022-10-31,2,,,,0
2022,10,31,23,Oct,1236,1387,329,14.1,0.28,2022-10-31,2022-10-31,2,,,,0
2022,10,13,15,Oct,1501,1519,249,19.9,0.0,2022-10-13,2022-10-13,5,,,,0
2022,10,4,10,Oct,1157,1030,212,9.8,12.96,2022-10-4,2022-10-04,3,,,,0
2022,10,7,0,Oct,1541,929,185,13.2,0.0,2022-10-7,2022-10-07,6,NYCC,10.0,19.0,0
2022,10,7,13,Oct,1271,1357,235,23.5,0.0,2022-10-7,2022-10-07,6,NYCC,10.0,19.0,1
2022,10,8,21,Oct,2434,2034,428,8.6,0.0,2022-10-8,2022-10-08,7,NYCC,10.0,19.0,0
2022,10,10,4,Oct,415,208,43,8.2,0.0,2022-10-10,2022-10-10,2,,,,0
2022,10,10,9,Oct,1287,1180,237,11.0,0.0,2022-10-10,2022-10-10,2,,,,0
2022,10,14,1,Oct,903,722,124,12.2,4.3,2022-10-14,2022-10-14,6,,,,0
2022,10,14,8,Oct,1278,1435,286,12.0,0.0,2022-10-14,2022-10-14,6,,,,0
2022,10,15,4,Oct,722,419,84,8.8,0.0,2022-10-15,2022-10-15,7,,,,0
2022,10,15,18,Oct,2449,2302,520,16.4,0.0,2022-10-15,2022-10-15,7,,,,0
2022,10,17,3,Oct,264,192,31,12.2,0.0,2022-10-17,2022-10-17,2,,,,0
2022,10,18,12,Oct,1000,1011,166,11.7,0.0,2022-10-18,2022-10-18,3,,,,0
2022,10,19,22,Oct,2268,1492,271,8.3,0.0,2022-10-19,2022-10-19,4,,,,0
2022,10,20,13,Oct,1293,1159,203,13.5,0.0,2022-10-20,2022-10-20,5,,,,0
2022,10,20,17,Oct,1789,2017,318,13.8,0.0,2022-10-20,2022-10-20,5,,,,0
2022,10,23,6,Oct,412,578,53,11.7,0.0,2022-10-23,2022-10-23,1,,,,0
2022,10,23,22,Oct,1334,1052,184,12.9,0.0,2022-10-23,2022-10-23,1,,,,0
2022,10,25,6,Oct,704,736,78,16.8,0.0,2022-10-25,2022-10-25,3,,,,0
2022,10,27,2,Oct,382,283,56,14.6,0.0,2022-10-27,2022-10-27,5,,,,0
2022,10,27,13,Oct,1228,1141,201,16.8,0.0,2022-10-27,2022-10-27,5,,,,0
2022,10,28,5,Oct,489,521,48,7.4,0.0,2022-10-28,2022-10-28,6,,,,0
2022,10,29,14,Oct,1435,1603,287,14.1,0.0,2022-10-29,2022-10-29,7,,,,0
2022,10,3,13,Oct,1095,967,201,11.5,0.0,2022-10-3,2022-10-03,2,,,,0
2022,10,4,3,Oct,157,145,27,8.7,6.7,2022-10-4,2022-10-04,3,,,,0
2022,10,4,20,Oct,1535,1325,266,12.0,12.08,2022-10-4,2022-10-04,3,,,,0
2022,10,6,6,Oct,753,798,91,11.5,0.0,2022-10-6,2022-10-06,5,NYCC,10.0,19.0,0
2022,10,9,15,Oct,1526,1300,269,16.6,0.0,2022-10-9,2022-10-09,1,NYCC,10.0,17.0,1
2022,10,9,16,Oct,1671,1584,284,16.4,0.0,2022-10-9,2022-10-09,1,NYCC,10.0,17.0,1
2022,10,9,21,Oct,1599,1276,254,11.6,0.0,2022-10-9,2022-10-09,1,NYCC,10.0,17.0,0
2022,10,9,22,Oct,1719,1337,264,11.0,0.0,2022-10-9,2022-10-09,1,NYCC,10.0,17.0,0
2022,10,11,9,Oct,1421,1280,247,11.3,0.0,2022-10-11,2022-10-11,3,,,,0
2022,10,12,4,Oct,293,172,21,10.4,0.0,2022-10-12,2022-10-12,4,,,,0
2022,10,13,10,Oct,1255,1331,219,19.1,0.0,2022-10-13,2022-10-13,5,,,,0
2022,10,15,1,Oct,1771,1265,232,9.8,0.0,2022-10-15,2022-10-15,7,,,,0
2022,10,15,9,Oct,1064,1738,301,12.1,0.0,2022-10-15,2022-10-15,7,,,,0
2022,10,19,0,Oct,665,514,95,7.0,0.0,2022-10-19,2022-10-19,4,,,,0
2022,10,19,3,Oct,231,159,31,5.8,0.0,2022-10-19,2022-10-19,4,,,,0
2022,10,21,21,Oct,2137,1628,312,11.3,0.0,2022-10-21,2022-10-21,6,,,,0
2022,10,26,2,Oct,293,199,23,17.6,0.0,2022-10-26,2022-10-26,4,,,,0
2022,10,27,6,Oct,775,808,108,13.1,0.0,2022-10-27,2022-10-27,5,,,,0
2022,10,28,4,Oct,410,280,48,7.8,0.0,2022-10-28,2022-10-28,6,,,,0
2022,10,28,8,Oct,1262,1328,229,6.8,0.0,2022-10-28,2022-10-28,6,,,,0
2022,10,29,3,Oct,2100,1042,261,6.7,0.0,2022-10-29,2022-10-29,7,,,,0
2022,10,29,21,Oct,2620,2778,454,11.5,0.0,2022-10-29,2022-10-29,7,,,,0
2022,10,31,6,Oct,740,774,87,11.0,0.0,2022-10-31,2022-10-31,2,,,,0
2022,10,4,6,Oct,851,738,136,8.7,4.48,2022-10-4,2022-10-04,3,,,,0
2022,10,5,4,Oct,220,166,19,12.9,0.22,2022-10-5,2022-10-05,4,,,,0
2022,10,5,12,Oct,1038,1021,197,15.1,0.0,2022-10-5,2022-10-05,4,,,,0
2022,10,6,4,Oct,263,216,16,12.5,0.0,2022-10-6,2022-10-06,5,NYCC,10.0,19.0,0
2022,10,7,16,Oct,1370,1502,256,23.2,0.0,2022-10-7,2022-10-07,6,NYCC,10.0,19.0,1
2022,10,8,1,Oct,1737,1338,261,13.7,0.0,2022-10-8,2022-10-08,7,NYCC,10.0,19.0,0
2022,10,8,2,Oct,1583,1057,222,13.0,0.0,2022-10-8,2022-10-08,7,NYCC,10.0,19.0,0
2022,10,8,9,Oct,1074,1782,287,10.8,0.0,2022-10-8,2022-10-08,7,NYCC,10.0,19.0,0
2022,10,10,3,Oct,364,211,64,8.7,0.0,2022-10-10,2022-10-10,2,,,,0
2022,10,11,2,Oct,202,166,32,9.7,0.0,2022-10-11,2022-10-11,3,,,,0
2022,10,12,10,Oct,1115,1141,232,15.2,0.0,2022-10-12,2022-10-12,4,,,,0
2022,10,13,1,Oct,615,374,106,14.5,0.0,2022-10-13,2022-10-13,5,,,,0
2022,10,13,8,Oct,1646,1566,311,15.8,0.0,2022-10-13,2022-10-13,5,,,,0
2022,10,14,3,Oct,393,274,63,12.7,0.06,2022-10-14,2022-10-14,6,,,,0
2022,10,15,8,Oct,866,1246,203,10.5,0.0,2022-10-15,2022-10-15,7,,,,0
2022,10,16,8,Oct,816,1183,163,10.3,0.0,2022-10-16,2022-10-16,1,,,,0
2022,10,16,12,Oct,1569,1782,293,15.2,0.0,2022-10-16,2022-10-16,1,,,,0
2022,10,18,1,Oct,321,247,39,12.2,0.1,2022-10-18,2022-10-18,3,,,,0
2022,10,18,14,Oct,1124,1203,174,13.4,0.0,2022-10-18,2022-10-18,3,,,,0
2022,10,19,16,Oct,1506,1541,278,12.1,0.0,2022-10-19,2022-10-19,4,,,,0
2022,10,21,7,Oct,1092,975,149,5.6,0.0,2022-10-21,2022-10-21,6,,,,0
2022,10,25,19,Oct,1783,1612,366,18.0,0.0,2022-10-25,2022-10-25,3,,,,0
2022,10,26,10,Oct,1094,1209,202,18.7,0.0,2022-10-26,2022-10-26,4,,,,0
2022,10,27,5,Oct,398,507,51,13.2,0.0,2022-10-27,2022-10-27,5,,,,0
2022,10,27,20,Oct,2246,1774,338,12.5,0.0,2022-10-27,2022-10-27,5,,,,0
2022,10,29,6,Oct,473,722,87,5.9,0.0,2022-10-29,2022-10-29,7,,,,0
2022,10,29,9,Oct,961,1347,210,7.5,0.0,2022-10-29,2022-10-29,7,,,,0
2022,10,30,13,Oct,1396,1527,241,15.5,0.0,2022-10-30,2022-10-30,1,,,,0
2022,10,30,23,Oct,1137,890,201,11.4,0.0,2022-10-30,2022-10-30,1,,,,0
2022,10,31,14,Oct,963,945,175,16.4,0.0,2022-10-31,2022-10-31,2,,,,0
2022,10,31,15,Oct,1010,946,171,17.4,0.0,2022-10-31,2022-10-31,2,,,,0
2022,10,12,13,Oct,1034,1081,193,19.4,0.0,2022-10-12,2022-10-12,4,,,,0
2022,10,12,20,Oct,2091,1834,365,15.4,0.0,2022-10-12,2022-10-12,4,,,,0
2022,10,12,21,Oct,2109,1658,331,15.2,0.0,2022-10-12,2022-10-12,4,,,,0
2022,10,2,17,Oct,1700,1490,251,11.6,0.4,2022-10-2,2022-10-02,1,,,,0
2022,10,2,18,Oct,1492,1635,287,11.9,0.18,2022-10-2,2022-10-02,1,,,,0
2022,10,3,2,Oct,285,167,49,9.7,0.78,2022-10-3,2022-10-03,2,,,,0
2022,10,6,1,Oct,426,320,61,13.9,0.0,2022-10-6,2022-10-06,5,NYCC,10.0,19.0,0
2022,10,6,3,Oct,264,194,38,13.2,0.0,2022-10-6,2022-10-06,5,NYCC,10.0,19.0,0
2022,10,6,16,Oct,1300,1436,238,22.7,0.0,2022-10-6,2022-10-06,5,NYCC,10.0,19.0,1
2022,10,8,5,Oct,373,442,52,11.1,0.0,2022-10-8,2022-10-08,7,NYCC,10.0,19.0,0
2022,10,12,9,Oct,1546,1391,299,13.1,0.0,2022-10-12,2022-10-12,4,,,,0
2022,10,14,11,Oct,1307,1414,279,14.2,0.0,2022-10-14,2022-10-14,6,,,,0
2022,10,14,19,Oct,2282,2270,481,13.0,0.0,2022-10-14,2022-10-14,6,,,,0
2022,10,16,13,Oct,1597,1752,307,16.7,0.0,2022-10-16,2022-10-16,1,,,,0
2022,10,16,15,Oct,1566,1520,297,17.7,0.0,2022-10-16,2022-10-16,1,,,,0
2022,10,17,5,Oct,406,567,42,11.7,0.3,2022-10-17,2022-10-17,2,,,,0
2022,10,18,3,Oct,151,129,25,10.2,0.54,2022-10-18,2022-10-18,3,,,,0
2022,10,18,7,Oct,1218,1101,194,8.2,0.0,2022-10-18,2022-10-18,3,,,,0
2022,10,19,23,Oct,1807,1102,200,7.9,0.0,2022-10-19,2022-10-19,4,,,,0
2022,10,20,3,Oct,318,171,38,6.3,0.0,2022-10-20,2022-10-20,5,,,,0
2022,10,23,5,Oct,414,390,34,11.7,0.0,2022-10-23,2022-10-23,1,,,,0
2022,10,23,23,Oct,1111,761,168,12.9,0.18,2022-10-23,2022-10-23,1,,,,0
2022,10,25,20,Oct,1823,1465,294,17.3,0.0,2022-10-25,2022-10-25,3,,,,0
2022,10,26,9,Oct,1516,1411,298,17.6,0.0,2022-10-26,2022-10-26,4,,,,0
2022,10,1,10,Oct,1412,1621,342,13.1,0.34,2022-10-1,2022-10-01,7,,,,0
2022,10,2,0,Oct,2003,1730,361,14.3,0.0,2022-10-2,2022-10-02,1,,,,0
2022,10,2,3,Oct,2746,1674,333,14.9,0.0,2022-10-2,2022-10-02,1,,,,0
2022,10,5,9,Oct,1633,1445,374,13.6,0.36,2022-10-5,2022-10-05,4,,,,0
2022,10,5,11,Oct,1005,1032,202,14.3,0.06,2022-10-5,2022-10-05,4,,,,0
2022,10,5,16,Oct,1325,1371,272,15.5,0.0,2022-10-5,2022-10-05,4,,,,0
2022,10,6,9,Oct,1412,1496,303,13.0,0.0,2022-10-6,2022-10-06,5,NYCC,10.0,19.0,0
2022,10,6,11,Oct,1008,1228,225,17.4,0.0,2022-10-6,2022-10-06,5,NYCC,10.0,19.0,1
2022,10,6,17,Oct,1582,1745,305,22.3,0.0,2022-10-6,2022-10-06,5,NYCC,10.0,19.0,1
2022,10,9,17,Oct,1893,1625,372,16.0,0.0,2022-10-9,2022-10-09,1,NYCC,10.0,17.0,0
2022,10,11,11,Oct,1024,1049,179,15.9,0.0,2022-10-11,2022-10-11,3,,,,0
2022,10,19,10,Oct,1135,1244,249,8.4,0.0,2022-10-19,2022-10-19,4,,,,0
2022,10,22,6,Oct,404,697,55,8.8,0.0,2022-10-22,2022-10-22,7,,,,0
2022,10,22,12,Oct,1593,1450,266,15.9,0.0,2022-10-22,2022-10-22,7,,,,0
2022,10,23,1,Oct,1804,1300,227,9.9,0.0,2022-10-23,2022-10-23,1,,,,0
2022,10,23,7,Oct,474,604,67,12.3,0.0,2022-10-23,2022-10-23,1,,,,0
2022,10,24,9,Oct,1322,1220,210,12.9,3.92,2022-10-24,2022-10-24,2,,,,0
2022,10,27,17,Oct,1652,2109,361,16.6,0.0,2022-10-27,2022-10-27,5,,,,0
2022,10,30,18,Oct,1686,1501,246,11.6,0.0,2022-10-30,2022-10-30,1,,,,0
2022,10,2,20,Oct,1450,1391,245,11.7,0.0,2022-10-2,2022-10-02,1,,,,0
2022,10,3,5,Oct,371,475,55,10.0,0.0,2022-10-3,2022-10-03,2,,,,0
2022,10,3,12,Oct,1092,1021,196,11.1,0.0,2022-10-3,2022-10-03,2,,,,0
2022,10,4,2,Oct,231,182,41,8.8,4.1,2022-10-4,2022-10-04,3,,,,0
2022,10,5,22,Oct,1627,1257,218,13.4,0.0,2022-10-5,2022-10-05,4,,,,0
2022,10,6,5,Oct,391,525,61,12.1,0.0,2022-10-6,2022-10-06,5,NYCC,10.0,19.0,0
2022,10,11,20,Oct,1965,1541,291,14.6,0.0,2022-10-11,2022-10-11,3,,,,0
2022,10,11,22,Oct,2098,1299,238,13.4,0.0,2022-10-11,2022-10-11,3,,,,0
2022,10,14,16,Oct,1418,1516,295,19.2,0.0,2022-10-14,2022-10-14,6,,,,0
2022,10,14,21,Oct,2220,1887,425,11.3,0.0,2022-10-14,2022-10-14,6,,,,0
2022,10,14,22,Oct,2581,2013,411,11.1,0.0,2022-10-14,2022-10-14,6,,,,0
2022,10,17,2,Oct,328,267,51,12.5,0.0,2022-10-17,2022-10-17,2,,,,0
2022,10,18,20,Oct,1985,1597,276,9.9,0.0,2022-10-18,2022-10-18,3,,,,0
2022,10,19,14,Oct,1239,1242,243,12.1,0.0,2022-10-19,2022-10-19,4,,,,0
2022,10,20,6,Oct,763,775,109,5.5,0.0,2022-10-20,2022-10-20,5,,,,0
2022,10,21,4,Oct,432,295,21,6.3,0.0,2022-10-21,2022-10-21,6,,,,0
2022,10,21,23,Oct,2367,1923,385,10.3,0.0,2022-10-21,2022-10-21,6,,,,0
2022,10,22,18,Oct,2104,2140,335,12.8,0.0,2022-10-22,2022-10-22,7,,,,0
2022,10,24,10,Oct,1031,1052,176,12.9,3.54,2022-10-24,2022-10-24,2,,,,0
2022,10,24,14,Oct,1123,1117,176,15.7,0.1,2022-10-24,2022-10-24,2,,,,0
2022,10,25,5,Oct,329,433,46,16.2,0.0,2022-10-25,2022-10-25,3,,,,0
2022,10,25,22,Oct,1885,1206,217,17.7,0.0,2022-10-25,2022-10-25,3,,,,0
2022,10,28,22,Oct,2546,2794,506,8.2,0.0,2022-10-28,2022-10-28,6,,,,0
2022,10,29,22,Oct,2830,2909,513,6.8,0.0,2022-10-29,2022-10-29,7,,,,0
2022,10,30,9,Oct,914,1289,160,7.6,0.0,2022-10-30,2022-10-30,1,,,,0
2022,10,12,15,Oct,1192,1182,227,18.8,0.0,2022-10-12,2022-10-12,4,,,,0
2022,10,13,22,Oct,2420,1945,410,17.6,0.32,2022-10-13,2022-10-13,5,,,,0
2022,10,3,17,Oct,1561,1879,382,11.2,0.8,2022-10-3,2022-10-03,2,,,,0
2022,10,5,5,Oct,344,480,58,13.0,0.06,2022-10-5,2022-10-05,4,,,,0
2022,10,5,19,Oct,1875,1715,325,15.8,0.0,2022-10-5,2022-10-05,4,,,,0
2022,10,8,10,Oct,1174,1760,288,12.3,0.0,2022-10-8,2022-10-08,7,NYCC,10.0,19.0,1
2022,10,10,7,Oct,901,787,119,7.5,0.0,2022-10-10,2022-10-10,2,,,,0
2022,10,12,11,Oct,1123,1103,189,17.3,0.0,2022-10-12,2022-10-12,4,,,,0
2022,10,16,4,Oct,730,500,86,10.2,0.0,2022-10-16,2022-10-16,1,,,,0
2022,10,16,6,Oct,460,673,68,10.2,0.0,2022-10-16,2022-10-16,1,,,,0
2022,10,18,16,Oct,1286,1481,242,13.5,0.0,2022-10-18,2022-10-18,3,,,,0
2022,10,19,17,Oct,1793,1998,378,11.7,0.0,2022-10-19,2022-10-19,4,,,,0
2022,10,22,2,Oct,1512,899,216,8.0,0.0,2022-10-22,2022-10-22,7,,,,0
2022,10,22,11,Oct,1423,1457,231,14.1,0.0,2022-10-22,2022-10-22,7,,,,0
2022,10,22,16,Oct,1568,1694,250,17.5,0.0,2022-10-22,2022-10-22,7,,,,0
2022,10,27,7,Oct,1274,1126,201,13.0,0.0,2022-10-27,2022-10-27,5,,,,0
2022,10,30,8,Oct,656,1029,113,6.2,0.0,2022-10-30,2022-10-30,1,,,,0
2022,10,31,11,Oct,893,827,134,14.4,0.0,2022-10-31,2022-10-31,2,,,,0
2022,10,12,17,Oct,1664,1871,308,17.2,0.0,2022-10-12,2022-10-12,4,,,,0
2022,10,13,18,Oct,2147,2576,680,18.8,0.24,2022-10-13,2022-10-13,5,,,,0
2022,10,6,19,Oct,1902,1917,400,16.9,0.0,2022-10-6,2022-10-06,5,NYCC,10.0,19.0,0
2022,10,7,10,Oct,1114,1648,263,18.6,0.0,2022-10-7,2022-10-07,6,NYCC,10.0,19.0,1
2022,10,7,14,Oct,1347,1409,257,24.0,0.0,2022-10-7,2022-10-07,6,NYCC,10.0,19.0,1
2022,10,10,5,Oct,381,484,51,7.9,0.0,2022-10-10,2022-10-10,2,,,,0
2022,10,16,5,Oct,437,422,53,10.1,0.0,2022-10-16,2022-10-16,1,,,,0
2022,10,17,22,Oct,1655,1128,217,13.9,0.38,2022-10-17,2022-10-17,2,,,,0
2022,10,18,8,Oct,1640,1465,280,8.8,0.0,2022-10-18,2022-10-18,3,,,,0
2022,10,18,18,Oct,1964,1974,404,11.6,0.0,2022-10-18,2022-10-18,3,,,,0
2022,10,18,19,Oct,1824,1742,310,10.4,0.0,2022-10-18,2022-10-18,3,,,,0
2022,10,19,13,Oct,1138,1140,202,11.7,0.0,2022-10-19,2022-10-19,4,,,,0
2022,10,20,2,Oct,347,276,52,6.8,0.0,2022-10-20,2022-10-20,5,,,,0
2022,10,20,5,Oct,371,535,49,5.7,0.0,2022-10-20,2022-10-20,5,,,,0
2022,10,20,16,Oct,1490,1687,312,14.4,0.0,2022-10-20,2022-10-20,5,,,,0
2022,10,26,13,Oct,1116,1103,228,21.1,0.0,2022-10-26,2022-10-26,4,,,,0
2022,10,27,4,Oct,338,239,20,13.5,0.0,2022-10-27,2022-10-27,5,,,,0
2022,10,28,17,Oct,1833,1967,347,12.2,0.0,2022-10-28,2022-10-28,6,,,,0
2022,10,31,0,Oct,785,573,135,11.7,0.0,2022-10-31,2022-10-31,2,,,,0
2022,10,1,17,Oct,2176,2269,450,17.3,0.0,2022-10-1,2022-10-01,7,,,,0
2022,10,3,14,Oct,1193,1137,207,12.0,0.04,2022-10-3,2022-10-03,2,,,,0
2022,10,5,2,Oct,227,167,39,12.6,2.46,2022-10-5,2022-10-05,4,,,,0
2022,10,5,17,Oct,1727,1829,395,15.6,0.0,2022-10-5,2022-10-05,4,,,,0
2022,10,11,0,Oct,617,415,102,11.1,0.0,2022-10-11,2022-10-11,3,,,,0
2022,10,11,7,Oct,1181,1003,203,7.9,0.0,2022-10-11,2022-10-11,3,,,,0
2022,10,11,14,Oct,1089,1137,174,19.6,0.0,2022-10-11,2022-10-11,3,,,,0
2022,10,12,5,Oct,355,423,48,9.6,0.0,2022-10-12,2022-10-12,4,,,,0
2022,10,15,14,Oct,1600,1659,324,19.2,0.0,2022-10-15,2022-10-15,7,,,,0
2022,10,16,3,Oct,1156,680,174,10.6,0.0,2022-10-16,2022-10-16,1,,,,0
2022,10,17,17,Oct,1429,1734,261,18.2,0.06,2022-10-17,2022-10-17,2,,,,0
2022,10,21,13,Oct,1322,1265,190,15.4,0.0,2022-10-21,2022-10-21,6,,,,0
2022,10,23,16,Oct,1628,1867,332,14.7,0.14,2022-10-23,2022-10-23,1,,,,0
2022,10,24,6,Oct,844,866,131,12.5,2.66,2022-10-24,2022-10-24,2,,,,0
2022,10,24,21,Oct,1653,1400,310,15.0,0.1,2022-10-24,2022-10-24,2,,,,0
2022,10,25,21,Oct,1870,1468,289,17.7,0.0,2022-10-25,2022-10-25,3,,,,0
2022,10,26,5,Oct,360,499,49,17.5,0.0,2022-10-26,2022-10-26,4,,,,0
2022,10,26,23,Oct,1790,1050,239,15.8,0.0,2022-10-26,2022-10-26,4,,,,0
2022,10,27,9,Oct,1430,1480,317,14.2,0.0,2022-10-27,2022-10-27,5,,,,0
2022,10,28,2,Oct,904,471,107,8.8,0.0,2022-10-28,2022-10-28,6,,,,0
2022,10,28,15,Oct,1380,1270,199,13.2,0.0,2022-10-28,2022-10-28,6,,,,0
2022,10,12,19,Oct,1985,2180,415,16.0,0.0,2022-10-12,2022-10-12,4,,,,0
2022,10,13,21,Oct,2630,2114,496,17.8,1.6,2022-10-13,2022-10-13,5,,,,0
2022,10,1,20,Oct,1943,2021,390,14.9,0.0,2022-10-1,2022-10-01,7,,,,0
2022,10,3,9,Oct,1376,1144,251,10.5,0.0,2022-10-3,2022-10-03,2,,,,0
2022,10,5,20,Oct,1777,1548,301,14.0,0.0,2022-10-5,2022-10-05,4,,,,0
2022,10,6,12,Oct,1064,1204,198,19.3,0.0,2022-10-6,2022-10-06,5,NYCC,10.0,19.0,1
2022,10,6,23,Oct,2224,1339,285,13.5,0.0,2022-10-6,2022-10-06,5,NYCC,10.0,19.0,0
2022,10,7,11,Oct,1187,1373,253,20.7,0.0,2022-10-7,2022-10-07,6,NYCC,10.0,19.0,1
2022,10,9,3,Oct,1310,681,170,6.9,0.0,2022-10-9,2022-10-09,1,NYCC,10.0,17.0,0
2022,10,10,18,Oct,1528,1568,289,16.9,0.0,2022-10-10,2022-10-10,2,,,,0
2022,10,11,15,Oct,1192,1184,199,19.9,0.0,2022-10-11,2022-10-11,3,,,,0
2022,10,11,18,Oct,1792,1977,336,15.9,0.0,2022-10-11,2022-10-11,3,,,,0
2022,10,11,23,Oct,1331,907,170,12.8,0.0,2022-10-11,2022-10-11,3,,,,0
2022,10,14,12,Oct,1347,1414,268,15.1,0.0,2022-10-14,2022-10-14,6,,,,0
2022,10,15,2,Oct,1541,971,244,9.3,0.0,2022-10-15,2022-10-15,7,,,,0
2022,10,17,4,Oct,369,190,21,11.7,0.0,2022-10-17,2022-10-17,2,,,,0
2022,10,19,9,Oct,1528,1603,300,6.8,0.0,2022-10-19,2022-10-19,4,,,,0
2022,10,21,16,Oct,1340,1528,252,15.9,0.0,2022-10-21,2022-10-21,6,,,,0
2022,10,22,9,Oct,1093,1298,183,9.5,0.0,2022-10-22,2022-10-22,7,,,,0
2022,10,22,20,Oct,2007,2125,382,10.9,0.0,2022-10-22,2022-10-22,7,,,,0
2022,10,25,11,Oct,1126,1067,194,20.1,0.0,2022-10-25,2022-10-25,3,,,,0
2022,10,26,7,Oct,1185,1126,192,17.0,0.04,2022-10-26,2022-10-26,4,,,,0
2022,10,31,4,Oct,417,183,55,11.8,0.0,2022-10-31,2022-10-31,2,,,,0
2022,10,2,11,Oct,1586,1654,309,14.0,0.42,2022-10-2,2022-10-02,1,,,,0
2022,10,3,21,Oct,1595,1484,291,9.5,1.52,2022-10-3,2022-10-03,2,,,,0
2022,10,4,1,Oct,306,276,44,9.0,5.36,2022-10-4,2022-10-04,3,,,,0
2022,10,5,0,Oct,631,544,96,12.7,2.74,2022-10-5,2022-10-05,4,,,,0
2022,10,9,7,Oct,433,663,95,6.1,0.0,2022-10-9,2022-10-09,1,NYCC,10.0,17.0,0
2022,10,9,9,Oct,957,1817,288,9.1,0.0,2022-10-9,2022-10-09,1,NYCC,10.0,17.0,0
2022,10,10,14,Oct,1051,1133,185,19.7,0.0,2022-10-10,2022-10-10,2,,,,0
2022,10,11,21,Oct,1856,1423,237,13.9,0.0,2022-10-11,2022-10-11,3,,,,0
2022,10,13,7,Oct,1330,1084,222,16.5,0.0,2022-10-13,2022-10-13,5,,,,0
2022,10,13,11,Oct,1225,1166,211,19.8,0.0,2022-10-13,2022-10-13,5,,,,0
2022,10,13,12,Oct,1275,1282,248,21.1,0.04,2022-10-13,2022-10-13,5,,,,0
2022,10,15,21,Oct,2197,1953,476,14.7,0.0,2022-10-15,2022-10-15,7,,,,0
2022,10,17,0,Oct,662,413,117,12.2,0.0,2022-10-17,2022-10-17,2,,,,0
2022,10,22,7,Oct,511,873,77,8.8,0.0,2022-10-22,2022-10-22,7,,,,0
2022,10,22,21,Oct,1970,1932,347,10.9,0.0,2022-10-22,2022-10-22,7,,,,0
2022,10,22,23,Oct,2709,1930,392,10.4,0.0,2022-10-22,2022-10-22,7,,,,0
2022,10,25,4,Oct,220,166,19,15.8,0.0,2022-10-25,2022-10-25,3,,,,0
2022,10,25,18,Oct,1770,1779,390,18.7,0.0,2022-10-25,2022-10-25,3,,,,0
2022,10,29,5,Oct,551,570,64,6.2,0.0,2022-10-29,2022-10-29,7,,,,0
2022,10,29,10,Oct,1245,1400,226,9.1,0.0,2022-10-29,2022-10-29,7,,,,0
2022,10,29,12,Oct,1446,1539,261,11.9,0.0,2022-10-29,2022-10-29,7,,,,0
2022,10,30,11,Oct,1285,1363,218,12.8,0.0,2022-10-30,2022-10-30,1,,,,0
2022,10,31,19,Oct,1168,1285,221,13.8,0.0,2022-10-31,2022-10-31,2,,,,0
2022,10,12,23,Oct,1920,1131,196,14.8,0.0,2022-10-12,2022-10-12,4,,,,0
2022,10,1,13,Oct,1651,1570,258,15.9,0.1,2022-10-1,2022-10-01,7,,,,0
2022,10,2,23,Oct,1415,721,172,11.1,0.0,2022-10-2,2022-10-02,1,,,,0
2022,10,6,22,Oct,2072,1550,320,14.4,0.0,2022-10-6,2022-10-06,5,NYCC,10.0,19.0,0
2022,10,8,15,Oct,1669,1663,305,14.4,0.0,2022-10-8,2022-10-08,7,NYCC,10.0,19.0,1
2022,10,9,13,Oct,1525,1460,312,15.5,0.0,2022-10-9,2022-10-09,1,NYCC,10.0,17.0,1
2022,10,9,18,Oct,1719,1701,367,14.6,0.0,2022-10-9,2022-10-09,1,NYCC,10.0,17.0,0
2022,10,11,1,Oct,369,228,74,10.3,0.0,2022-10-11,2022-10-11,3,,,,0
2022,10,13,4,Oct,349,219,28,13.7,0.0,2022-10-13,2022-10-13,5,,,,0
2022,10,13,5,Oct,420,514,53,14.5,0.0,2022-10-13,2022-10-13,5,,,,0
2022,10,14,4,Oct,374,246,16,12.8,0.0,2022-10-14,2022-10-14,6,,,,0
2022,10,15,16,Oct,1975,1763,398,18.0,0.0,2022-10-15,2022-10-15,7,,,,0
2022,10,19,19,Oct,2075,1913,412,9.8,0.0,2022-10-19,2022-10-19,4,,,,0
2022,10,20,9,Oct,1492,1551,298,7.7,0.0,2022-10-20,2022-10-20,5,,,,0
2022,10,22,0,Oct,1970,1595,286,9.7,0.0,2022-10-22,2022-10-22,7,,,,0
2022,10,22,19,Oct,2095,2397,422,11.6,0.0,2022-10-22,2022-10-22,7,,,,0
2022,10,25,3,Oct,184,135,12,15.4,0.0,2022-10-25,2022-10-25,3,,,,0
2022,10,25,16,Oct,1308,1365,227,20.8,0.1,2022-10-25,2022-10-25,3,,,,0
2022,10,26,15,Oct,1241,1131,219,21.2,0.0,2022-10-26,2022-10-26,4,,,,0
2022,10,26,20,Oct,1883,1583,333,18.1,0.0,2022-10-26,2022-10-26,4,,,,0
2022,10,27,16,Oct,1416,1466,262,17.3,0.0,2022-10-27,2022-10-27,5,,,,0
2022,10,28,11,Oct,1255,1241,195,10.6,0.0,2022-10-28,2022-10-28,6,,,,0
2022,10,28,13,Oct,1288,1239,195,12.7,0.0,2022-10-28,2022-10-28,6,,,,0
2022,10,29,7,Oct,469,745,84,5.4,0.0,2022-10-29,2022-10-29,7,,,,0
2022,10,30,3,Oct,2311,1334,269,5.2,0.0,2022-10-30,2022-10-30,1,,,,0
2022,10,30,7,Oct,468,665,49,4.2,0.0,2022-10-30,2022-10-30,1,,,,0
2022,10,30,15,Oct,1437,1417,221,16.3,0.0,2022-10-30,2022-10-30,1,,,,0
2022,10,31,2,Oct,432,269,75,11.9,0.0,2022-10-31,2022-10-31,2,,,,0
2022,10,31,22,Oct,1256,1280,227,14.1,1.5,2022-10-31,2022-10-31,2,,,,0
2022,10,1,5,Oct,398,417,49,13.1,0.1,2022-10-1,2022-10-01,7,,,,0
2022,10,1,7,Oct,605,932,119,11.8,1.66,2022-10-1,2022-10-01,7,,,,0
2022,10,1,18,Oct,2338,2567,493,17.0,0.0,2022-10-1,2022-10-01,7,,,,0
2022,10,2,14,Oct,1475,1500,308,11.8,2.4,2022-10-2,2022-10-02,1,,,,0
2022,10,4,0,Oct,563,442,63,9.2,4.48,2022-10-4,2022-10-04,3,,,,0
2022,10,4,9,Oct,1681,1451,333,9.2,4.66,2022-10-4,2022-10-04,3,,,,0
2022,10,4,15,Oct,1133,1291,252,12.6,18.86,2022-10-4,2022-10-04,3,,,,0
2022,10,4,21,Oct,1544,1308,219,12.5,1.28,2022-10-4,2022-10-04,3,,,,0
2022,10,6,18,Oct,1772,1817,356,19.3,0.0,2022-10-6,2022-10-06,5,NYCC,10.0,19.0,1
2022,10,7,8,Oct,1179,1412,265,14.0,0.0,2022-10-7,2022-10-07,6,NYCC,10.0,19.0,0
2022,10,7,9,Oct,1088,1588,293,16.3,0.0,2022-10-7,2022-10-07,6,NYCC,10.0,19.0,0
2022,10,7,20,Oct,2177,1676,374,17.8,0.0,2022-10-7,2022-10-07,6,NYCC,10.0,19.0,0
2022,10,11,3,Oct,140,169,26,9.1,0.0,2022-10-11,2022-10-11,3,,,,0
2022,10,11,12,Oct,988,968,184,17.7,0.0,2022-10-11,2022-10-11,3,,,,0
2022,10,15,6,Oct,425,799,76,7.9,0.0,2022-10-15,2022-10-15,7,,,,0
2022,10,15,7,Oct,546,878,116,9.4,0.0,2022-10-15,2022-10-15,7,,,,0
2022,10,15,22,Oct,2638,2070,464,14.0,0.0,2022-10-15,2022-10-15,7,,,,0
2022,10,18,10,Oct,1106,1077,204,9.7,0.0,2022-10-18,2022-10-18,3,,,,0
2022,10,18,21,Oct,1930,1599,242,8.8,0.0,2022-10-18,2022-10-18,3,,,,0
2022,10,19,4,Oct,283,184,16,5.5,0.0,2022-10-19,2022-10-19,4,,,,0
2022,10,19,11,Oct,1117,1178,211,9.8,0.0,2022-10-19,2022-10-19,4,,,,0
2022,10,20,11,Oct,1128,1173,201,11.2,0.0,2022-10-20,2022-10-20,5,,,,0
2022,10,21,8,Oct,1337,1217,236,7.3,0.0,2022-10-21,2022-10-21,6,,,,0
2022,10,21,15,Oct,1244,1271,198,16.1,0.0,2022-10-21,2022-10-21,6,,,,0
2022,10,25,0,Oct,633,407,96,15.1,0.68,2022-10-25,2022-10-25,3,,,,0
2022,10,25,14,Oct,1214,1090,173,20.6,0.58,2022-10-25,2022-10-25,3,,,,0
2022,10,27,12,Oct,1170,1079,213,16.1,0.0,2022-10-27,2022-10-27,5,,,,0
2022,10,27,19,Oct,2117,1989,410,12.9,0.0,2022-10-27,2022-10-27,5,,,,0
2022,10,28,6,Oct,738,795,74,7.0,0.0,2022-10-28,2022-10-28,6,,,,0
2022,10,28,7,Oct,1057,929,137,6.6,0.0,2022-10-28,2022-10-28,6,,,,0
2022,10,28,14,Oct,1317,1351,204,13.2,0.0,2022-10-28,2022-10-28,6,,,,0
2022,10,28,16,Oct,1496,1622,239,12.9,0.0,2022-10-28,2022-10-28,6,,,,0
2022,10,29,20,Oct,2343,2466,463,11.8,0.0,2022-10-29,2022-10-29,7,,,,0
2022,10,30,6,Oct,480,682,71,4.9,0.0,2022-10-30,2022-10-30,1,,,,0
2022,10,31,12,Oct,885,823,162,15.3,0.0,2022-10-31,2022-10-31,2,,,,0
2022,10,1,1,Oct,1936,1454,246,14.5,0.0,2022-10-1,2022-10-01,7,,,,0
2022,10,1,3,Oct,1232,697,157,14.3,0.12,2022-10-1,2022-10-01,7,,,,0
2022,10,4,11,Oct,1032,1008,203,11.3,10.24,2022-10-4,2022-10-04,3,,,,0
2022,10,8,14,Oct,1667,1504,296,14.0,0.0,2022-10-8,2022-10-08,7,NYCC,10.0,19.0,1
2022,10,8,17,Oct,1994,1892,365,14.1,0.0,2022-10-8,2022-10-08,7,NYCC,10.0,19.0,1
2022,10,9,19,Oct,1794,1766,366,13.3,0.0,2022-10-9,2022-10-09,1,NYCC,10.0,17.0,0
2022,10,12,3,Oct,186,169,30,10.8,0.0,2022-10-12,2022-10-12,4,,,,0
2022,10,13,6,Oct,818,852,107,15.4,0.0,2022-10-13,2022-10-13,5,,,,0
2022,10,17,12,Oct,1042,998,168,17.2,0.16,2022-10-17,2022-10-17,2,,,,0
2022,10,17,15,Oct,1218,1085,188,18.9,0.06,2022-10-17,2022-10-17,2,,,,0
2022,10,20,7,Oct,1262,1060,162,5.3,0.0,2022-10-20,2022-10-20,5,,,,0
2022,10,20,14,Oct,1396,1327,242,14.0,0.0,2022-10-20,2022-10-20,5,,,,0
2022,10,20,21,Oct,2613,1824,337,10.4,0.0,2022-10-20,2022-10-20,5,,,,0
2022,10,21,18,Oct,1868,1995,339,12.3,0.0,2022-10-21,2022-10-21,6,,,,0
2022,10,23,2,Oct,1493,951,202,10.2,0.0,2022-10-23,2022-10-23,1,,,,0
2022,10,23,15,Oct,1341,1639,245,14.7,0.3,2022-10-23,2022-10-23,1,,,,0
2022,10,28,20,Oct,2464,2261,422,9.7,0.0,2022-10-28,2022-10-28,6,,,,0
2022,10,29,16,Oct,1829,1728,311,14.5,0.0,2022-10-29,2022-10-29,7,,,,0
2022,10,1,8,Oct,810,1201,143,11.6,7.82,2022-10-1,2022-10-01,7,,,,0
2022,10,2,6,Oct,371,496,55,14.9,0.0,2022-10-2,2022-10-02,1,,,,0
2022,10,2,9,Oct,908,1156,157,14.4,0.04,2022-10-2,2022-10-02,1,,,,0
2022,10,2,22,Oct,1484,1027,226,11.2,0.0,2022-10-2,2022-10-02,1,,,,0
2022,10,4,19,Oct,1546,1345,268,12.9,14.14,2022-10-4,2022-10-04,3,,,,0
2022,10,7,4,Oct,383,275,51,12.8,0.0,2022-10-7,2022-10-07,6,NYCC,10.0,19.0,0
2022,10,7,19,Oct,2415,1947,442,18.8,0.0,2022-10-7,2022-10-07,6,NYCC,10.0,19.0,0
2022,10,7,21,Oct,2320,1791,415,17.1,0.0,2022-10-7,2022-10-07,6,NYCC,10.0,19.0,0
2022,10,8,23,Oct,2431,2112,417,7.2,0.0,2022-10-8,2022-10-08,7,NYCC,10.0,19.0,0
2022,10,9,2,Oct,1739,1002,216,6.9,0.0,2022-10-9,2022-10-09,1,NYCC,10.0,17.0,0
2022,10,9,5,Oct,394,403,44,6.6,0.0,2022-10-9,2022-10-09,1,NYCC,10.0,17.0,0
2022,10,9,23,Oct,1493,1035,252,10.3,0.0,2022-10-9,2022-10-09,1,NYCC,10.0,17.0,0
2022,10,10,17,Oct,1411,1401,240,18.7,0.0,2022-10-10,2022-10-10,2,,,,0
2022,10,10,22,Oct,1269,1028,216,12.6,0.0,2022-10-10,2022-10-10,2,,,,0
2022,10,14,10,Oct,1172,1565,267,14.1,0.0,2022-10-14,2022-10-14,6,,,,0
2022,10,15,17,Oct,2173,2090,526,17.3,0.0,2022-10-15,2022-10-15,7,,,,0
2022,10,16,2,Oct,1573,1066,211,11.6,0.0,2022-10-16,2022-10-16,1,,,,0
2022,10,20,18,Oct,1944,2267,389,12.4,0.0,2022-10-20,2022-10-20,5,,,,0
2022,10,20,19,Oct,2109,1982,384,11.5,0.0,2022-10-20,2022-10-20,5,,,,0
2022,10,23,9,Oct,901,1219,133,13.1,0.0,2022-10-23,2022-10-23,1,,,,0
2022,10,23,20,Oct,1438,1251,219,13.0,7.18,2022-10-23,2022-10-23,1,,,,0
2022,10,26,11,Oct,1097,1159,205,19.2,0.0,2022-10-26,2022-10-26,4,,,,0
2022,10,26,14,Oct,1226,1201,209,21.1,0.0,2022-10-26,2022-10-26,4,,,,0
2022,10,30,14,Oct,1366,1485,218,16.1,0.0,2022-10-30,2022-10-30,1,,,,0
2022,10,1,0,Oct,2009,1662,321,14.5,0.44,2022-10-1,2022-10-01,7,,,,0
2022,10,2,7,Oct,452,570,57,14.6,0.0,2022-10-2,2022-10-02,1,,,,0
2022,10,3,10,Oct,975,958,168,10.5,0.0,2022-10-3,2022-10-03,2,,,,0
2022,10,3,22,Oct,1544,1096,202,9.4,3.74,2022-10-3,2022-10-03,2,,,,0
2022,10,6,8,Oct,1531,1543,322,11.8,0.0,2022-10-6,2022-10-06,5,NYCC,10.0,19.0,0
2022,10,6,21,Oct,2105,1673,340,15.2,0.0,2022-10-6,2022-10-06,5,NYCC,10.0,19.0,0
2022,10,8,7,Oct,555,815,124,9.4,0.0,2022-10-8,2022-10-08,7,NYCC,10.0,19.0,0
2022,10,8,11,Oct,1465,1787,305,12.7,0.0,2022-10-8,2022-10-08,7,NYCC,10.0,19.0,1
2022,10,8,20,Oct,2398,2034,449,10.3,0.0,2022-10-8,2022-10-08,7,NYCC,10.0,19.0,0
2022,10,8,22,Oct,2565,2167,415,7.5,0.0,2022-10-8,2022-10-08,7,NYCC,10.0,19.0,0
2022,10,11,4,Oct,232,205,21,8.6,0.0,2022-10-11,2022-10-11,3,,,,0
2022,10,13,3,Oct,367,194,38,13.4,0.0,2022-10-13,2022-10-13,5,,,,0
2022,10,14,5,Oct,425,505,59,12.8,0.0,2022-10-14,2022-10-14,6,,,,0
2022,10,16,16,Oct,1774,1701,375,17.8,0.0,2022-10-16,2022-10-16,1,,,,0
2022,10,16,21,Oct,1638,1252,247,12.9,0.0,2022-10-16,2022-10-16,1,,,,0
2022,10,16,23,Oct,1298,824,198,11.3,0.0,2022-10-16,2022-10-16,1,,,,0
2022,10,18,11,Oct,1056,1069,184,10.7,0.0,2022-10-18,2022-10-18,3,,,,0
2022,10,18,22,Oct,1720,1434,215,8.1,0.0,2022-10-18,2022-10-18,3,,,,0
2022,10,19,18,Oct,1994,2105,451,10.9,0.0,2022-10-19,2022-10-19,4,,,,0
2022,10,21,19,Oct,2163,2135,378,11.3,0.0,2022-10-21,2022-10-21,6,,,,0
2022,10,23,12,Oct,1433,1536,258,15.7,0.14,2022-10-23,2022-10-23,1,,,,0
2022,10,24,2,Oct,293,188,46,12.6,0.04,2022-10-24,2022-10-24,2,,,,0
2022,10,24,18,Oct,1640,2053,365,16.0,0.1,2022-10-24,2022-10-24,2,,,,0
2022,10,26,22,Oct,2443,1446,305,17.2,0.0,2022-10-26,2022-10-26,4,,,,0
2022,10,27,15,Oct,1302,1321,221,17.5,0.0,2022-10-27,2022-10-27,5,,,,0
2022,10,27,23,Oct,2075,1541,256,10.4,0.0,2022-10-27,2022-10-27,5,,,,0
2022,10,30,19,Oct,1668,1464,248,9.9,0.0,2022-10-30,2022-10-30,1,,,,0
2022,10,31,10,Oct,876,879,140,13.1,0.0,2022-10-31,2022-10-31,2,,,,0
2022,10,12,18,Oct,1778,2052,386,16.3,0.0,2022-10-12,2022-10-12,4,,,,0
2022,10,3,3,Oct,208,147,41,10.2,0.28,2022-10-3,2022-10-03,2,,,,0
2022,10,4,7,Oct,1268,1002,203,8.9,2.56,2022-10-4,2022-10-04,3,,,,0
2022,10,5,18,Oct,2013,2090,431,16.0,0.0,2022-10-5,2022-10-05,4,,,,0
2022,10,10,11,Oct,1116,1122,213,15.7,0.0,2022-10-10,2022-10-10,2,,,,0
2022,10,11,16,Oct,1208,1515,224,19.7,0.0,2022-10-11,2022-10-11,3,,,,0
2022,10,14,20,Oct,2093,2184,461,14.1,0.0,2022-10-14,2022-10-14,6,,,,0
2022,10,16,19,Oct,1894,1633,328,12.6,0.0,2022-10-16,2022-10-16,1,,,,0
2022,10,17,6,Oct,816,800,76,12.7,0.06,2022-10-17,2022-10-17,2,,,,0
2022,10,19,8,Oct,1569,1678,355,5.6,0.0,2022-10-19,2022-10-19,4,,,,0
2022,10,24,5,Oct,395,529,54,12.5,0.24,2022-10-24,2022-10-24,2,,,,0
2022,10,25,8,Oct,1602,1525,321,16.3,0.0,2022-10-25,2022-10-25,3,,,,0
2022,10,26,0,Oct,740,538,77,17.7,0.0,2022-10-26,2022-10-26,4,,,,0
2022,10,1,19,Oct,2426,2530,542,16.7,0.0,2022-10-1,2022-10-01,7,,,,0
2022,10,2,5,Oct,433,370,40,15.0,0.0,2022-10-2,2022-10-02,1,,,,0
2022,10,3,6,Oct,723,707,72,10.2,0.14,2022-10-3,2022-10-03,2,,,,0
2022,10,3,7,Oct,1118,866,144,10.2,0.0,2022-10-3,2022-10-03,2,,,,0
2022,10,5,6,Oct,743,681,103,13.1,0.06,2022-10-5,2022-10-05,4,,,,0
2022,10,6,13,Oct,1115,1103,289,20.7,0.0,2022-10-6,2022-10-06,5,NYCC,10.0,19.0,1
2022,10,7,15,Oct,1356,1433,295,24.0,0.0,2022-10-7,2022-10-07,6,NYCC,10.0,19.0,1
2022,10,11,6,Oct,728,795,83,8.1,0.0,2022-10-11,2022-10-11,3,,,,0
2022,10,11,8,Oct,1510,1583,310,9.6,0.0,2022-10-11,2022-10-11,3,,,,0
2022,10,14,18,Oct,2138,2162,492,15.8,0.0,2022-10-14,2022-10-14,6,,,,0
2022,10,18,6,Oct,725,734,79,9.5,0.0,2022-10-18,2022-10-18,3,,,,0
2022,10,22,17,Oct,1783,1795,289,16.1,0.0,2022-10-22,2022-10-22,7,,,,0
2022,10,24,8,Oct,1472,1290,274,12.1,0.68,2022-10-24,2022-10-24,2,,,,0
2022,10,24,11,Oct,1127,1050,158,14.3,0.1,2022-10-24,2022-10-24,2,,,,0
2022,10,24,13,Oct,1101,978,167,15.8,0.3,2022-10-24,2022-10-24,2,,,,0
2022,10,26,6,Oct,706,754,93,17.2,0.0,2022-10-26,2022-10-26,4,,,,0
2022,10,26,12,Oct,1159,1047,195,19.7,0.0,2022-10-26,2022-10-26,4,,,,0
2022,10,26,21,Oct,2180,1551,273,17.7,0.0,2022-10-26,2022-10-26,4,,,,0
2022,10,28,9,Oct,1222,1246,217,7.7,0.0,2022-10-28,2022-10-28,6,,,,0
2022,10,28,10,Oct,1137,1203,197,9.0,0.0,2022-10-28,2022-10-28,6,,,,0
2022,10,28,18,Oct,2323,2162,397,10.7,0.0,2022-10-28,2022-10-28,6,,,,0
2022,10,29,0,Oct,2549,2197,397,8.1,0.0,2022-10-29,2022-10-29,7,,,,0
2022,10,29,8,Oct,642,1045,137,6.4,0.0,2022-10-29,2022-10-29,7,,,,0
2022,10,29,13,Oct,1557,1552,268,13.1,0.0,2022-10-29,2022-10-29,7,,,,0
2022,10,30,2,Oct,2820,1737,385,5.5,0.0,2022-10-30,2022-10-30,1,,,,0
2022,10,31,21,Oct,1165,1390,225,14.1,2.84,2022-10-31,2022-10-31,2,,,,0
2022,10,12,22,Oct,2220,1470,325,14.9,0.0,2022-10-12,2022-10-12,4,,,,0
2022,10,1,12,Oct,1810,1695,333,14.0,1.28,2022-10-1,2022-10-01,7,,,,0
2022,10,1,23,Oct,2696,1877,414,13.9,0.44,2022-10-1,2022-10-01,7,,,,0
2022,10,2,10,Oct,1291,1547,268,14.3,0.04,2022-10-2,2022-10-02,1,,,,0
2022,10,3,18,Oct,1803,2108,495,10.9,0.38,2022-10-3,2022-10-03,2,,,,0
2022,10,5,7,Oct,1075,911,157,13.0,0.1,2022-10-5,2022-10-05,4,,,,0
2022,10,5,15,Oct,1093,1117,213,15.1,0.0,2022-10-5,2022-10-05,4,,,,0
2022,10,7,6,Oct,623,855,91,12.0,0.0,2022-10-7,2022-10-07,6,NYCC,10.0,19.0,0
2022,10,8,3,Oct,1202,734,195,12.2,0.12,2022-10-8,2022-10-08,7,NYCC,10.0,19.0,0
2022,10,10,16,Oct,1169,1335,204,19.4,0.0,2022-10-10,2022-10-10,2,,,,0
2022,10,10,19,Oct,1526,1416,272,15.6,0.0,2022-10-10,2022-10-10,2,,,,0
2022,10,11,10,Oct,1066,1089,202,13.5,0.0,2022-10-11,2022-10-11,3,,,,0
2022,10,11,17,Oct,1565,1766,288,18.6,0.0,2022-10-11,2022-10-11,3,,,,0
2022,10,12,8,Oct,1732,1564,314,11.5,0.0,2022-10-12,2022-10-12,4,,,,0
2022,10,14,2,Oct,597,400,99,12.5,1.5,2022-10-14,2022-10-14,6,,,,0
2022,10,14,6,Oct,734,884,103,12.6,0.0,2022-10-14,2022-10-14,6,,,,0
2022,10,20,22,Oct,2274,1694,269,9.1,0.0,2022-10-20,2022-10-20,5,,,,0
2022,10,21,22,Oct,2521,1964,364,10.8,0.0,2022-10-21,2022-10-21,6,,,,0
2022,10,23,0,Oct,2392,1625,284,10.1,0.0,2022-10-23,2022-10-23,1,,,,0
2022,10,24,20,Oct,1526,1383,224,14.8,0.0,2022-10-24,2022-10-24,2,,,,0
2022,10,25,10,Oct,1088,1114,208,18.7,0.0,2022-10-25,2022-10-25,3,,,,0
2022,10,26,8,Oct,1622,1634,338,16.8,0.08,2022-10-26,2022-10-26,4,,,,0
2022,10,26,17,Oct,1687,1888,357,20.0,0.06,2022-10-26,2022-10-26,4,,,,0
2022,10,30,16,Oct,1411,1575,228,16.0,0.0,2022-10-30,2022-10-30,1,,,,0
2022,10,30,22,Oct,1219,1144,200,10.4,0.0,2022-10-30,2022-10-30,1,,,,0
2022,10,1,21,Oct,1895,1931,331,14.5,0.42,2022-10-1,2022-10-01,7,,,,0
2022,10,4,5,Oct,316,473,53,8.6,6.24,2022-10-4,2022-10-04,3,,,,0
2022,10,7,12,Oct,1339,1359,238,22.4,0.0,2022-10-7,2022-10-07,6,NYCC,10.0,19.0,1
2022,10,7,22,Oct,2552,1969,421,15.8,0.0,2022-10-7,2022-10-07,6,NYCC,10.0,19.0,0
2022,10,9,11,Oct,1351,1787,335,13.3,0.0,2022-10-9,2022-10-09,1,NYCC,10.0,17.0,1
2022,10,10,10,Oct,1088,1123,176,13.2,0.0,2022-10-10,2022-10-10,2,,,,0
2022,10,18,2,Oct,214,200,20,10.9,0.16,2022-10-18,2022-10-18,3,,,,0
2022,10,18,4,Oct,246,171,10,10.1,0.0,2022-10-18,2022-10-18,3,,,,0
2022,10,18,13,Oct,1071,1068,165,12.7,0.0,2022-10-18,2022-10-18,3,,,,0
2022,10,23,13,Oct,1465,1587,284,15.6,0.62,2022-10-23,2022-10-23,1,,,,0
2022,10,24,22,Oct,1696,1191,224,15.2,0.1,2022-10-24,2022-10-24,2,,,,0
2022,10,26,19,Oct,1929,1826,442,18.0,0.1,2022-10-26,2022-10-26,4,,,,0
2022,10,29,4,Oct,1262,681,141,6.5,0.0,2022-10-29,2022-10-29,7,,,,0
2022,10,29,18,Oct,2151,2174,386,9.8,0.0,2022-10-29,2022-10-29,7,,,,0
2022,10,30,1,Oct,3009,2010,431,5.1,0.0,2022-10-30,2022-10-30,1,,,,0
2022,10,31,3,Oct,381,190,64,11.9,0.0,2022-10-31,2022-10-31,2,,,,0
2022,10,31,20,Oct,1298,1468,253,13.8,0.0,2022-10-31,2022-10-31,2,,,,0
2022,10,2,15,Oct,1434,1439,292,11.3,1.56,2022-10-2,2022-10-02,1,,,,0
2022,10,3,11,Oct,967,949,181,11.0,0.0,2022-10-3,2022-10-03,2,,,,0
2022,10,3,19,Oct,1748,2015,382,10.5,1.08,2022-10-3,2022-10-03,2,,,,0
2022,10,3,20,Oct,1666,1669,314,9.9,0.66,2022-10-3,2022-10-03,2,,,,0
2022,10,5,8,Oct,1656,1413,316,13.3,1.7,2022-10-5,2022-10-05,4,,,,0
2022,10,6,20,Oct,2119,1859,359,15.9,0.0,2022-10-6,2022-10-06,5,NYCC,10.0,19.0,0
2022,10,7,3,Oct,432,334,60,13.1,0.0,2022-10-7,2022-10-07,6,NYCC,10.0,19.0,0
2022,10,9,10,Oct,1139,1946,276,11.2,0.0,2022-10-9,2022-10-09,1,NYCC,10.0,17.0,1
2022,10,10,23,Oct,1024,817,201,11.6,0.0,2022-10-10,2022-10-10,2,,,,0
2022,10,14,13,Oct,1281,1339,255,16.5,0.0,2022-10-14,2022-10-14,6,,,,0
2022,10,16,0,Oct,2051,1615,338,12.7,0.0,2022-10-16,2022-10-16,1,,,,0
2022,10,16,10,Oct,1200,1895,325,12.5,0.0,2022-10-16,2022-10-16,1,,,,0
2022,10,17,23,Oct,1176,777,135,13.8,0.5,2022-10-17,2022-10-17,2,,,,0
2022,10,21,11,Oct,1207,1231,202,12.8,0.0,2022-10-21,2022-10-21,6,,,,0
2022,10,22,13,Oct,1424,1392,249,17.3,0.0,2022-10-22,2022-10-22,7,,,,0
2022,10,23,4,Oct,775,404,76,11.6,0.0,2022-10-23,2022-10-23,1,,,,0
2022,10,24,0,Oct,651,453,72,12.4,0.9,2022-10-24,2022-10-24,2,,,,0
2022,10,24,12,Oct,1044,1003,154,14.9,0.1,2022-10-24,2022-10-24,2,,,,0
2022,10,25,2,Oct,209,159,33,15.2,0.0,2022-10-25,2022-10-25,3,,,,0
2022,10,25,17,Oct,1720,1785,307,20.2,0.0,2022-10-25,2022-10-25,3,,,,0
2022,10,27,10,Oct,1115,1298,219,15.0,0.0,2022-10-27,2022-10-27,5,,,,0
2022,10,28,3,Oct,507,325,56,8.3,0.0,2022-10-28,2022-10-28,6,,,,0
2022,10,28,19,Oct,2515,2244,458,10.4,0.0,2022-10-28,2022-10-28,6,,,,0
2022,10,29,19,Oct,2232,2368,418,10.5,0.0,2022-10-29,2022-10-29,7,,,,0
2022,10,31,16,Oct,1006,1085,140,16.9,0.0,2022-10-31,2022-10-31,2,,,,0
2022,10,1,11,Oct,2061,2080,496,13.3,3.36,2022-10-1,2022-10-01,7,,,,0
2022,10,2,1,Oct,1700,1339,254,14.6,0.0,2022-10-2,2022-10-02,1,,,,0
2022,10,2,16,Oct,1472,1542,322,11.3,0.9,2022-10-2,2022-10-02,1,,,,0
2022,10,4,17,Oct,1472,1596,283,12.7,10.3,2022-10-4,2022-10-04,3,,,,0
2022,10,6,15,Oct,1232,1127,190,22.3,0.0,2022-10-6,2022-10-06,5,NYCC,10.0,19.0,1
2022,10,8,6,Oct,420,761,64,10.5,0.0,2022-10-8,2022-10-08,7,NYCC,10.0,19.0,0
2022,10,10,8,Oct,1257,1156,213,9.5,0.0,2022-10-10,2022-10-10,2,,,,0
2022,10,15,11,Oct,1509,1808,359,16.9,0.0,2022-10-15,2022-10-15,7,,,,0
2022,10,15,20,Oct,2381,2105,503,15.2,0.0,2022-10-15,2022-10-15,7,,,,0
2022,10,21,17,Oct,1628,1763,304,14.9,0.0,2022-10-21,2022-10-21,6,,,,0
2022,10,22,10,Oct,1240,1473,216,11.9,0.0,2022-10-22,2022-10-22,7,,,,0
2022,10,24,4,Oct,306,161,25,12.4,0.0,2022-10-24,2022-10-24,2,,,,0
2022,10,24,23,Oct,1045,839,147,15.3,0.1,2022-10-24,2022-10-24,2,,,,0
2022,10,27,21,Oct,2668,1884,361,11.8,0.0,2022-10-27,2022-10-27,5,,,,0
2022,10,31,5,Oct,453,507,88,11.7,0.0,2022-10-31,2022-10-31,2,,,,0
2022,10,31,13,Oct,928,858,140,15.3,0.0,2022-10-31,2022-10-31,2,,,,0
2022,10,13,16,Oct,1624,1851,399,19.7,0.14,2022-10-13,2022-10-13,5,,,,0
2022,10,13,17,Oct,1967,2446,587,19.2,0.0,2022-10-13,2022-10-13,5,,,,0
2022,10,1,2,Oct,1538,1051,196,14.5,0.0,2022-10-1,2022-10-01,7,,,,0
2022,10,2,4,Oct,763,436,81,15.1,0.0,2022-10-2,2022-10-02,1,,,,0
2022,10,3,1,Oct,312,270,55,10.7,0.68,2022-10-3,2022-10-03,2,,,,0
2022,10,6,2,Oct,310,239,45,13.7,0.0,2022-10-6,2022-10-06,5,NYCC,10.0,19.0,0
2022,10,8,12,Oct,1545,1718,292,12.5,0.0,2022-10-8,2022-10-08,7,NYCC,10.0,19.0,1
2022,10,8,13,Oct,1607,1552,339,13.3,0.0,2022-10-8,2022-10-08,7,NYCC,10.0,19.0,1
2022,10,9,6,Oct,442,662,62,6.3,0.0,2022-10-9,2022-10-09,1,NYCC,10.0,17.0,0
2022,10,10,0,Oct,841,641,109,9.8,0.0,2022-10-10,2022-10-10,2,,,,0
2022,10,11,5,Oct,338,477,59,8.2,0.0,2022-10-11,2022-10-11,3,,,,0
2022,10,14,9,Oct,1256,1573,325,13.0,0.0,2022-10-14,2022-10-14,6,,,,0
2022,10,14,23,Oct,2630,1856,459,10.5,0.0,2022-10-14,2022-10-14,6,,,,0
2022,10,15,19,Oct,2409,2134,478,15.8,0.0,2022-10-15,2022-10-15,7,,,,0
2022,10,17,16,Oct,1165,1311,206,18.5,0.04,2022-10-17,2022-10-17,2,,,,0
2022,10,25,15,Oct,1157,1178,205,21.0,0.24,2022-10-25,2022-10-25,3,,,,0
2022,10,27,22,Oct,2366,1828,331,10.9,0.0,2022-10-27,2022-10-27,5,,,,0
2022,10,12,16,Oct,1319,1476,259,18.2,0.0,2022-10-12,2022-10-12,4,,,,0
2022,10,13,14,Oct,1326,1379,255,19.8,0.0,2022-10-13,2022-10-13,5,,,,0
2025,8,1,5,Aug,412,542,52,17.9,0.1,2025-8-1,2025-08-01,6,,,,0
2025,8,1,16,Aug,1100,1338,207,22.8,0.04,2025-8-1,2025-08-01,6,,,,0
2025,8,2,9,Aug,787,1018,176,19.6,0.0,2025-8-2,2025-08-02,7,,,,0
2025,8,2,11,Aug,1050,1084,236,22.9,0.0,2025-8-2,2025-08-02,7,,,,0
2025,8,4,18,Aug,1360,1221,298,30.9,0.0,2025-8-4,2025-08-04,2,,,,0
2025,8,5,1,Aug,313,247,45,22.0,0.0,2025-8-5,2025-08-05,3,,,,0
2025,8,7,13,Aug,996,926,160,28.3,0.0,2025-8-7,2025-08-07,5,,,,0
2025,8,8,0,Aug,969,688,123,19.9,0.0,2025-8-8,2025-08-08,6,,,,0
2025,8,8,2,Aug,463,338,52,18.8,0.0,2025-8-8,2025-08-08,6,,,,0
2025,8,9,4,Aug,510,280,68,18.5,0.0,2025-8-9,2025-08-09,7,,,,0
2025,8,9,9,Aug,740,879,124,21.9,0.0,2025-8-9,2025-08-09,7,,,,0
2025,8,2,2,Aug,1109,688,134,18.6,0.0,2025-8-2,2025-08-02,7,,,,0
2025,8,5,0,Aug,555,419,84,22.8,0.0,2025-8-5,2025-08-05,3,,,,0
2025,8,5,12,Aug,969,874,178,29.0,0.0,2025-8-5,2025-08-05,3,,,,0
2025,8,6,12,Aug,947,903,143,28.1,0.0,2025-8-6,2025-08-06,4,,,,0
2025,8,7,1,Aug,409,316,77,20.5,0.0,2025-8-7,2025-08-07,5,,,,0
2025,8,7,16,Aug,1106,1276,241,27.1,0.0,2025-8-7,2025-08-07,5,,,,0
2025,8,7,20,Aug,1618,1411,277,23.2,0.0,2025-8-7,2025-08-07,5,,,,0
2025,8,3,17,Aug,1325,1186,248,27.7,0.0,2025-8-3,2025-08-03,1,,,,0
2025,8,3,21,Aug,1257,981,174,22.1,0.0,2025-8-3,2025-08-03,1,,,,0
2025,8,4,11,Aug,891,887,141,27.8,0.0,2025-8-4,2025-08-04,2,,,,0
2025,8,6,3,Aug,229,213,28,21.7,0.0,2025-8-6,2025-08-06,4,,,,0
2025,8,6,22,Aug,1533,1001,191,21.5,0.3,2025-8-6,2025-08-06,4,,,,0
2025,8,8,7,Aug,778,920,137,18.3,0.0,2025-8-8,2025-08-08,6,,,,0
2025,8,8,16,Aug,1156,1274,234,27.2,0.0,2025-8-8,2025-08-08,6,,,,0
2025,8,8,20,Aug,1492,1293,224,23.1,0.0,2025-8-8,2025-08-08,6,,,,0
2025,8,9,10,Aug,947,997,165,24.2,0.0,2025-8-9,2025-08-09,7,,,,0
2025,8,9,12,Aug,1051,928,191,27.8,0.0,2025-8-9,2025-08-09,7,,,,0
2025,8,2,21,Aug,1532,1329,245,21.0,0.0,2025-8-2,2025-08-02,7,,,,0
2025,8,4,12,Aug,827,869,166,29.5,0.0,2025-8-4,2025-08-04,2,,,,0
2025,8,5,22,Aug,1359,935,188,24.0,0.0,2025-8-5,2025-08-05,3,,,,0
2025,8,5,23,Aug,941,746,120,23.5,0.0,2025-8-5,2025-08-05,3,,,,0
2025,8,6,10,Aug,1010,959,193,24.8,0.0,2025-8-6,2025-08-06,4,,,,0
2025,8,7,18,Aug,1490,1549,303,25.6,0.0,2025-8-7,2025-08-07,5,,,,0
2025,8,8,18,Aug,1556,1457,309,25.4,0.0,2025-8-8,2025-08-08,6,,,,0
2025,8,9,6,Aug,372,635,63,17.6,0.0,2025-8-9,2025-08-09,7,,,,0
2025,8,1,3,Aug,388,275,53,18.4,0.2,2025-8-1,2025-08-01,6,,,,0
2025,8,1,21,Aug,1466,1322,224,20.3,0.0,2025-8-1,2025-08-01,6,,,,0
2025,8,3,10,Aug,866,1082,169,23.2,0.0,2025-8-3,2025-08-03,1,,,,0
2025,8,5,2,Aug,240,150,24,21.3,0.0,2025-8-5,2025-08-05,3,,,,0
2025,8,9,8,Aug,567,801,119,20.4,0.0,2025-8-9,2025-08-09,7,,,,0
2025,8,1,13,Aug,1118,995,189,21.4,0.06,2025-8-1,2025-08-01,6,,,,0
2025,8,2,13,Aug,1149,1013,226,24.9,0.0,2025-8-2,2025-08-02,7,,,,0
2025,8,3,20,Aug,1189,1040,225,23.0,0.0,2025-8-3,2025-08-03,1,,,,0
2025,8,6,11,Aug,991,909,145,26.3,0.0,2025-8-6,2025-08-06,4,,,,0
2025,8,6,13,Aug,1069,872,164,28.3,0.0,2025-8-6,2025-08-06,4,,,,0
2025,8,6,15,Aug,1028,1031,153,27.7,0.0,2025-8-6,2025-08-06,4,,,,0
2025,8,7,14,Aug,1005,951,171,28.2,0.06,2025-8-7,2025-08-07,5,,,,0
2025,8,8,8,Aug,1032,1049,189,20.0,0.0,2025-8-8,2025-08-08,6,,,,0
2025,8,8,9,Aug,991,1055,193,21.5,0.0,2025-8-8,2025-08-08,6,,,,0
2025,8,9,5,Aug,326,378,42,18.0,0.0,2025-8-9,2025-08-09,7,,,,0
2025,8,3,16,Aug,1191,1196,240,28.1,0.0,2025-8-3,2025-08-03,1,,,,0
2025,8,3,18,Aug,1448,1202,273,26.7,0.0,2025-8-3,2025-08-03,1,,,,0
2025,8,3,22,Aug,1167,905,150,21.4,0.0,2025-8-3,2025-08-03,1,,,,0
2025,8,5,6,Aug,612,784,86,20.3,0.0,2025-8-5,2025-08-05,3,,,,0
2025,8,5,15,Aug,1068,1097,184,30.4,0.12,2025-8-5,2025-08-05,3,,,,0
2025,8,7,23,Aug,1337,993,158,20.4,0.0,2025-8-7,2025-08-07,5,,,,0
2025,8,8,17,Aug,1348,1431,280,26.4,0.0,2025-8-8,2025-08-08,6,,,,0
2025,8,1,20,Aug,1469,1334,235,20.9,0.0,2025-8-1,2025-08-01,6,,,,0
2025,8,2,6,Aug,394,584,59,17.1,0.0,2025-8-2,2025-08-02,7,,,,0
2025,8,3,11,Aug,1113,1182,205,24.9,0.0,2025-8-3,2025-08-03,1,,,,0
2025,8,5,14,Aug,1023,906,184,30.6,0.0,2025-8-5,2025-08-05,3,,,,0
2025,8,8,10,Aug,959,1026,207,23.5,0.0,2025-8-8,2025-08-08,6,,,,0
2025,8,1,9,Aug,1093,1192,185,18.4,0.0,2025-8-1,2025-08-01,6,,,,0
2025,8,5,21,Aug,1692,1111,226,24.6,0.0,2025-8-5,2025-08-05,3,,,,0
2025,8,1,4,Aug,341,403,31,18.1,0.3,2025-8-1,2025-08-01,6,,,,0
2025,8,6,23,Aug,979,836,139,21.0,0.24,2025-8-6,2025-08-06,4,,,,0
2025,8,7,9,Aug,1357,1319,293,22.9,0.0,2025-8-7,2025-08-07,5,,,,0
2025,8,7,12,Aug,972,964,174,27.3,0.0,2025-8-7,2025-08-07,5,,,,0
2025,8,1,0,Aug,802,629,127,19.3,0.36,2025-8-1,2025-08-01,6,,,,0
2025,8,1,18,Aug,1506,1417,279,22.0,0.0,2025-8-1,2025-08-01,6,,,,0
2025,8,1,22,Aug,1732,1316,268,20.0,0.0,2025-8-1,2025-08-01,6,,,,0
2025,8,3,2,Aug,1058,719,128,18.4,0.0,2025-8-3,2025-08-03,1,,,,0
2025,8,4,15,Aug,986,1018,181,33.0,0.0,2025-8-4,2025-08-04,2,,,,0
2025,8,5,3,Aug,197,156,17,21.2,0.0,2025-8-5,2025-08-05,3,,,,0
2025,8,5,19,Aug,1547,1202,253,26.9,0.0,2025-8-5,2025-08-05,3,,,,0
2025,8,6,4,Aug,263,332,16,21.6,0.0,2025-8-6,2025-08-06,4,,,,0
2025,8,1,15,Aug,1033,1159,165,23.0,0.06,2025-8-1,2025-08-01,6,,,,0
2025,8,6,5,Aug,371,444,50,21.3,0.0,2025-8-6,2025-08-06,4,,,,0
2025,8,7,11,Aug,952,1023,171,25.8,0.0,2025-8-7,2025-08-07,5,,,,0
2025,8,9,1,Aug,1166,839,164,19.8,0.0,2025-8-9,2025-08-09,7,,,,0
2025,8,1,6,Aug,615,820,106,17.8,0.0,2025-8-1,2025-08-01,6,,,,0
2025,8,2,23,Aug,1611,1395,274,19.7,0.0,2025-8-2,2025-08-02,7,,,,0
2025,8,4,7,Aug,837,902,168,18.5,0.0,2025-8-4,2025-08-04,2,,,,0
2025,8,4,14,Aug,941,879,183,32.1,0.0,2025-8-4,2025-08-04,2,,,,0
2025,8,5,5,Aug,309,441,37,20.8,0.0,2025-8-5,2025-08-05,3,,,,0
2025,8,7,10,Aug,1069,1087,246,24.4,0.0,2025-8-7,2025-08-07,5,,,,0
2025,8,8,11,Aug,968,974,156,25.2,0.0,2025-8-8,2025-08-08,6,,,,0
2025,8,1,23,Aug,1589,1283,239,19.6,0.0,2025-8-1,2025-08-01,6,,,,0
2025,8,2,7,Aug,432,695,77,17.0,0.0,2025-8-2,2025-08-02,7,,,,0
2025,8,3,6,Aug,313,530,64,16.6,0.0,2025-8-3,2025-08-03,1,,,,0
2025,8,3,23,Aug,857,590,117,20.8,0.0,2025-8-3,2025-08-03,1,,,,0
2025,8,4,4,Aug,281,260,25,18.1,0.0,2025-8-4,2025-08-04,2,,,,0
2025,8,4,16,Aug,1094,1023,193,33.3,0.0,2025-8-4,2025-08-04,2,,,,0
2025,8,4,17,Aug,1284,1210,247,32.8,0.0,2025-8-4,2025-08-04,2,,,,0
2025,8,6,20,Aug,1794,1316,255,23.2,0.06,2025-8-6,2025-08-06,4,,,,0
2025,8,7,0,Aug,777,555,106,20.6,0.1,2025-8-7,2025-08-07,5,,,,0
2025,8,1,10,Aug,977,1153,208,19.2,0.0,2025-8-1,2025-08-01,6,,,,0
2025,8,2,18,Aug,1402,1468,292,24.9,0.0,2025-8-2,2025-08-02,7,,,,0
2025,8,3,3,Aug,832,484,99,18.1,0.0,2025-8-3,2025-08-03,1,,,,0
2025,8,4,2,Aug,221,134,23,19.0,0.0,2025-8-4,2025-08-04,2,,,,0
2025,8,6,2,Aug,277,197,32,22.2,0.0,2025-8-6,2025-08-06,4,,,,0
2025,8,1,12,Aug,1012,984,171,20.4,0.1,2025-8-1,2025-08-01,6,,,,0
2025,8,3,8,Aug,558,877,166,19.0,0.0,2025-8-3,2025-08-03,1,,,,0
2025,8,3,12,Aug,1159,1255,211,26.0,0.0,2025-8-3,2025-08-03,1,,,,0
2025,8,5,13,Aug,1010,904,156,29.8,0.0,2025-8-5,2025-08-05,3,,,,0
2025,8,6,0,Aug,607,447,60,23.1,0.0,2025-8-6,2025-08-06,4,,,,0
2025,8,6,6,Aug,651,752,86,21.0,0.0,2025-8-6,2025-08-06,4,,,,0
2025,8,6,7,Aug,1005,1047,198,21.3,0.0,2025-8-6,2025-08-06,4,,,,0
2025,8,6,9,Aug,1355,1421,276,23.2,0.0,2025-8-6,2025-08-06,4,,,,0
2025,8,7,4,Aug,325,318,33,19.6,0.0,2025-8-7,2025-08-07,5,,,,0
2025,8,1,11,Aug,1015,995,173,19.9,0.0,2025-8-1,2025-08-01,6,,,,0
2025,8,2,22,Aug,1719,1470,262,20.5,0.0,2025-8-2,2025-08-02,7,,,,0
2025,8,4,5,Aug,308,427,44,17.7,0.0,2025-8-4,2025-08-04,2,,,,0
2025,8,4,9,Aug,1072,1176,244,22.4,0.0,2025-8-4,2025-08-04,2,,,,0
2025,8,4,10,Aug,918,987,164,25.3,0.0,2025-8-4,2025-08-04,2,,,,0
2025,8,4,20,Aug,1272,1086,187,26.2,0.0,2025-8-4,2025-08-04,2,,,,0
2025,8,7,5,Aug,393,456,53,19.3,0.0,2025-8-7,2025-08-07,5,,,,0
2025,8,7,6,Aug,626,771,77,19.0,0.0,2025-8-7,2025-08-07,5,,,,0
2025,8,7,21,Aug,1917,1280,269,22.0,0.0,2025-8-7,2025-08-07,5,,,,0
2025,8,9,11,Aug,1055,1075,162,26.2,0.0,2025-8-9,2025-08-09,7,,,,0
2025,8,2,16,Aug,1334,1196,251,25.3,0.0,2025-8-2,2025-08-02,7,,,,0
2025,8,2,19,Aug,1503,1395,264,23.6,0.0,2025-8-2,2025-08-02,7,,,,0
2025,8,5,8,Aug,1461,1684,340,22.6,0.0,2025-8-5,2025-08-05,3,,,,0
2025,8,5,20,Aug,1539,1222,214,25.8,0.0,2025-8-5,2025-08-05,3,,,,0
2025,8,7,8,Aug,1511,1547,294,21.2,0.0,2025-8-7,2025-08-07,5,,,,0
2025,8,8,4,Aug,369,350,33,18.0,0.0,2025-8-8,2025-08-08,6,,,,0
2025,8,8,22,Aug,1662,1398,215,21.6,0.0,2025-8-8,2025-08-08,6,,,,0
2025,8,9,7,Aug,379,635,77,18.6,0.0,2025-8-9,2025-08-09,7,,,,0
2025,8,1,17,Aug,1328,1352,247,22.6,0.0,2025-8-1,2025-08-01,6,,,,0
2025,8,4,1,Aug,339,178,50,19.6,0.0,2025-8-4,2025-08-04,2,,,,0
2025,8,4,13,Aug,1002,894,188,30.9,0.0,2025-8-4,2025-08-04,2,,,,0
2025,8,8,19,Aug,1613,1307,224,24.2,0.0,2025-8-8,2025-08-08,6,,,,0
2025,8,9,0,Aug,1413,1213,188,20.4,0.0,2025-8-9,2025-08-09,7,,,,0
2025,8,2,4,Aug,504,350,57,17.9,0.0,2025-8-2,2025-08-02,7,,,,0
2025,8,5,7,Aug,963,1047,172,21.2,0.0,2025-8-5,2025-08-05,3,,,,0
2025,8,5,9,Aug,1165,1369,293,23.6,0.0,2025-8-5,2025-08-05,3,,,,0
2025,8,1,7,Aug,844,984,164,18.0,0.0,2025-8-1,2025-08-01,6,,,,0
2025,8,2,1,Aug,1096,902,134,18.9,0.0,2025-8-2,2025-08-02,7,,,,0
2025,8,2,8,Aug,594,791,97,17.9,0.0,2025-8-2,2025-08-02,7,,,,0
2025,8,2,12,Aug,1094,1051,213,24.1,0.0,2025-8-2,2025-08-02,7,,,,0
2025,8,4,0,Aug,623,398,91,20.2,0.0,2025-8-4,2025-08-04,2,,,,0
2025,8,4,3,Aug,182,169,26,18.6,0.0,2025-8-4,2025-08-04,2,,,,0
2025,8,6,18,Aug,1732,1561,314,24.6,0.0,2025-8-6,2025-08-06,4,,,,0
2025,8,6,19,Aug,1515,1317,248,23.9,0.1,2025-8-6,2025-08-06,4,,,,0
2025,8,7,7,Aug,993,1077,183,19.8,0.0,2025-8-7,2025-08-07,5,,,,0
2025,8,9,2,Aug,970,673,110,19.2,0.0,2025-8-9,2025-08-09,7,,,,0
2025,8,2,5,Aug,396,404,46,17.7,0.0,2025-8-2,2025-08-02,7,,,,0
2025,8,8,21,Aug,1592,1296,245,22.2,0.0,2025-8-8,2025-08-08,6,,,,0
2025,8,1,19,Aug,1528,1390,315,21.7,0.0,2025-8-1,2025-08-01,6,,,,0
2025,8,2,17,Aug,1391,1467,284,25.2,0.0,2025-8-2,2025-08-02,7,,,,0
2025,8,3,7,Aug,372,670,98,17.5,0.0,2025-8-3,2025-08-03,1,,,,0
2025,8,3,19,Aug,1155,1122,213,25.1,0.0,2025-8-3,2025-08-03,1,,,,0
2025,8,4,23,Aug,836,616,116,23.5,0.0,2025-8-4,2025-08-04,2,,,,0
2025,8,5,16,Aug,1245,1194,225,29.9,0.0,2025-8-5,2025-08-05,3,,,,0
2025,8,7,2,Aug,304,226,42,20.4,0.0,2025-8-7,2025-08-07,5,,,,0
2025,8,8,1,Aug,708,474,77,19.3,0.0,2025-8-8,2025-08-08,6,,,,0
2025,8,2,14,Aug,1076,1015,219,25.5,0.0,2025-8-2,2025-08-02,7,,,,0
2025,8,2,15,Aug,1032,1114,232,25.3,0.0,2025-8-2,2025-08-02,7,,,,0
2025,8,2,20,Aug,1307,1310,257,21.8,0.0,2025-8-2,2025-08-02,7,,,,0
2025,8,3,9,Aug,778,933,170,20.8,0.0,2025-8-3,2025-08-03,1,,,,0
2025,8,5,10,Aug,977,1025,192,25.6,0.0,2025-8-5,2025-08-05,3,,,,0
2025,8,5,17,Aug,1613,1326,310,29.3,0.0,2025-8-5,2025-08-05,3,,,,0
2025,8,5,18,Aug,1627,1289,325,27.7,0.0,2025-8-5,2025-08-05,3,,,,0
2025,8,6,8,Aug,1515,1435,280,22.1,0.0,2025-8-6,2025-08-06,4,,,,0
2025,8,7,3,Aug,273,195,40,20.1,0.0,2025-8-7,2025-08-07,5,,,,0
2025,8,8,3,Aug,395,308,58,18.4,0.0,2025-8-8,2025-08-08,6,,,,0
2025,8,8,15,Aug,1008,1249,201,28.1,0.0,2025-8-8,2025-08-08,6,,,,0
2025,8,9,3,Aug,765,450,80,18.9,0.0,2025-8-9,2025-08-09,7,,,,0
2025,8,1,1,Aug,590,463,73,19.2,0.16,2025-8-1,2025-08-01,6,,,,0
2025,8,8,6,Aug,584,748,76,17.2,0.0,2025-8-8,2025-08-08,6,,,,0
2025,8,8,12,Aug,1029,979,181,26.6,0.0,2025-8-8,2025-08-08,6,,,,0
2025,8,2,0,Aug,1348,1164,209,19.1,0.0,2025-8-2,2025-08-02,7,,,,0
2025,8,3,0,Aug,1552,1250,221,19.1,0.0,2025-8-3,2025-08-03,1,,,,0
2025,8,3,4,Aug,594,302,61,17.3,0.0,2025-8-3,2025-08-03,1,,,,0
2025,8,3,5,Aug,313,326,35,17.1,0.0,2025-8-3,2025-08-03,1,,,,0
2025,8,3,15,Aug,1170,1149,216,28.0,0.0,2025-8-3,2025-08-03,1,,,,0
2025,8,4,8,Aug,1281,1470,328,20.3,0.0,2025-8-4,2025-08-04,2,,,,0
2025,8,4,22,Aug,1175,869,148,24.5,0.0,2025-8-4,2025-08-04,2,,,,0
2025,8,5,11,Aug,912,985,191,27.6,0.0,2025-8-5,2025-08-05,3,,,,0
2025,8,7,15,Aug,1027,1076,180,27.6,0.12,2025-8-7,2025-08-07,5,,,,0
2025,8,7,17,Aug,1358,1440,306,26.1,0.0,2025-8-7,2025-08-07,5,,,,0
2025,8,7,22,Aug,1795,1207,224,21.3,0.0,2025-8-7,2025-08-07,5,,,,0
2025,8,8,14,Aug,1069,974,174,28.3,0.0,2025-8-8,2025-08-08,6,,,,0
2025,8,8,23,Aug,1580,1392,203,20.8,0.0,2025-8-8,2025-08-08,6,,,,0
2025,8,1,2,Aug,367,334,65,18.7,0.16,2025-8-1,2025-08-01,6,,,,0
2025,8,1,8,Aug,1152,1202,206,18.5,0.0,2025-8-1,2025-08-01,6,,,,0
2025,8,3,14,Aug,1218,1165,245,27.4,0.0,2025-8-3,2025-08-03,1,,,,0
2025,8,6,16,Aug,1177,1275,191,26.3,0.0,2025-8-6,2025-08-06,4,,,,0
2025,8,8,5,Aug,382,501,52,17.5,0.0,2025-8-8,2025-08-08,6,,,,0
2025,8,8,13,Aug,1123,988,204,27.8,0.0,2025-8-8,2025-08-08,6,,,,0
2025,8,3,13,Aug,1197,1199,227,26.8,0.0,2025-8-3,2025-08-03,1,,,,0
2025,8,4,6,Aug,598,671,71,17.3,0.0,2025-8-4,2025-08-04,2,,,,0
2025,8,6,14,Aug,984,903,111,28.6,0.0,2025-8-6,2025-08-06,4,,,,0
2025,8,6,17,Aug,1452,1407,274,25.2,0.0,2025-8-6,2025-08-06,4,,,,0
2025,8,7,19,Aug,1485,1474,282,24.7,0.0,2025-8-7,2025-08-07,5,,,,0
2025,8,1,14,Aug,1075,1027,169,22.2,0.06,2025-8-1,2025-08-01,6,,,,0
2025,8,2,3,Aug,810,519,92,18.1,0.0,2025-8-2,2025-08-02,7,,,,0
2025,8,2,10,Aug,970,1099,236,21.4,0.0,2025-8-2,2025-08-02,7,,,,0
2025,8,4,21,Aug,1414,1058,209,25.5,0.0,2025-8-4,2025-08-04,2,,,,0
2025,8,3,1,Aug,1223,856,149,18.9,0.0,2025-8-3,2025-08-03,1,,,,0
2025,8,4,19,Aug,1207,1091,193,28.2,0.0,2025-8-4,2025-08-04,2,,,,0
2025,8,5,4,Aug,245,261,23,21.1,0.0,2025-8-5,2025-08-05,3,,,,0
2025,8,6,1,Aug,368,292,43,22.6,0.0,2025-8-6,2025-08-06,4,,,,0
2025,8,6,21,Aug,1878,1344,264,22.1,0.1,2025-8-6,2025-08-06,4,,,,0
2025,8,11,2,Aug,259,140,34,23.4,0.0,2025-8-11,2025-08-11,2,,,,0
2025,8,12,1,Aug,321,220,41,23.6,0.0,2025-8-12,2025-08-12,3,,,,0
2025,8,12,12,Aug,899,837,142,32.3,0.0,2025-8-12,2025-08-12,3,,,,0
2025,8,13,11,Aug,1035,969,175,31.0,0.0,2025-8-13,2025-08-13,4,,,,0
2025,8,16,17,Aug,1518,1485,283,27.3,1.22,2025-8-16,2025-08-16,7,,,,0
2025,8,16,22,Aug,1792,1467,227,24.0,0.0,2025-8-16,2025-08-16,7,,,,0
2025,8,9,22,Aug,1682,1451,252,22.6,0.0,2025-8-9,2025-08-09,7,,,,0
2025,8,10,23,Aug,982,672,102,25.7,0.0,2025-8-10,2025-08-10,1,,,,0
2025,8,11,11,Aug,850,892,167,29.4,0.0,2025-8-11,2025-08-11,2,,,,0
2025,8,13,14,Aug,1047,974,176,31.6,1.36,2025-8-13,2025-08-13,4,,,,0
2025,8,13,18,Aug,1925,1656,508,29.1,0.0,2025-8-13,2025-08-13,4,,,,0
2025,8,14,2,Aug,342,237,44,23.4,0.0,2025-8-14,2025-08-14,5,,,,0
2025,8,15,10,Aug,947,1036,161,27.3,0.0,2025-8-15,2025-08-15,6,,,,0
2025,8,15,17,Aug,1310,1408,286,30.3,0.0,2025-8-15,2025-08-15,6,,,,0
2025,8,15,22,Aug,1825,1345,273,24.1,0.0,2025-8-15,2025-08-15,6,,,,0
2025,8,17,4,Aug,540,369,49,22.7,0.0,2025-8-17,2025-08-17,1,,,,0
2025,8,17,8,Aug,592,737,86,23.8,0.0,2025-8-17,2025-08-17,1,,,,0
2025,8,9,19,Aug,1454,1460,305,25.9,0.0,2025-8-9,2025-08-09,7,,,,0
2025,8,9,23,Aug,1635,1390,266,22.0,0.0,2025-8-9,2025-08-09,7,,,,0
2025,8,10,21,Aug,1275,996,182,26.6,0.0,2025-8-10,2025-08-10,1,,,,0
2025,8,11,10,Aug,915,944,194,27.4,0.0,2025-8-11,2025-08-11,2,,,,0
2025,8,11,17,Aug,1160,1210,224,31.0,0.0,2025-8-11,2025-08-11,2,,,,0
2025,8,12,4,Aug,215,267,14,22.0,0.0,2025-8-12,2025-08-12,3,,,,0
2025,8,14,0,Aug,747,586,100,23.8,0.0,2025-8-14,2025-08-14,5,,,,0
2025,8,16,14,Aug,1088,1057,233,30.7,0.0,2025-8-16,2025-08-16,7,,,,0
2025,8,17,2,Aug,1090,677,128,23.2,0.0,2025-8-17,2025-08-17,1,,,,0
2025,8,17,7,Aug,370,671,66,22.4,0.0,2025-8-17,2025-08-17,1,,,,0
2025,8,17,14,Aug,1180,1009,222,33.9,0.0,2025-8-17,2025-08-17,1,,,,0
2025,8,11,18,Aug,1188,1305,236,29.7,0.0,2025-8-11,2025-08-11,2,,,,0
2025,8,12,18,Aug,1504,1272,293,30.1,0.0,2025-8-12,2025-08-12,3,,,,0
2025,8,16,4,Aug,562,330,49,22.9,0.0,2025-8-16,2025-08-16,7,,,,0
2025,8,9,15,Aug,1029,1139,194,30.3,0.0,2025-8-9,2025-08-09,7,,,,0
2025,8,9,16,Aug,1196,1343,247,29.7,0.0,2025-8-9,2025-08-09,7,,,,0
2025,8,11,14,Aug,816,862,153,32.4,0.0,2025-8-11,2025-08-11,2,,,,0
2025,8,12,9,Aug,1079,1219,242,25.6,0.0,2025-8-12,2025-08-12,3,,,,0
2025,8,12,11,Aug,981,910,188,30.6,0.0,2025-8-12,2025-08-12,3,,,,0
2025,8,12,17,Aug,1432,1310,286,31.1,0.0,2025-8-12,2025-08-12,3,,,,0
2025,8,14,6,Aug,639,730,89,22.7,0.0,2025-8-14,2025-08-14,5,,,,0
2025,8,15,9,Aug,1027,1046,190,25.8,0.0,2025-8-15,2025-08-15,6,,,,0
2025,8,14,18,Aug,1541,1516,323,31.1,0.0,2025-8-14,2025-08-14,5,,,,0
2025,8,17,10,Aug,898,1065,164,27.6,0.0,2025-8-17,2025-08-17,1,,,,0
2025,8,10,9,Aug,777,851,145,23.5,0.0,2025-8-10,2025-08-10,1,,,,0
2025,8,10,12,Aug,1069,1062,198,31.0,0.0,2025-8-10,2025-08-10,1,,,,0
2025,8,10,20,Aug,1244,1069,191,27.5,0.0,2025-8-10,2025-08-10,1,,,,0
2025,8,11,4,Aug,298,312,24,22.3,0.0,2025-8-11,2025-08-11,2,,,,0
2025,8,13,21,Aug,1621,1124,175,24.2,0.1,2025-8-13,2025-08-13,4,,,,0
2025,8,16,7,Aug,415,645,61,23.2,0.0,2025-8-16,2025-08-16,7,,,,0
2025,8,16,21,Aug,1591,1203,248,24.3,0.0,2025-8-16,2025-08-16,7,,,,0
2025,8,17,5,Aug,322,348,39,22.4,0.0,2025-8-17,2025-08-17,1,,,,0
2025,8,10,3,Aug,929,472,121,20.1,0.0,2025-8-10,2025-08-10,1,,,,0
2025,8,11,8,Aug,1270,1202,260,23.5,0.0,2025-8-11,2025-08-11,2,,,,0
2025,8,13,9,Aug,1187,1329,252,27.6,0.0,2025-8-13,2025-08-13,4,,,,0
2025,8,14,1,Aug,822,375,56,23.6,0.0,2025-8-14,2025-08-14,5,,,,0
2025,8,16,12,Aug,1160,1124,228,30.5,0.0,2025-8-16,2025-08-16,7,,,,0
2025,8,16,16,Aug,1346,1332,259,29.8,0.86,2025-8-16,2025-08-16,7,,,,0
2025,8,10,4,Aug,467,286,50,19.7,0.0,2025-8-10,2025-08-10,1,,,,0
2025,8,12,21,Aug,1562,1148,194,26.6,0.0,2025-8-12,2025-08-12,3,,,,0
2025,8,13,6,Aug,614,725,79,23.8,0.0,2025-8-13,2025-08-13,4,,,,0
2025,8,15,3,Aug,384,266,38,24.1,0.0,2025-8-15,2025-08-15,6,,,,0
2025,8,16,13,Aug,1216,1100,244,30.7,0.06,2025-8-16,2025-08-16,7,,,,0
2025,8,12,13,Aug,965,900,174,33.4,0.0,2025-8-12,2025-08-12,3,,,,0
2025,8,14,14,Aug,1109,1076,203,29.9,0.0,2025-8-14,2025-08-14,5,,,,0
2025,8,15,8,Aug,1019,1086,180,24.0,0.0,2025-8-15,2025-08-15,6,,,,0
2025,8,9,13,Aug,1119,931,221,29.1,0.0,2025-8-9,2025-08-09,7,,,,0
2025,8,9,17,Aug,1451,1480,263,28.6,0.0,2025-8-9,2025-08-09,7,,,,0
2025,8,12,0,Aug,511,377,78,24.1,0.0,2025-8-12,2025-08-12,3,,,,0
2025,8,13,2,Aug,316,181,45,25.3,0.0,2025-8-13,2025-08-13,4,,,,0
2025,8,14,12,Aug,1024,985,179,28.0,0.0,2025-8-14,2025-08-14,5,,,,0
2025,8,15,21,Aug,1740,1234,280,24.5,0.0,2025-8-15,2025-08-15,6,,,,0
2025,8,16,19,Aug,1573,1464,280,26.0,0.0,2025-8-16,2025-08-16,7,,,,0
2025,8,17,1,Aug,1330,855,157,23.5,0.0,2025-8-17,2025-08-17,1,,,,0
2025,8,9,21,Aug,1565,1274,267,23.2,0.0,2025-8-9,2025-08-09,7,,,,0
2025,8,10,10,Aug,893,993,162,26.7,0.0,2025-8-10,2025-08-10,1,,,,0
2025,8,11,1,Aug,337,240,48,24.2,0.0,2025-8-11,2025-08-11,2,,,,0
2025,8,11,16,Aug,1000,1024,190,32.0,0.0,2025-8-11,2025-08-11,2,,,,0
2025,8,14,16,Aug,1215,1298,234,31.0,0.0,2025-8-14,2025-08-14,5,,,,0
2025,8,14,20,Aug,1577,1251,243,28.4,0.0,2025-8-14,2025-08-14,5,,,,0
2025,8,17,16,Aug,1138,1283,215,35.4,0.0,2025-8-17,2025-08-17,1,,,,0
2025,8,12,6,Aug,543,680,73,21.5,0.0,2025-8-12,2025-08-12,3,,,,0
2025,8,13,10,Aug,936,1042,215,29.5,0.0,2025-8-13,2025-08-13,4,,,,0
2025,8,14,23,Aug,1208,945,166,26.5,0.0,2025-8-14,2025-08-14,5,,,,0
2025,8,15,12,Aug,985,1000,194,29.8,0.0,2025-8-15,2025-08-15,6,,,,0
2025,8,10,2,Aug,1184,758,155,20.6,0.0,2025-8-10,2025-08-10,1,,,,0
2025,8,11,13,Aug,856,848,151,31.8,0.0,2025-8-11,2025-08-11,2,,,,0
2025,8,13,22,Aug,1467,1025,151,24.2,0.0,2025-8-13,2025-08-13,4,,,,0
2025,8,16,9,Aug,808,954,151,25.4,0.0,2025-8-16,2025-08-16,7,,,,0
2025,8,16,15,Aug,1153,1227,248,30.5,0.04,2025-8-16,2025-08-16,7,,,,0
2025,8,17,9,Aug,767,936,130,25.8,0.0,2025-8-17,2025-08-17,1,,,,0
2025,8,10,6,Aug,330,499,48,18.7,0.0,2025-8-10,2025-08-10,1,,,,0
2025,8,10,8,Aug,560,704,101,21.5,0.0,2025-8-10,2025-08-10,1,,,,0
2025,8,11,5,Aug,334,412,48,21.7,0.0,2025-8-11,2025-08-11,2,,,,0
2025,8,13,15,Aug,1100,1106,186,30.8,0.92,2025-8-13,2025-08-13,4,,,,0
2025,8,13,20,Aug,1788,1169,258,26.3,0.56,2025-8-13,2025-08-13,4,,,,0
2025,8,14,10,Aug,994,1021,204,23.9,0.22,2025-8-14,2025-08-14,5,,,,0
2025,8,15,2,Aug,358,318,56,24.5,0.0,2025-8-15,2025-08-15,6,,,,0
2025,8,15,23,Aug,1611,1382,230,23.8,0.0,2025-8-15,2025-08-15,6,,,,0
2025,8,17,12,Aug,1068,1067,218,30.6,0.1,2025-8-17,2025-08-17,1,,,,0
2025,8,10,22,Aug,1113,864,149,26.3,0.0,2025-8-10,2025-08-10,1,,,,0
2025,8,12,10,Aug,1022,983,172,28.3,0.0,2025-8-12,2025-08-12,3,,,,0
2025,8,14,15,Aug,1115,1111,220,30.6,0.0,2025-8-14,2025-08-14,5,,,,0
2025,8,14,17,Aug,1498,1563,306,31.0,0.0,2025-8-14,2025-08-14,5,,,,0
2025,8,15,7,Aug,731,868,116,23.0,0.0,2025-8-15,2025-08-15,6,,,,0
2025,8,17,11,Aug,1129,1135,226,29.4,0.0,2025-8-17,2025-08-17,1,,,,0
2025,8,9,14,Aug,1084,1005,226,30.0,0.0,2025-8-9,2025-08-09,7,,,,0
2025,8,13,17,Aug,1832,1681,399,29.6,0.06,2025-8-13,2025-08-13,4,,,,0
2025,8,15,16,Aug,1256,1345,257,31.9,0.0,2025-8-15,2025-08-15,6,,,,0
2025,8,15,20,Aug,1432,1357,259,25.7,0.0,2025-8-15,2025-08-15,6,,,,0
2025,8,10,13,Aug,1110,1065,203,32.4,0.0,2025-8-10,2025-08-10,1,,,,0
2025,8,11,7,Aug,804,811,133,21.8,0.0,2025-8-11,2025-08-11,2,,,,0
2025,8,12,16,Aug,1138,1198,221,31.5,0.0,2025-8-12,2025-08-12,3,,,,0
2025,8,14,3,Aug,273,270,31,23.3,0.0,2025-8-14,2025-08-14,5,,,,0
2025,8,16,10,Aug,988,1141,190,27.5,0.0,2025-8-16,2025-08-16,7,,,,0
2025,8,17,15,Aug,1105,1101,223,34.9,0.0,2025-8-17,2025-08-17,1,,,,0
2025,8,12,15,Aug,1015,939,193,32.9,0.0,2025-8-12,2025-08-12,3,,,,0
2025,8,13,19,Aug,1835,1679,477,27.4,1.6,2025-8-13,2025-08-13,4,,,,0
2025,8,14,22,Aug,1687,1157,217,26.8,0.0,2025-8-14,2025-08-14,5,,,,0
2025,8,16,20,Aug,1460,1285,256,24.8,0.0,2025-8-16,2025-08-16,7,,,,0
2025,8,17,3,Aug,868,478,92,23.0,0.0,2025-8-17,2025-08-17,1,,,,0
2025,8,10,5,Aug,327,342,33,19.2,0.0,2025-8-10,2025-08-10,1,,,,0
2025,8,10,18,Aug,1213,1026,226,30.2,0.0,2025-8-10,2025-08-10,1,,,,0
2025,8,11,3,Aug,239,182,21,22.9,0.0,2025-8-11,2025-08-11,2,,,,0
2025,8,11,6,Aug,546,679,76,21.2,0.0,2025-8-11,2025-08-11,2,,,,0
2025,8,11,23,Aug,1003,544,97,24.5,0.0,2025-8-11,2025-08-11,2,,,,0
2025,8,12,22,Aug,1355,1006,144,26.4,0.0,2025-8-12,2025-08-12,3,,,,0
2025,8,15,14,Aug,1059,975,214,32.1,0.0,2025-8-15,2025-08-15,6,,,,0
2025,8,10,15,Aug,979,979,175,33.5,0.0,2025-8-10,2025-08-10,1,,,,0
2025,8,10,16,Aug,1139,1079,202,32.8,0.0,2025-8-10,2025-08-10,1,,,,0
2025,8,11,19,Aug,1083,1102,189,28.1,0.0,2025-8-11,2025-08-11,2,,,,0
2025,8,12,8,Aug,1343,1410,259,23.5,0.0,2025-8-12,2025-08-12,3,,,,0
2025,8,14,11,Aug,938,985,182,25.9,0.1,2025-8-14,2025-08-14,5,,,,0
2025,8,15,5,Aug,390,486,53,23.1,0.0,2025-8-15,2025-08-15,6,,,,0
2025,8,16,1,Aug,1249,915,167,23.3,0.0,2025-8-16,2025-08-16,7,,,,0
2025,8,16,18,Aug,1635,1673,300,26.0,1.76,2025-8-16,2025-08-16,7,,,,0
2025,8,9,18,Aug,1486,1539,287,27.1,0.0,2025-8-9,2025-08-09,7,,,,0
2025,8,11,20,Aug,1226,998,190,26.2,0.0,2025-8-11,2025-08-11,2,,,,0
2025,8,12,20,Aug,1440,1151,203,27.6,0.0,2025-8-12,2025-08-12,3,,,,0
2025,8,12,23,Aug,952,695,109,26.3,0.0,2025-8-12,2025-08-12,3,,,,0
2025,8,14,19,Aug,1419,1328,277,30.1,0.0,2025-8-14,2025-08-14,5,,,,0
2025,8,16,11,Aug,1109,1057,211,29.3,0.0,2025-8-16,2025-08-16,7,,,,0
2025,8,10,0,Aug,1754,1181,177,21.5,0.0,2025-8-10,2025-08-10,1,,,,0
2025,8,10,14,Aug,1078,972,210,33.2,0.0,2025-8-10,2025-08-10,1,,,,0
2025,8,12,2,Aug,214,149,29,22.9,0.0,2025-8-12,2025-08-12,3,,,,0
2025,8,13,3,Aug,301,194,40,24.9,0.0,2025-8-13,2025-08-13,4,,,,0
2025,8,13,4,Aug,281,280,30,24.5,0.0,2025-8-13,2025-08-13,4,,,,0
2025,8,15,6,Aug,618,769,68,22.8,0.0,2025-8-15,2025-08-15,6,,,,0
2025,8,15,19,Aug,1549,1459,265,26.9,0.0,2025-8-15,2025-08-15,6,,,,0
2025,8,16,3,Aug,881,488,90,23.0,0.0,2025-8-16,2025-08-16,7,,,,0
2025,8,16,23,Aug,1515,1365,264,23.9,0.0,2025-8-16,2025-08-16,7,,,,0
2025,8,12,19,Aug,1404,1123,214,28.9,0.0,2025-8-12,2025-08-12,3,,,,0
2025,8,14,5,Aug,383,466,55,23.0,0.0,2025-8-14,2025-08-14,5,,,,0
2025,8,14,8,Aug,1378,1505,299,24.1,0.0,2025-8-14,2025-08-14,5,,,,0
2025,8,15,1,Aug,616,488,80,25.2,0.0,2025-8-15,2025-08-15,6,,,,0
2025,8,16,5,Aug,348,353,36,22.9,0.0,2025-8-16,2025-08-16,7,,,,0
2025,8,16,6,Aug,422,599,56,22.8,0.0,2025-8-16,2025-08-16,7,,,,0
2025,8,17,6,Aug,376,572,58,22.1,0.0,2025-8-17,2025-08-17,1,,,,0
2025,8,9,20,Aug,1467,1261,238,24.6,0.0,2025-8-9,2025-08-09,7,,,,0
2025,8,11,15,Aug,880,913,183,32.5,0.0,2025-8-11,2025-08-11,2,,,,0
2025,8,12,5,Aug,307,415,56,21.8,0.0,2025-8-12,2025-08-12,3,,,,0
2025,8,11,21,Aug,1287,1000,178,25.7,0.0,2025-8-11,2025-08-11,2,,,,0
2025,8,12,14,Aug,944,986,160,33.6,0.0,2025-8-12,2025-08-12,3,,,,0
2025,8,13,1,Aug,462,280,65,25.7,0.0,2025-8-13,2025-08-13,4,,,,0
2025,8,13,8,Aug,1456,1577,310,25.5,0.0,2025-8-13,2025-08-13,4,,,,0
2025,8,13,13,Aug,1079,948,192,31.8,1.42,2025-8-13,2025-08-13,4,,,,0
2025,8,14,7,Aug,889,1050,155,23.1,0.0,2025-8-14,2025-08-14,5,,,,0
2025,8,15,13,Aug,1173,994,187,31.0,0.0,2025-8-15,2025-08-15,6,,,,0
2025,8,16,2,Aug,1118,709,153,23.0,0.0,2025-8-16,2025-08-16,7,,,,0
2025,8,12,7,Aug,886,982,163,22.0,0.0,2025-8-12,2025-08-12,3,,,,0
2025,8,13,0,Aug,808,444,73,26.0,0.0,2025-8-13,2025-08-13,4,,,,0
2025,8,14,9,Aug,1216,1315,223,23.1,1.36,2025-8-14,2025-08-14,5,,,,0
2025,8,11,0,Aug,1047,392,84,25.0,0.0,2025-8-11,2025-08-11,2,,,,0
2025,8,15,11,Aug,925,1089,164,28.7,0.0,2025-8-15,2025-08-15,6,,,,0
2025,8,15,15,Aug,1098,1203,219,32.5,0.0,2025-8-15,2025-08-15,6,,,,0
2025,8,15,18,Aug,1528,1616,316,28.7,0.0,2025-8-15,2025-08-15,6,,,,0
2025,8,17,13,Aug,1114,1007,214,32.5,0.0,2025-8-17,2025-08-17,1,,,,0
2025,8,17,17,Aug,1352,1311,241,34.0,0.0,2025-8-17,2025-08-17,1,,,,0
2025,8,11,12,Aug,837,816,151,30.7,0.0,2025-8-11,2025-08-11,2,,,,0
2025,8,13,16,Aug,1371,1471,294,29.2,1.1,2025-8-13,2025-08-13,4,,,,0
2025,8,13,23,Aug,886,831,126,24.0,0.0,2025-8-13,2025-08-13,4,,,,0
2025,8,14,21,Aug,1785,1223,242,27.2,0.0,2025-8-14,2025-08-14,5,,,,0
2025,8,15,4,Aug,389,419,31,23.6,0.0,2025-8-15,2025-08-15,6,,,,0
2025,8,16,8,Aug,564,793,127,23.8,0.0,2025-8-16,2025-08-16,7,,,,0
2025,8,10,1,Aug,1236,884,187,21.0,0.0,2025-8-10,2025-08-10,1,,,,0
2025,8,10,7,Aug,361,550,55,19.8,0.0,2025-8-10,2025-08-10,1,,,,0
2025,8,11,9,Aug,1144,1004,206,25.1,0.0,2025-8-11,2025-08-11,2,,,,0
2025,8,11,22,Aug,1056,787,135,25.1,0.0,2025-8-11,2025-08-11,2,,,,0
2025,8,12,3,Aug,168,146,27,22.4,0.0,2025-8-12,2025-08-12,3,,,,0
2025,8,13,5,Aug,347,446,36,24.1,0.0,2025-8-13,2025-08-13,4,,,,0
2025,8,13,7,Aug,957,1129,183,24.1,0.0,2025-8-13,2025-08-13,4,,,,0
2025,8,16,0,Aug,1446,1153,196,23.5,0.0,2025-8-16,2025-08-16,7,,,,0
2025,8,17,0,Aug,1568,1097,233,23.7,0.0,2025-8-17,2025-08-17,1,,,,0
2025,8,10,17,Aug,1112,1095,201,31.7,0.0,2025-8-10,2025-08-10,1,,,,0
2025,8,10,19,Aug,1074,996,205,28.9,0.0,2025-8-10,2025-08-10,1,,,,0
2025,8,14,4,Aug,345,398,42,23.1,0.0,2025-8-14,2025-08-14,5,,,,0
2025,8,14,13,Aug,1115,1007,220,29.1,0.04,2025-8-14,2025-08-14,5,,,,0
2025,8,15,0,Aug,894,696,97,26.0,0.0,2025-8-15,2025-08-15,6,,,,0
2025,8,10,11,Aug,1028,1099,185,29.3,0.0,2025-8-10,2025-08-10,1,,,,0
2025,8,13,12,Aug,961,995,183,32.4,0.04,2025-8-13,2025-08-13,4,,,,0
2025,8,18,3,Aug,186,178,25,19.0,0.0,2025-8-18,2025-08-18,2,,,,0
2025,8,19,2,Aug,183,145,10,18.9,0.0,2025-8-19,2025-08-19,3,,,,0
2025,8,20,22,Aug,1658,1123,226,15.9,0.0,2025-8-20,2025-08-20,4,,,,0
2025,8,21,7,Aug,917,1066,186,16.0,0.0,2025-8-21,2025-08-21,5,AnimeNYC,13.0,20.0,0
2025,8,23,8,Aug,561,988,137,19.2,0.0,2025-8-23,2025-08-23,7,AnimeNYC,10.0,19.0,0
2025,8,24,11,Aug,1144,1391,265,25.1,0.06,2025-8-24,2025-08-24,1,AnimeNYC,10.0,16.0,1
2025,8,25,6,Aug,559,707,70,19.4,0.0,2025-8-25,2025-08-25,2,,,,0
2025,8,17,18,Aug,1431,1497,411,32.9,0.06,2025-8-17,2025-08-17,1,,,,0
2025,8,19,19,Aug,1224,1122,223,21.6,0.0,2025-8-19,2025-08-19,3,,,,0
2025,8,20,13,Aug,1177,1130,255,22.2,0.2,2025-8-20,2025-08-20,4,,,,0
2025,8,22,23,Aug,1999,1357,274,20.5,0.0,2025-8-22,2025-08-22,6,AnimeNYC,10.0,19.0,0
2025,8,23,10,Aug,911,1463,232,23.1,0.0,2025-8-23,2025-08-23,7,AnimeNYC,10.0,19.0,1
2025,8,25,4,Aug,302,282,31,19.9,0.0,2025-8-25,2025-08-25,2,,,,0
2025,8,25,14,Aug,934,841,147,31.4,0.0,2025-8-25,2025-08-25,2,,,,0
2025,8,18,12,Aug,746,911,138,21.4,0.0,2025-8-18,2025-08-18,2,,,,0
2025,8,19,0,Aug,411,366,50,19.6,0.0,2025-8-19,2025-08-19,3,,,,0
2025,8,19,23,Aug,911,603,108,19.7,0.0,2025-8-19,2025-08-19,3,,,,0
2025,8,24,0,Aug,1624,1170,272,20.4,0.0,2025-8-24,2025-08-24,1,AnimeNYC,10.0,16.0,0
2025,8,24,1,Aug,1395,863,192,19.9,0.0,2025-8-24,2025-08-24,1,AnimeNYC,10.0,16.0,0
2025,8,26,5,Aug,272,400,38,18.6,0.0,2025-8-26,2025-08-26,3,,,,0
2025,8,20,14,Aug,1068,1099,217,22.3,0.24,2025-8-20,2025-08-20,4,,,,0
2025,8,22,4,Aug,370,392,44,15.8,0.0,2025-8-22,2025-08-22,6,AnimeNYC,10.0,19.0,0
2025,8,22,8,Aug,1035,1177,189,16.9,0.0,2025-8-22,2025-08-22,6,AnimeNYC,10.0,19.0,0
2025,8,22,12,Aug,1005,1126,217,24.5,0.0,2025-8-22,2025-08-22,6,AnimeNYC,10.0,19.0,1
2025,8,24,4,Aug,569,309,69,18.2,0.0,2025-8-24,2025-08-24,1,AnimeNYC,10.0,16.0,0
2025,8,25,3,Aug,246,178,23,20.3,0.0,2025-8-25,2025-08-25,2,,,,0
2025,8,19,3,Aug,164,154,27,18.4,0.0,2025-8-19,2025-08-19,3,,,,0
2025,8,20,1,Aug,313,250,44,19.0,0.0,2025-8-20,2025-08-20,4,,,,0
2025,8,21,8,Aug,1361,1416,268,16.1,0.0,2025-8-21,2025-08-21,5,AnimeNYC,13.0,20.0,0
2025,8,22,10,Aug,935,1193,259,21.0,0.0,2025-8-22,2025-08-22,6,AnimeNYC,10.0,19.0,1
2025,8,26,6,Aug,517,653,65,17.8,0.0,2025-8-26,2025-08-26,3,,,,0
2025,8,21,0,Aug,724,494,108,15.9,0.0,2025-8-21,2025-08-21,5,AnimeNYC,13.0,20.0,0
2025,8,21,1,Aug,384,317,80,15.8,0.0,2025-8-21,2025-08-21,5,AnimeNYC,13.0,20.0,0
2025,8,21,13,Aug,991,961,177,20.6,0.0,2025-8-21,2025-08-21,5,AnimeNYC,13.0,20.0,1
2025,8,22,0,Aug,925,730,113,17.4,0.0,2025-8-22,2025-08-22,6,AnimeNYC,10.0,19.0,0
2025,8,23,1,Aug,1280,828,197,19.3,0.0,2025-8-23,2025-08-23,7,AnimeNYC,10.0,19.0,0
2025,8,23,18,Aug,1770,1693,388,24.6,0.0,2025-8-23,2025-08-23,7,AnimeNYC,10.0,19.0,1
2025,8,25,8,Aug,1105,1147,197,21.4,0.0,2025-8-25,2025-08-25,2,,,,0
2025,8,22,3,Aug,363,287,43,16.1,0.0,2025-8-22,2025-08-22,6,AnimeNYC,10.0,19.0,0
2025,8,23,13,Aug,1298,1321,286,27.6,0.0,2025-8-23,2025-08-23,7,AnimeNYC,10.0,19.0,1
2025,8,19,5,Aug,298,463,41,17.8,0.0,2025-8-19,2025-08-19,3,,,,0
2025,8,19,7,Aug,839,935,156,18.0,0.0,2025-8-19,2025-08-19,3,,,,0
2025,8,20,2,Aug,211,170,30,18.6,0.0,2025-8-20,2025-08-20,4,,,,0
2025,8,20,11,Aug,978,1051,153,21.8,0.0,2025-8-20,2025-08-20,4,,,,0
2025,8,17,21,Aug,1203,873,160,25.9,0.36,2025-8-17,2025-08-17,1,,,,0
2025,8,19,1,Aug,262,207,30,19.3,0.0,2025-8-19,2025-08-19,3,,,,0
2025,8,19,12,Aug,817,819,152,23.6,0.0,2025-8-19,2025-08-19,3,,,,0
2025,8,23,17,Aug,1674,1580,356,26.0,0.0,2025-8-23,2025-08-23,7,AnimeNYC,10.0,19.0,1
2025,8,25,7,Aug,810,802,122,19.9,0.0,2025-8-25,2025-08-25,2,,,,0
2025,8,25,11,Aug,921,847,146,26.8,0.0,2025-8-25,2025-08-25,2,,,,0
2025,8,26,1,Aug,376,227,44,22.0,0.0,2025-8-26,2025-08-26,3,,,,0
2025,8,26,7,Aug,771,852,116,17.7,0.0,2025-8-26,2025-08-26,3,,,,0
2025,8,26,8,Aug,1207,1255,220,18.8,0.0,2025-8-26,2025-08-26,3,,,,0
2025,8,17,20,Aug,1182,963,184,25.7,1.36,2025-8-17,2025-08-17,1,,,,0
2025,8,18,7,Aug,763,799,146,18.6,0.0,2025-8-18,2025-08-18,2,,,,0
2025,8,19,6,Aug,499,676,64,17.6,0.0,2025-8-19,2025-08-19,3,,,,0
2025,8,20,16,Aug,1432,1525,337,22.1,0.24,2025-8-20,2025-08-20,4,,,,0
2025,8,20,19,Aug,1687,1547,401,20.2,0.36,2025-8-20,2025-08-20,4,,,,0
2025,8,21,4,Aug,301,350,31,15.9,0.0,2025-8-21,2025-08-21,5,AnimeNYC,13.0,20.0,0
2025,8,21,5,Aug,368,468,66,16.2,0.0,2025-8-21,2025-08-21,5,AnimeNYC,13.0,20.0,0
2025,8,24,20,Aug,1183,1090,204,22.6,0.0,2025-8-24,2025-08-24,1,AnimeNYC,10.0,16.0,0
2025,8,26,0,Aug,602,399,66,22.8,0.0,2025-8-26,2025-08-26,3,,,,0
2025,8,18,2,Aug,220,177,27,19.6,0.0,2025-8-18,2025-08-18,2,,,,0
2025,8,18,11,Aug,795,765,154,20.7,0.0,2025-8-18,2025-08-18,2,,,,0
2025,8,19,8,Aug,1260,1387,243,19.4,0.0,2025-8-19,2025-08-19,3,,,,0
2025,8,20,12,Aug,990,1045,210,22.5,0.04,2025-8-20,2025-08-20,4,,,,0
2025,8,21,17,Aug,1481,1419,304,21.3,0.0,2025-8-21,2025-08-21,5,AnimeNYC,13.0,20.0,1
2025,8,22,9,Aug,1009,1219,257,19.0,0.0,2025-8-22,2025-08-22,6,AnimeNYC,10.0,19.0,0
2025,8,22,16,Aug,1250,1407,268,26.9,0.0,2025-8-22,2025-08-22,6,AnimeNYC,10.0,19.0,1
2025,8,24,15,Aug,1302,1117,237,25.7,0.0,2025-8-24,2025-08-24,1,AnimeNYC,10.0,16.0,1
2025,8,25,15,Aug,939,903,176,31.4,0.0,2025-8-25,2025-08-25,2,,,,0
2025,8,19,9,Aug,1151,1130,230,20.5,0.0,2025-8-19,2025-08-19,3,,,,0
2025,8,25,1,Aug,338,206,50,21.1,0.0,2025-8-25,2025-08-25,2,,,,0
2025,8,26,2,Aug,196,134,18,21.0,0.0,2025-8-26,2025-08-26,3,,,,0
2025,8,21,6,Aug,596,773,88,16.0,0.0,2025-8-21,2025-08-21,5,AnimeNYC,13.0,20.0,0
2025,8,21,15,Aug,983,1262,198,21.5,0.0,2025-8-21,2025-08-21,5,AnimeNYC,13.0,20.0,1
2025,8,21,16,Aug,1219,1363,235,21.7,0.0,2025-8-21,2025-08-21,5,AnimeNYC,13.0,20.0,1
2025,8,23,0,Aug,1627,1038,243,19.9,0.0,2025-8-23,2025-08-23,7,AnimeNYC,10.0,19.0,0
2025,8,23,16,Aug,1458,1521,303,27.2,0.0,2025-8-23,2025-08-23,7,AnimeNYC,10.0,19.0,1
2025,8,24,7,Aug,411,579,65,18.4,0.0,2025-8-24,2025-08-24,1,AnimeNYC,10.0,16.0,0
2025,8,17,19,Aug,1252,1034,234,26.4,1.58,2025-8-17,2025-08-17,1,,,,0
2025,8,18,9,Aug,1034,1072,163,19.0,0.0,2025-8-18,2025-08-18,2,,,,0
2025,8,18,22,Aug,1026,791,124,20.4,0.0,2025-8-18,2025-08-18,2,,,,0
2025,8,20,17,Aug,1529,1591,396,21.6,0.38,2025-8-20,2025-08-20,4,,,,0
2025,8,21,18,Aug,1489,1424,303,21.3,0.0,2025-8-21,2025-08-21,5,AnimeNYC,13.0,20.0,1
2025,8,25,5,Aug,370,413,44,19.6,0.0,2025-8-25,2025-08-25,2,,,,0
2025,8,20,6,Aug,513,715,69,19.1,0.0,2025-8-20,2025-08-20,4,,,,0
2025,8,22,2,Aug,496,290,49,16.5,0.0,2025-8-22,2025-08-22,6,AnimeNYC,10.0,19.0,0
2025,8,22,5,Aug,313,445,39,15.4,0.0,2025-8-22,2025-08-22,6,AnimeNYC,10.0,19.0,0
2025,8,24,12,Aug,1136,1278,253,25.9,0.06,2025-8-24,2025-08-24,1,AnimeNYC,10.0,16.0,1
2025,8,25,18,Aug,1106,1047,211,29.1,0.0,2025-8-25,2025-08-25,2,,,,0
2025,8,25,22,Aug,1113,903,118,24.9,0.0,2025-8-25,2025-08-25,2,,,,0
2025,8,18,1,Aug,329,262,40,21.3,0.0,2025-8-18,2025-08-18,2,,,,0
2025,8,18,6,Aug,548,623,72,18.5,0.0,2025-8-18,2025-08-18,2,,,,0
2025,8,21,10,Aug,909,1029,182,17.7,0.0,2025-8-21,2025-08-21,5,AnimeNYC,13.0,20.0,0
2025,8,25,10,Aug,954,841,152,25.3,0.0,2025-8-25,2025-08-25,2,,,,0
2025,8,25,19,Aug,1013,982,178,27.3,0.0,2025-8-25,2025-08-25,2,,,,0
2025,8,18,0,Aug,631,412,64,24.5,0.08,2025-8-18,2025-08-18,2,,,,0
2025,8,19,4,Aug,216,263,24,18.0,0.0,2025-8-19,2025-08-19,3,,,,0
2025,8,19,14,Aug,880,793,135,24.0,0.0,2025-8-19,2025-08-19,3,,,,0
2025,8,19,15,Aug,909,890,182,24.4,0.0,2025-8-19,2025-08-19,3,,,,0
2025,8,20,9,Aug,1195,1251,279,19.5,0.2,2025-8-20,2025-08-20,4,,,,0
2025,8,21,12,Aug,973,976,160,19.7,0.0,2025-8-21,2025-08-21,5,AnimeNYC,13.0,20.0,0
2025,8,22,13,Aug,1140,1128,241,25.5,0.0,2025-8-22,2025-08-22,6,AnimeNYC,10.0,19.0,1
2025,8,23,2,Aug,1212,692,144,18.8,0.0,2025-8-23,2025-08-23,7,AnimeNYC,10.0,19.0,0
2025,8,23,4,Aug,527,338,66,18.0,0.0,2025-8-23,2025-08-23,7,AnimeNYC,10.0,19.0,0
2025,8,24,8,Aug,619,800,117,20.2,0.0,2025-8-24,2025-08-24,1,AnimeNYC,10.0,16.0,0
2025,8,24,23,Aug,901,659,140,21.6,0.0,2025-8-24,2025-08-24,1,AnimeNYC,10.0,16.0,0
2025,8,18,23,Aug,736,532,97,19.9,0.0,2025-8-18,2025-08-18,2,,,,0
2025,8,22,7,Aug,708,941,122,15.4,0.0,2025-8-22,2025-08-22,6,AnimeNYC,10.0,19.0,0
2025,8,24,5,Aug,372,364,34,18.0,0.0,2025-8-24,2025-08-24,1,AnimeNYC,10.0,16.0,0
2025,8,25,2,Aug,261,170,37,20.6,0.0,2025-8-25,2025-08-25,2,,,,0
2025,8,19,16,Aug,1052,1102,201,24.4,0.0,2025-8-19,2025-08-19,3,,,,0
2025,8,19,17,Aug,1272,1207,230,23.9,0.0,2025-8-19,2025-08-19,3,,,,0
2025,8,19,20,Aug,1424,1114,197,20.7,0.0,2025-8-19,2025-08-19,3,,,,0
2025,8,21,21,Aug,1672,1260,248,19.0,0.0,2025-8-21,2025-08-21,5,AnimeNYC,13.0,20.0,0
2025,8,22,21,Aug,1713,1335,308,22.5,0.0,2025-8-22,2025-08-22,6,AnimeNYC,10.0,19.0,0
2025,8,23,3,Aug,900,463,114,18.4,0.0,2025-8-23,2025-08-23,7,AnimeNYC,10.0,19.0,0
2025,8,23,5,Aug,337,402,35,17.7,0.0,2025-8-23,2025-08-23,7,AnimeNYC,10.0,19.0,0
2025,8,23,12,Aug,1256,1459,293,26.6,0.0,2025-8-23,2025-08-23,7,AnimeNYC,10.0,19.0,1
2025,8,24,17,Aug,1549,1236,276,25.0,0.0,2025-8-24,2025-08-24,1,AnimeNYC,10.0,16.0,0
2025,8,25,9,Aug,1035,1021,177,24.0,0.0,2025-8-25,2025-08-25,2,,,,0
2025,8,25,20,Aug,1048,968,185,26.2,0.0,2025-8-25,2025-08-25,2,,,,0
2025,8,18,5,Aug,332,414,36,18.5,0.0,2025-8-18,2025-08-18,2,,,,0
2025,8,19,21,Aug,1464,1089,183,20.3,0.0,2025-8-19,2025-08-19,3,,,,0
2025,8,22,18,Aug,1671,1708,352,26.4,0.0,2025-8-22,2025-08-22,6,AnimeNYC,10.0,19.0,1
2025,8,24,16,Aug,1397,1235,274,25.5,0.0,2025-8-24,2025-08-24,1,AnimeNYC,10.0,16.0,0
2025,8,19,10,Aug,876,932,174,21.7,0.0,2025-8-19,2025-08-19,3,,,,0
2025,8,21,23,Aug,1252,946,162,17.9,0.0,2025-8-21,2025-08-21,5,AnimeNYC,13.0,20.0,0
2025,8,22,19,Aug,1734,1644,367,25.4,0.0,2025-8-22,2025-08-22,6,AnimeNYC,10.0,19.0,0
2025,8,23,22,Aug,1845,1544,273,21.0,0.0,2025-8-23,2025-08-23,7,AnimeNYC,10.0,19.0,0
2025,8,24,14,Aug,1215,1120,234,25.8,0.0,2025-8-24,2025-08-24,1,AnimeNYC,10.0,16.0,1
2025,8,24,21,Aug,1248,957,208,22.4,0.0,2025-8-24,2025-08-24,1,AnimeNYC,10.0,16.0,0
2025,8,19,13,Aug,866,804,130,23.7,0.0,2025-8-19,2025-08-19,3,,,,0
2025,8,21,3,Aug,251,200,35,15.8,0.0,2025-8-21,2025-08-21,5,AnimeNYC,13.0,20.0,0
2025,8,22,15,Aug,1170,1244,280,26.7,0.0,2025-8-22,2025-08-22,6,AnimeNYC,10.0,19.0,1
2025,8,23,11,Aug,1158,1570,283,25.1,0.0,2025-8-23,2025-08-23,7,AnimeNYC,10.0,19.0,1
2025,8,23,19,Aug,1753,1647,352,22.9,0.0,2025-8-23,2025-08-23,7,AnimeNYC,10.0,19.0,0
2025,8,23,21,Aug,1662,1292,302,21.3,0.0,2025-8-23,2025-08-23,7,AnimeNYC,10.0,19.0,0
2025,8,17,23,Aug,746,656,105,25.7,0.0,2025-8-17,2025-08-17,1,,,,0
2025,8,18,10,Aug,802,873,146,19.7,0.0,2025-8-18,2025-08-18,2,,,,0
2025,8,19,18,Aug,1384,1238,237,22.9,0.0,2025-8-19,2025-08-19,3,,,,0
2025,8,19,22,Aug,1270,848,188,19.9,0.0,2025-8-19,2025-08-19,3,,,,0
2025,8,24,19,Aug,1295,1078,198,23.5,0.0,2025-8-24,2025-08-24,1,AnimeNYC,10.0,16.0,0
2025,8,25,12,Aug,912,841,145,28.7,0.0,2025-8-25,2025-08-25,2,,,,0
2025,8,25,17,Aug,1044,1034,196,29.9,0.0,2025-8-25,2025-08-25,2,,,,0
2025,8,18,4,Aug,295,286,37,18.7,0.0,2025-8-18,2025-08-18,2,,,,0
2025,8,18,15,Aug,831,895,145,23.3,0.0,2025-8-18,2025-08-18,2,,,,0
2025,8,22,6,Aug,533,721,72,15.0,0.0,2025-8-22,2025-08-22,6,AnimeNYC,10.0,19.0,0
2025,8,22,22,Aug,1868,1420,294,21.1,0.0,2025-8-22,2025-08-22,6,AnimeNYC,10.0,19.0,0
2025,8,23,14,Aug,1293,1239,251,28.1,0.0,2025-8-23,2025-08-23,7,AnimeNYC,10.0,19.0,1
2025,8,24,3,Aug,973,473,120,18.6,0.0,2025-8-24,2025-08-24,1,AnimeNYC,10.0,16.0,0
2025,8,24,9,Aug,806,1134,184,22.0,0.0,2025-8-24,2025-08-24,1,AnimeNYC,10.0,16.0,0
2025,8,25,16,Aug,980,1008,182,30.2,0.0,2025-8-25,2025-08-25,2,,,,0
2025,8,18,8,Aug,1090,1232,190,19.0,0.0,2025-8-18,2025-08-18,2,,,,0
2025,8,20,4,Aug,236,282,33,18.7,0.0,2025-8-20,2025-08-20,4,,,,0
2025,8,21,2,Aug,306,201,40,15.7,0.0,2025-8-21,2025-08-21,5,AnimeNYC,13.0,20.0,0
2025,8,23,23,Aug,2001,1376,301,20.8,0.0,2025-8-23,2025-08-23,7,AnimeNYC,10.0,19.0,0
2025,8,17,22,Aug,1200,785,141,25.7,0.0,2025-8-17,2025-08-17,1,,,,0
2025,8,19,11,Aug,833,916,150,23.1,0.0,2025-8-19,2025-08-19,3,,,,0
2025,8,22,11,Aug,928,1263,225,22.9,0.0,2025-8-22,2025-08-22,6,AnimeNYC,10.0,19.0,1
2025,8,22,14,Aug,1064,1057,218,26.2,0.0,2025-8-22,2025-08-22,6,AnimeNYC,10.0,19.0,1
2025,8,22,17,Aug,1391,1472,352,26.8,0.0,2025-8-22,2025-08-22,6,AnimeNYC,10.0,19.0,1
2025,8,24,22,Aug,1208,873,158,22.0,0.0,2025-8-24,2025-08-24,1,AnimeNYC,10.0,16.0,0
2025,8,25,13,Aug,934,799,151,30.2,0.0,2025-8-25,2025-08-25,2,,,,0
2025,8,20,15,Aug,1126,1232,261,22.2,0.44,2025-8-20,2025-08-20,4,,,,0
2025,8,20,20,Aug,1552,1460,339,19.7,0.12,2025-8-20,2025-08-20,4,,,,0
2025,8,20,23,Aug,1055,877,170,15.8,0.0,2025-8-20,2025-08-20,4,,,,0
2025,8,21,22,Aug,1590,1148,192,18.4,0.0,2025-8-21,2025-08-21,5,AnimeNYC,13.0,20.0,0
2025,8,22,20,Aug,1604,1327,293,23.2,0.0,2025-8-22,2025-08-22,6,AnimeNYC,10.0,19.0,0
2025,8,23,7,Aug,461,696,72,17.7,0.0,2025-8-23,2025-08-23,7,AnimeNYC,10.0,19.0,0
2025,8,23,20,Aug,1618,1447,312,21.7,0.0,2025-8-23,2025-08-23,7,AnimeNYC,10.0,19.0,0
2025,8,26,9,Aug,1089,1084,202,20.5,0.0,2025-8-26,2025-08-26,3,,,,0
2025,8,18,21,Aug,1152,983,181,21.5,0.0,2025-8-18,2025-08-18,2,,,,0
2025,8,20,0,Aug,577,448,69,19.6,0.0,2025-8-20,2025-08-20,4,,,,0
2025,8,20,3,Aug,187,189,22,18.6,0.0,2025-8-20,2025-08-20,4,,,,0
2025,8,20,18,Aug,1608,1587,409,20.6,0.78,2025-8-20,2025-08-20,4,,,,0
2025,8,21,20,Aug,1725,1261,293,19.5,0.0,2025-8-21,2025-08-21,5,AnimeNYC,13.0,20.0,0
2025,8,26,4,Aug,220,230,20,19.3,0.0,2025-8-26,2025-08-26,3,,,,0
2025,8,20,7,Aug,875,1004,169,19.5,0.0,2025-8-20,2025-08-20,4,,,,0
2025,8,21,11,Aug,925,1067,198,19.6,0.0,2025-8-21,2025-08-21,5,AnimeNYC,13.0,20.0,0
2025,8,23,15,Aug,1318,1293,294,27.9,0.0,2025-8-23,2025-08-23,7,AnimeNYC,10.0,19.0,1
2025,8,24,10,Aug,969,1387,214,24.2,0.04,2025-8-24,2025-08-24,1,AnimeNYC,10.0,16.0,1
2025,8,24,13,Aug,1188,1184,249,26.4,0.04,2025-8-24,2025-08-24,1,AnimeNYC,10.0,16.0,1
2025,8,26,10,Aug,873,912,161,22.6,0.0,2025-8-26,2025-08-26,3,,,,0
2025,8,26,11,Aug,893,834,146,24.2,0.0,2025-8-26,2025-08-26,3,,,,0
2025,8,20,10,Aug,922,1084,208,20.1,0.1,2025-8-20,2025-08-20,4,,,,0
2025,8,23,9,Aug,812,1405,218,20.9,0.0,2025-8-23,2025-08-23,7,AnimeNYC,10.0,19.0,0
2025,8,24,2,Aug,1130,676,163,19.4,0.0,2025-8-24,2025-08-24,1,AnimeNYC,10.0,16.0,0
2025,8,25,21,Aug,1018,1022,169,25.8,0.0,2025-8-25,2025-08-25,2,,,,0
2025,8,18,13,Aug,902,848,145,22.0,0.0,2025-8-18,2025-08-18,2,,,,0
2025,8,18,14,Aug,831,830,142,22.4,0.0,2025-8-18,2025-08-18,2,,,,0
2025,8,18,19,Aug,1026,940,168,23.7,0.0,2025-8-18,2025-08-18,2,,,,0
2025,8,18,20,Aug,1169,938,187,22.6,0.0,2025-8-18,2025-08-18,2,,,,0
2025,8,20,5,Aug,324,393,41,18.9,0.0,2025-8-20,2025-08-20,4,,,,0
2025,8,23,6,Aug,421,637,67,17.4,0.0,2025-8-23,2025-08-23,7,AnimeNYC,10.0,19.0,0
2025,8,24,6,Aug,358,532,65,17.7,0.0,2025-8-24,2025-08-24,1,AnimeNYC,10.0,16.0,0
2025,8,24,18,Aug,1334,1051,269,24.4,0.0,2025-8-24,2025-08-24,1,AnimeNYC,10.0,16.0,0
2025,8,26,3,Aug,147,126,19,20.2,0.0,2025-8-26,2025-08-26,3,,,,0
2025,8,18,16,Aug,924,986,171,23.4,0.0,2025-8-18,2025-08-18,2,,,,0
2025,8,18,17,Aug,986,1047,191,23.4,0.0,2025-8-18,2025-08-18,2,,,,0
2025,8,18,18,Aug,1135,1021,204,23.6,0.0,2025-8-18,2025-08-18,2,,,,0
2025,8,20,8,Aug,1252,1358,242,19.8,0.0,2025-8-20,2025-08-20,4,,,,0
2025,8,20,21,Aug,1859,1548,414,16.1,0.1,2025-8-20,2025-08-20,4,,,,0
2025,8,21,9,Aug,1180,1290,258,15.6,0.06,2025-8-21,2025-08-21,5,AnimeNYC,13.0,20.0,0
2025,8,21,14,Aug,1022,1008,187,21.2,0.0,2025-8-21,2025-08-21,5,AnimeNYC,13.0,20.0,1
2025,8,21,19,Aug,1499,1296,253,20.8,0.0,2025-8-21,2025-08-21,5,AnimeNYC,13.0,20.0,1
2025,8,22,1,Aug,617,492,69,16.9,0.0,2025-8-22,2025-08-22,6,AnimeNYC,10.0,19.0,0
2025,8,25,0,Aug,604,402,78,21.3,0.0,2025-8-25,2025-08-25,2,,,,0
2025,8,25,23,Aug,837,648,98,23.9,0.0,2025-8-25,2025-08-25,2,,,,0
2023,11,5,3,Nov,776,437,99,7.6,0.0,2023-11-5,2023-11-05,1,,,,0
2023,11,6,23,Nov,1081,767,128,10.3,0.0,2023-11-6,2023-11-06,2,,,,0
2023,11,7,4,Nov,298,276,31,11.2,0.18,2023-11-7,2023-11-07,3,,,,0
2023,11,4,4,Nov,670,420,79,5.1,0.0,2023-11-4,2023-11-04,7,,,,0
2023,11,6,17,Nov,1431,1621,301,11.1,0.0,2023-11-6,2023-11-06,2,,,,0
2023,11,8,21,Nov,2435,1633,299,6.3,0.0,2023-11-8,2023-11-08,4,,,,0
2023,11,8,23,Nov,1512,1127,204,4.8,0.0,2023-11-8,2023-11-08,4,,,,0
2023,11,9,5,Nov,454,538,52,3.3,0.0,2023-11-9,2023-11-09,5,,,,0
2023,11,9,6,Nov,765,881,101,4.2,0.0,2023-11-9,2023-11-09,5,,,,0
2023,11,2,12,Nov,1097,1090,172,8.0,0.0,2023-11-2,2023-11-02,5,,,,0
2023,11,6,12,Nov,948,971,141,10.8,0.0,2023-11-6,2023-11-06,2,,,,0
2023,11,6,22,Nov,1540,986,181,9.8,0.0,2023-11-6,2023-11-06,2,,,,0
2023,11,7,10,Nov,1020,1004,171,13.0,0.0,2023-11-7,2023-11-07,3,,,,0
2023,11,7,14,Nov,1048,1129,187,18.9,0.0,2023-11-7,2023-11-07,3,,,,0
2023,11,9,9,Nov,1402,1468,308,10.0,0.0,2023-11-9,2023-11-09,5,,,,0
2023,11,1,1,Nov,980,577,125,7.6,0.0,2023-11-1,2023-11-01,4,,,,0
2023,11,1,2,Nov,858,342,90,7.6,0.1,2023-11-1,2023-11-01,4,,,,0
2023,11,1,9,Nov,1316,1522,283,5.9,0.2,2023-11-1,2023-11-01,4,,,,0
2023,11,2,0,Nov,831,564,118,2.9,0.0,2023-11-2,2023-11-02,5,,,,0
2023,11,2,3,Nov,249,195,32,1.4,0.0,2023-11-2,2023-11-02,5,,,,0
2023,11,2,23,Nov,1706,1256,214,4.2,0.0,2023-11-2,2023-11-02,5,,,,0
2023,11,4,20,Nov,1811,1886,319,8.6,0.0,2023-11-4,2023-11-04,7,,,,0
2023,11,7,17,Nov,1834,1841,329,18.9,0.0,2023-11-7,2023-11-07,3,,,,0
2023,11,8,2,Nov,258,183,27,9.2,0.0,2023-11-8,2023-11-08,4,,,,0
2023,11,8,4,Nov,281,305,25,7.6,0.0,2023-11-8,2023-11-08,4,,,,0
2023,11,2,21,Nov,2385,1786,279,4.4,0.0,2023-11-2,2023-11-02,5,,,,0
2023,11,3,9,Nov,1101,1338,225,4.0,0.0,2023-11-3,2023-11-03,6,,,,0
2023,11,6,7,Nov,1113,1100,139,4.4,0.0,2023-11-6,2023-11-06,2,,,,0
2023,11,8,1,Nov,403,263,44,10.1,0.0,2023-11-8,2023-11-08,4,,,,0
2023,11,8,8,Nov,1582,1687,344,4.9,0.0,2023-11-8,2023-11-08,4,,,,0
2023,11,1,5,Nov,467,436,65,6.6,0.4,2023-11-1,2023-11-01,4,,,,0
2023,11,1,6,Nov,776,836,93,6.6,0.1,2023-11-1,2023-11-01,4,,,,0
2023,11,2,10,Nov,1000,1233,202,5.2,0.0,2023-11-2,2023-11-02,5,,,,0
2023,11,2,18,Nov,2141,2290,473,6.3,0.0,2023-11-2,2023-11-02,5,,,,0
2023,11,5,11,Nov,1140,1065,183,12.5,0.0,2023-11-5,2023-11-05,1,,,,0
2023,11,5,15,Nov,1205,1332,212,16.7,0.0,2023-11-5,2023-11-05,1,,,,0
2023,11,1,0,Nov,1093,917,207,7.9,0.0,2023-11-1,2023-11-01,4,,,,0
2023,11,2,8,Nov,1557,1718,313,0.7,0.0,2023-11-2,2023-11-02,5,,,,0
2023,11,3,16,Nov,1522,1660,279,13.0,0.0,2023-11-3,2023-11-03,6,,,,0
2023,11,4,1,Nov,1545,1099,205,5.6,0.0,2023-11-4,2023-11-04,7,,,,0
2023,11,5,7,Nov,527,543,59,4.7,0.0,2023-11-5,2023-11-05,1,,,,0
2023,11,5,10,Nov,1068,1063,161,11.2,0.0,2023-11-5,2023-11-05,1,,,,0
2023,11,6,9,Nov,1113,1149,200,6.1,0.0,2023-11-6,2023-11-06,2,,,,0
2023,11,6,20,Nov,1469,1257,221,7.6,0.0,2023-11-6,2023-11-06,2,,,,0
2023,11,8,6,Nov,716,928,124,6.2,0.0,2023-11-8,2023-11-08,4,,,,0
2023,11,9,3,Nov,484,229,50,3.1,0.0,2023-11-9,2023-11-09,5,,,,0
2023,11,1,4,Nov,579,343,51,6.9,0.54,2023-11-1,2023-11-01,4,,,,0
2023,11,3,2,Nov,615,349,70,3.0,0.0,2023-11-3,2023-11-03,6,,,,0
2023,11,3,8,Nov,1241,1294,219,1.6,0.0,2023-11-3,2023-11-03,6,,,,0
2023,11,3,18,Nov,2260,2175,404,9.3,0.0,2023-11-3,2023-11-03,6,,,,0
2023,11,4,0,Nov,1969,1551,296,5.8,0.0,2023-11-4,2023-11-04,7,,,,0
2023,11,4,19,Nov,1941,2293,343,10.2,0.0,2023-11-4,2023-11-04,7,,,,0
2023,11,7,0,Nov,982,464,86,10.6,0.0,2023-11-7,2023-11-07,3,,,,0
2023,11,7,3,Nov,164,167,27,10.8,0.0,2023-11-7,2023-11-07,3,,,,0
2023,11,7,21,Nov,2090,1452,262,13.9,0.0,2023-11-7,2023-11-07,3,,,,0
2023,11,8,22,Nov,2283,1416,290,5.4,0.0,2023-11-8,2023-11-08,4,,,,0
2023,11,1,13,Nov,965,961,196,8.1,0.06,2023-11-1,2023-11-01,4,,,,0
2023,11,2,11,Nov,1201,1098,187,6.8,0.0,2023-11-2,2023-11-02,5,,,,0
2023,11,8,17,Nov,1968,1863,422,8.9,0.0,2023-11-8,2023-11-08,4,,,,0
2023,11,1,19,Nov,1787,1770,335,6.0,0.0,2023-11-1,2023-11-01,4,,,,0
2023,11,1,22,Nov,2046,1219,245,4.3,0.0,2023-11-1,2023-11-01,4,,,,0
2023,11,2,7,Nov,1190,1293,210,0.2,0.0,2023-11-2,2023-11-02,5,,,,0
2023,11,2,19,Nov,2177,1852,389,5.2,0.0,2023-11-2,2023-11-02,5,,,,0
2023,11,3,11,Nov,1159,1267,200,9.1,0.0,2023-11-3,2023-11-03,6,,,,0
2023,11,5,6,Nov,566,547,49,5.2,0.0,2023-11-5,2023-11-05,1,,,,0
2023,11,5,21,Nov,1483,1232,198,10.1,0.0,2023-11-5,2023-11-05,1,,,,0
2023,11,6,10,Nov,1007,1040,176,7.9,0.0,2023-11-6,2023-11-06,2,,,,0
2023,11,7,2,Nov,224,182,32,11.0,0.0,2023-11-7,2023-11-07,3,,,,0
2023,11,8,0,Nov,731,501,85,11.0,0.0,2023-11-8,2023-11-08,4,,,,0
2023,11,9,4,Nov,397,350,29,3.2,0.0,2023-11-9,2023-11-09,5,,,,0
2023,11,1,7,Nov,1174,1074,177,6.4,0.1,2023-11-1,2023-11-01,4,,,,0
2023,11,2,15,Nov,1456,1287,223,9.7,0.0,2023-11-2,2023-11-02,5,,,,0
2023,11,3,7,Nov,1014,1059,156,0.8,0.0,2023-11-3,2023-11-03,6,,,,0
2023,11,3,20,Nov,2028,1841,358,8.3,0.0,2023-11-3,2023-11-03,6,,,,0
2023,11,3,21,Nov,1990,1606,304,8.0,0.0,2023-11-3,2023-11-03,6,,,,0
2023,11,4,15,Nov,1606,1531,293,14.6,0.0,2023-11-4,2023-11-04,7,,,,0
2023,11,5,8,Nov,698,720,97,5.2,0.0,2023-11-5,2023-11-05,1,,,,0
2023,11,6,8,Nov,1317,1352,223,4.1,0.0,2023-11-6,2023-11-06,2,,,,0
2023,11,7,1,Nov,408,221,44,11.0,0.0,2023-11-7,2023-11-07,3,,,,0
2023,11,8,19,Nov,1999,1823,394,6.2,0.0,2023-11-8,2023-11-08,4,,,,0
2023,11,1,14,Nov,1078,1062,207,9.7,0.0,2023-11-1,2023-11-01,4,,,,0
2023,11,1,16,Nov,1188,1309,240,9.4,0.0,2023-11-1,2023-11-01,4,,,,0
2023,11,2,17,Nov,1837,2070,374,8.8,0.0,2023-11-2,2023-11-02,5,,,,0
2023,11,4,13,Nov,1699,1638,317,13.9,0.0,2023-11-4,2023-11-04,7,,,,0
2023,11,8,5,Nov,385,476,54,6.9,0.0,2023-11-8,2023-11-08,4,,,,0
2023,11,8,20,Nov,2159,1607,341,5.7,0.0,2023-11-8,2023-11-08,4,,,,0
2023,11,1,12,Nov,958,938,190,6.5,0.08,2023-11-1,2023-11-01,4,,,,0
2023,11,4,14,Nov,1673,1444,296,14.2,0.0,2023-11-4,2023-11-04,7,,,,0
2023,11,5,18,Nov,1543,1785,274,13.6,0.0,2023-11-5,2023-11-05,1,,,,0
2023,11,7,6,Nov,698,841,102,11.2,0.0,2023-11-7,2023-11-07,3,,,,0
2023,11,9,2,Nov,471,223,55,3.2,0.0,2023-11-9,2023-11-09,5,,,,0
2023,11,4,10,Nov,1387,1595,254,8.9,0.0,2023-11-4,2023-11-04,7,,,,0
2023,11,5,14,Nov,1245,1225,237,15.6,0.0,2023-11-5,2023-11-05,1,,,,0
2023,11,5,19,Nov,1730,1782,294,12.1,0.0,2023-11-5,2023-11-05,1,,,,0
2023,11,6,4,Nov,360,312,30,5.2,0.0,2023-11-6,2023-11-06,2,,,,0
2023,11,8,10,Nov,1011,1323,230,6.8,0.0,2023-11-8,2023-11-08,4,,,,0
2023,10,31,23,Oct,1224,1219,222,8.3,0.1,2023-10-31,2023-10-31,3,,,,0
2023,11,3,1,Nov,770,478,97,3.5,0.0,2023-11-3,2023-11-03,6,,,,0
2023,11,3,4,Nov,377,383,41,1.7,0.0,2023-11-3,2023-11-03,6,,,,0
2023,11,4,5,Nov,320,425,38,4.9,0.0,2023-11-4,2023-11-04,7,,,,0
2023,11,5,23,Nov,1518,701,131,8.4,0.0,2023-11-5,2023-11-05,1,,,,0
2023,11,7,16,Nov,1174,1442,258,20.2,0.0,2023-11-7,2023-11-07,3,,,,0
2023,11,2,4,Nov,280,313,36,0.9,0.0,2023-11-2,2023-11-02,5,,,,0
2023,11,3,17,Nov,1788,1814,355,11.9,0.0,2023-11-3,2023-11-03,6,,,,0
2023,11,4,23,Nov,2501,1870,347,9.2,0.0,2023-11-4,2023-11-04,7,,,,0
2023,11,6,21,Nov,1870,1208,254,9.0,0.0,2023-11-6,2023-11-06,2,,,,0
2023,11,5,5,Nov,662,355,47,7.5,0.0,2023-11-5,2023-11-05,1,,,,0
2023,11,5,13,Nov,1192,1205,211,13.9,0.0,2023-11-5,2023-11-05,1,,,,0
2023,11,5,17,Nov,1592,1497,232,15.3,0.0,2023-11-5,2023-11-05,1,,,,0
2023,11,5,22,Nov,1557,1041,204,9.3,0.0,2023-11-5,2023-11-05,1,,,,0
2023,11,6,2,Nov,250,141,25,5.6,0.0,2023-11-6,2023-11-06,2,,,,0
2023,11,8,13,Nov,1145,976,193,8.9,0.0,2023-11-8,2023-11-08,4,,,,0
2023,11,8,16,Nov,1441,1402,302,9.5,0.0,2023-11-8,2023-11-08,4,,,,0
2023,11,2,20,Nov,2149,1805,368,4.2,0.0,2023-11-2,2023-11-02,5,,,,0
2023,11,4,11,Nov,1598,1737,285,10.8,0.0,2023-11-4,2023-11-04,7,,,,0
2023,11,4,12,Nov,1707,1721,317,12.8,0.0,2023-11-4,2023-11-04,7,,,,0
2023,11,6,13,Nov,1043,935,157,11.7,0.04,2023-11-6,2023-11-06,2,,,,0
2023,11,3,10,Nov,1021,1265,206,6.6,0.0,2023-11-3,2023-11-03,6,,,,0
2023,11,4,6,Nov,384,737,54,4.1,0.0,2023-11-4,2023-11-04,7,,,,0
2023,11,5,2,Nov,1075,626,134,7.9,0.0,2023-11-5,2023-11-05,1,,,,0
2023,11,6,5,Nov,463,567,60,5.1,0.0,2023-11-6,2023-11-06,2,,,,0
2023,11,6,16,Nov,1318,1274,226,12.1,0.0,2023-11-6,2023-11-06,2,,,,0
2023,11,7,8,Nov,1493,1624,304,11.7,2.58,2023-11-7,2023-11-07,3,,,,0
2023,11,8,7,Nov,1259,1413,279,5.5,0.0,2023-11-8,2023-11-08,4,,,,0
2023,11,9,8,Nov,1568,1764,355,8.9,0.0,2023-11-9,2023-11-09,5,,,,0
2023,11,1,20,Nov,1884,1638,299,5.3,0.0,2023-11-1,2023-11-01,4,,,,0
2023,11,1,21,Nov,2217,1525,260,4.8,0.0,2023-11-1,2023-11-01,4,,,,0
2023,11,3,6,Nov,748,849,105,0.9,0.0,2023-11-3,2023-11-03,6,,,,0
2023,11,3,13,Nov,1337,1196,194,11.9,0.0,2023-11-3,2023-11-03,6,,,,0
2023,11,4,3,Nov,969,585,131,5.4,0.0,2023-11-4,2023-11-04,7,,,,0
2023,11,4,22,Nov,2400,1823,292,8.7,0.0,2023-11-4,2023-11-04,7,,,,0
2023,11,7,18,Nov,2024,2056,394,16.7,0.0,2023-11-7,2023-11-07,3,,,,0
2023,11,9,0,Nov,1027,646,148,4.3,0.0,2023-11-9,2023-11-09,5,,,,0
2023,11,3,12,Nov,1259,1189,225,10.7,0.0,2023-11-3,2023-11-03,6,,,,0
2023,11,3,23,Nov,2389,1806,340,6.2,0.0,2023-11-3,2023-11-03,6,,,,0
2023,11,7,5,Nov,373,494,68,11.4,0.04,2023-11-7,2023-11-07,3,,,,0
2023,11,8,14,Nov,1232,1117,193,9.4,0.0,2023-11-8,2023-11-08,4,,,,0
2023,11,8,18,Nov,2022,2096,444,7.3,0.0,2023-11-8,2023-11-08,4,,,,0
2023,11,3,3,Nov,434,253,51,2.3,0.0,2023-11-3,2023-11-03,6,,,,0
2023,11,4,17,Nov,1781,1831,327,13.7,0.0,2023-11-4,2023-11-04,7,,,,0
2023,11,6,18,Nov,1566,1939,311,8.8,0.0,2023-11-6,2023-11-06,2,,,,0
2023,11,1,8,Nov,1663,1558,312,6.0,0.3,2023-11-1,2023-11-01,4,,,,0
2023,11,4,16,Nov,1813,1626,302,14.9,0.0,2023-11-4,2023-11-04,7,,,,0
2023,11,1,17,Nov,1709,1663,329,8.2,0.0,2023-11-1,2023-11-01,4,,,,0
2023,11,2,6,Nov,720,861,92,0.3,0.0,2023-11-2,2023-11-02,5,,,,0
2023,11,3,0,Nov,1141,777,125,3.8,0.0,2023-11-3,2023-11-03,6,,,,0
2023,11,4,18,Nov,2147,2055,344,11.6,0.0,2023-11-4,2023-11-04,7,,,,0
2023,11,5,9,Nov,913,944,142,8.7,0.0,2023-11-5,2023-11-05,1,,,,0
2023,11,5,20,Nov,1392,1458,259,10.4,0.0,2023-11-5,2023-11-05,1,,,,0
2023,11,1,18,Nov,1861,1973,376,7.0,0.0,2023-11-1,2023-11-01,4,,,,0
2023,11,4,21,Nov,1948,1618,300,7.9,0.0,2023-11-4,2023-11-04,7,,,,0
2023,11,5,1,Nov,3136,2158,379,8.5,0.0,2023-11-5,2023-11-05,1,,,,0
2023,11,7,12,Nov,951,922,180,15.2,0.0,2023-11-7,2023-11-07,3,,,,0
2023,11,9,1,Nov,610,382,90,3.8,0.0,2023-11-9,2023-11-09,5,,,,0
2023,11,1,11,Nov,1051,1057,173,5.5,0.18,2023-11-1,2023-11-01,4,,,,0
2023,11,1,23,Nov,1165,1011,144,3.6,0.0,2023-11-1,2023-11-01,4,,,,0
2023,11,3,15,Nov,1471,1390,288,13.1,0.0,2023-11-3,2023-11-03,6,,,,0
2023,11,3,22,Nov,2507,1836,358,7.1,0.0,2023-11-3,2023-11-03,6,,,,0
2023,11,5,0,Nov,2054,1565,247,8.2,0.0,2023-11-5,2023-11-05,1,,,,0
2023,11,6,6,Nov,806,875,95,4.5,0.0,2023-11-6,2023-11-06,2,,,,0
2023,11,6,15,Nov,1155,1180,181,12.1,0.0,2023-11-6,2023-11-06,2,,,,0
2023,11,6,19,Nov,1370,1400,290,7.7,0.0,2023-11-6,2023-11-06,2,,,,0
2023,11,7,13,Nov,1006,1058,158,16.8,0.0,2023-11-7,2023-11-07,3,,,,0
2023,11,7,19,Nov,1698,1635,284,15.3,0.0,2023-11-7,2023-11-07,3,,,,0
2023,11,7,23,Nov,1329,817,147,11.9,0.0,2023-11-7,2023-11-07,3,,,,0
2023,11,8,9,Nov,1274,1549,284,6.3,0.0,2023-11-8,2023-11-08,4,,,,0
2023,11,2,2,Nov,369,192,54,1.9,0.0,2023-11-2,2023-11-02,5,,,,0
2023,11,6,1,Nov,324,223,40,6.4,0.0,2023-11-6,2023-11-06,2,,,,0
2023,11,7,9,Nov,1212,1326,241,12.1,0.04,2023-11-7,2023-11-07,3,,,,0
2023,11,7,20,Nov,1870,1453,303,14.6,0.0,2023-11-7,2023-11-07,3,,,,0
2023,11,8,11,Nov,1118,1246,233,7.4,0.0,2023-11-8,2023-11-08,4,,,,0
2023,11,2,9,Nov,1322,1514,284,3.2,0.0,2023-11-2,2023-11-02,5,,,,0
2023,11,2,13,Nov,1137,1127,183,9.0,0.0,2023-11-2,2023-11-02,5,,,,0
2023,11,2,14,Nov,1178,1265,204,9.4,0.0,2023-11-2,2023-11-02,5,,,,0
2023,11,3,5,Nov,394,571,45,1.4,0.0,2023-11-3,2023-11-03,6,,,,0
2023,11,3,19,Nov,2297,2177,456,8.5,0.0,2023-11-3,2023-11-03,6,,,,0
2023,11,5,12,Nov,1244,1197,210,12.7,0.0,2023-11-5,2023-11-05,1,,,,0
2023,11,8,15,Nov,1340,1316,229,9.7,0.0,2023-11-8,2023-11-08,4,,,,0
2023,11,4,2,Nov,1312,860,194,5.7,0.0,2023-11-4,2023-11-04,7,,,,0
2023,11,4,8,Nov,825,1206,179,4.3,0.0,2023-11-4,2023-11-04,7,,,,0
2023,11,6,11,Nov,1019,1003,157,9.5,0.0,2023-11-6,2023-11-06,2,,,,0
2023,11,1,3,Nov,728,274,79,7.4,0.4,2023-11-1,2023-11-01,4,,,,0
2023,11,1,10,Nov,1084,1130,192,4.9,0.4,2023-11-1,2023-11-01,4,,,,0
2023,11,2,16,Nov,1365,1552,254,9.5,0.0,2023-11-2,2023-11-02,5,,,,0
2023,11,3,14,Nov,1450,1348,246,12.7,0.0,2023-11-3,2023-11-03,6,,,,0
2023,11,4,7,Nov,574,882,104,3.9,0.0,2023-11-4,2023-11-04,7,,,,0
2023,11,4,9,Nov,1031,1465,256,6.6,0.0,2023-11-4,2023-11-04,7,,,,0
2023,11,5,16,Nov,1486,1515,255,17.0,0.0,2023-11-5,2023-11-05,1,,,,0
2023,11,6,0,Nov,655,409,84,7.4,0.0,2023-11-6,2023-11-06,2,,,,0
2023,11,6,3,Nov,248,192,22,5.3,0.0,2023-11-6,2023-11-06,2,,,,0
2023,11,7,7,Nov,1123,1079,189,11.4,1.72,2023-11-7,2023-11-07,3,,,,0
2023,11,7,11,Nov,1046,1018,152,14.0,0.0,2023-11-7,2023-11-07,3,,,,0
2023,11,7,15,Nov,1172,1133,205,19.8,0.0,2023-11-7,2023-11-07,3,,,,0
2023,11,8,3,Nov,206,174,27,8.5,0.0,2023-11-8,2023-11-08,4,,,,0
2023,11,8,12,Nov,1032,1030,174,8.3,0.0,2023-11-8,2023-11-08,4,,,,0
2023,11,9,7,Nov,1293,1320,264,5.7,0.0,2023-11-9,2023-11-09,5,,,,0
2023,11,1,15,Nov,1237,1132,198,9.0,0.22,2023-11-1,2023-11-01,4,,,,0
2023,11,2,1,Nov,462,303,70,2.4,0.0,2023-11-2,2023-11-02,5,,,,0
2023,11,2,5,Nov,370,610,56,0.4,0.0,2023-11-2,2023-11-02,5,,,,0
2023,11,2,22,Nov,2266,1592,319,4.6,0.0,2023-11-2,2023-11-02,5,,,,0
2023,11,5,4,Nov,689,348,53,6.5,0.0,2023-11-5,2023-11-05,1,,,,0
2023,11,6,14,Nov,1028,1092,169,12.0,0.0,2023-11-6,2023-11-06,2,,,,0
2023,11,7,22,Nov,1964,1165,206,12.7,0.0,2023-11-7,2023-11-07,3,,,,0
2023,11,9,17,Nov,1699,1713,365,14.2,0.0,2023-11-9,2023-11-09,5,,,,0
2023,11,10,3,Nov,556,291,62,6.5,0.0,2023-11-10,2023-11-10,6,,,,0
2023,11,12,16,Nov,1693,1505,331,7.2,0.0,2023-11-12,2023-11-12,1,,,,0
2023,11,13,16,Nov,1468,1242,261,8.8,0.0,2023-11-13,2023-11-13,2,,,,0
2023,11,17,5,Nov,520,587,49,5.0,0.0,2023-11-17,2023-11-17,6,AnimeNYC,14.0,20.0,0
2023,11,18,5,Nov,462,456,36,12.1,0.26,2023-11-18,2023-11-18,7,AnimeNYC,10.0,19.0,0
2023,11,11,0,Nov,2132,1621,303,5.6,0.0,2023-11-11,2023-11-11,7,,,,0
2023,11,11,12,Nov,1406,1377,287,11.3,0.0,2023-11-11,2023-11-11,7,,,,0
2023,11,15,12,Nov,960,1025,177,8.6,0.0,2023-11-15,2023-11-15,4,,,,0
2023,11,15,20,Nov,2176,1645,340,6.8,0.0,2023-11-15,2023-11-15,4,,,,0
2023,11,11,14,Nov,1370,1510,264,11.9,0.0,2023-11-11,2023-11-11,7,,,,0
2023,11,14,0,Nov,546,459,90,2.1,0.0,2023-11-14,2023-11-14,3,,,,0
2023,11,14,20,Nov,2102,1583,308,4.7,0.0,2023-11-14,2023-11-14,3,,,,0
2023,11,14,23,Nov,1338,889,138,3.5,0.0,2023-11-14,2023-11-14,3,,,,0
2023,11,18,0,Nov,2064,1532,276,13.3,0.0,2023-11-18,2023-11-18,7,AnimeNYC,10.0,19.0,0
2023,11,18,6,Nov,546,764,76,12.2,0.2,2023-11-18,2023-11-18,7,AnimeNYC,10.0,19.0,0
2023,11,9,23,Nov,1780,1319,245,8.7,0.0,2023-11-9,2023-11-09,5,,,,0
2023,11,14,13,Nov,1031,1021,187,11.0,0.0,2023-11-14,2023-11-14,3,,,,0
2023,11,15,10,Nov,1216,1160,246,5.1,0.0,2023-11-15,2023-11-15,4,,,,0
2023,11,15,17,Nov,1604,1810,356,9.8,0.0,2023-11-15,2023-11-15,4,,,,0
2023,11,10,9,Nov,1268,1338,259,8.9,0.0,2023-11-10,2023-11-10,6,,,,0
2023,11,11,15,Nov,1513,1768,289,11.5,0.0,2023-11-11,2023-11-11,7,,,,0
2023,11,11,20,Nov,1946,2040,385,6.9,0.0,2023-11-11,2023-11-11,7,,,,0
2023,11,14,2,Nov,280,166,38,2.6,0.0,2023-11-14,2023-11-14,3,,,,0
2023,11,12,0,Nov,2519,1758,359,3.3,0.0,2023-11-12,2023-11-12,1,,,,0
2023,11,12,10,Nov,1177,1956,274,3.7,0.0,2023-11-12,2023-11-12,1,,,,0
2023,11,13,3,Nov,210,188,38,-0.4,0.0,2023-11-13,2023-11-13,2,,,,0
2023,11,14,17,Nov,1900,1956,396,9.3,0.0,2023-11-14,2023-11-14,3,,,,0
2023,11,16,7,Nov,1281,1227,190,2.9,0.0,2023-11-16,2023-11-16,5,,,,0
2023,11,17,11,Nov,1209,1209,210,13.8,0.0,2023-11-17,2023-11-17,6,AnimeNYC,14.0,20.0,0
2023,11,17,22,Nov,2583,1774,364,14.3,0.0,2023-11-17,2023-11-17,6,AnimeNYC,14.0,20.0,0
2023,11,18,1,Nov,1781,1238,225,13.1,0.0,2023-11-18,2023-11-18,7,AnimeNYC,10.0,19.0,0
2023,11,10,6,Nov,743,792,96,7.7,0.0,2023-11-10,2023-11-10,6,,,,0
2023,11,10,14,Nov,1290,1348,241,10.5,0.1,2023-11-10,2023-11-10,6,,,,0
2023,11,14,9,Nov,1302,1412,281,7.0,0.0,2023-11-14,2023-11-14,3,,,,0
2023,11,14,10,Nov,1083,1128,187,9.2,0.0,2023-11-14,2023-11-14,3,,,,0
2023,11,15,11,Nov,1156,1131,159,7.0,0.0,2023-11-15,2023-11-15,4,,,,0
2023,11,16,3,Nov,408,199,51,5.1,0.0,2023-11-16,2023-11-16,5,,,,0
2023,11,17,0,Nov,1208,951,140,6.9,0.0,2023-11-17,2023-11-17,6,AnimeNYC,14.0,20.0,0
2023,11,17,23,Nov,2748,1836,334,13.7,0.0,2023-11-17,2023-11-17,6,AnimeNYC,14.0,20.0,0
2023,11,9,13,Nov,1197,1069,182,14.3,0.04,2023-11-9,2023-11-09,5,,,,0
2023,11,9,15,Nov,1375,1235,222,14.2,0.0,2023-11-9,2023-11-09,5,,,,0
2023,11,12,3,Nov,1335,723,154,1.6,0.0,2023-11-12,2023-11-12,1,,,,0
2023,11,12,11,Nov,1400,1963,318,4.9,0.0,2023-11-12,2023-11-12,1,,,,0
2023,11,13,0,Nov,705,514,90,0.7,0.0,2023-11-13,2023-11-13,2,,,,0
2023,11,13,11,Nov,1030,1220,207,5.0,0.0,2023-11-13,2023-11-13,2,,,,0
2023,11,14,21,Nov,2080,1567,258,4.4,0.0,2023-11-14,2023-11-14,3,,,,0
2023,11,15,4,Nov,314,316,35,0.6,0.0,2023-11-15,2023-11-15,4,,,,0
2023,11,16,17,Nov,1777,1956,359,14.5,0.0,2023-11-16,2023-11-16,5,,,,0
2023,11,17,12,Nov,1226,1283,209,16.0,0.0,2023-11-17,2023-11-17,6,AnimeNYC,14.0,20.0,0
2023,11,9,12,Nov,1124,1100,200,15.1,0.0,2023-11-9,2023-11-09,5,,,,0
2023,11,10,2,Nov,652,407,92,6.7,0.0,2023-11-10,2023-11-10,6,,,,0
2023,11,13,6,Nov,774,899,90,-1.3,0.0,2023-11-13,2023-11-13,2,,,,0
2023,11,13,15,Nov,1463,1217,259,8.7,0.0,2023-11-13,2023-11-13,2,,,,0
2023,11,14,12,Nov,922,935,191,10.9,0.0,2023-11-14,2023-11-14,3,,,,0
2023,11,15,0,Nov,719,515,70,3.0,0.0,2023-11-15,2023-11-15,4,,,,0
2023,11,16,4,Nov,418,323,45,4.8,0.0,2023-11-16,2023-11-16,5,,,,0
2023,11,16,18,Nov,1985,2261,401,11.1,0.0,2023-11-16,2023-11-16,5,,,,0
2023,11,18,12,Nov,1536,1830,283,10.7,0.0,2023-11-18,2023-11-18,7,AnimeNYC,10.0,19.0,1
2023,11,9,19,Nov,2112,1918,357,11.6,0.0,2023-11-9,2023-11-09,5,,,,0
2023,11,10,21,Nov,2063,1950,363,6.5,0.0,2023-11-10,2023-11-10,6,,,,0
2023,11,11,4,Nov,734,452,72,5.3,0.0,2023-11-11,2023-11-11,7,,,,0
2023,11,12,9,Nov,893,1671,255,2.0,0.0,2023-11-12,2023-11-12,1,,,,0
2023,11,12,17,Nov,1812,1613,418,6.5,0.0,2023-11-12,2023-11-12,1,,,,0
2023,11,14,8,Nov,1697,1657,370,4.3,0.0,2023-11-14,2023-11-14,3,,,,0
2023,11,14,16,Nov,1325,1348,296,10.2,0.0,2023-11-14,2023-11-14,3,,,,0
2023,11,18,7,Nov,584,860,83,12.3,0.0,2023-11-18,2023-11-18,7,AnimeNYC,10.0,19.0,0
2023,11,12,13,Nov,1539,1633,304,6.3,0.0,2023-11-12,2023-11-12,1,,,,0
2023,11,14,22,Nov,2250,1263,272,3.9,0.0,2023-11-14,2023-11-14,3,,,,0
2023,11,16,0,Nov,1043,677,151,6.2,0.0,2023-11-16,2023-11-16,5,,,,0
2023,11,17,14,Nov,1265,1480,260,18.6,0.0,2023-11-17,2023-11-17,6,AnimeNYC,14.0,20.0,1
2023,11,17,19,Nov,2163,1986,441,14.4,0.0,2023-11-17,2023-11-17,6,AnimeNYC,14.0,20.0,1
2023,11,18,11,Nov,1569,1869,293,11.2,0.1,2023-11-18,2023-11-18,7,AnimeNYC,10.0,19.0,1
2023,11,10,7,Nov,1018,1016,162,7.8,0.0,2023-11-10,2023-11-10,6,,,,0
2023,11,13,23,Nov,950,834,141,2.4,0.0,2023-11-13,2023-11-13,2,,,,0
2023,11,15,2,Nov,251,180,36,1.7,0.0,2023-11-15,2023-11-15,4,,,,0
2023,11,16,16,Nov,1422,1501,262,17.3,0.0,2023-11-16,2023-11-16,5,,,,0
2023,11,17,13,Nov,1252,1406,234,17.5,0.0,2023-11-17,2023-11-17,6,AnimeNYC,14.0,20.0,0
2023,11,18,15,Nov,1740,1738,301,11.0,0.0,2023-11-18,2023-11-18,7,AnimeNYC,10.0,19.0,1
2023,11,9,21,Nov,2546,1666,273,8.0,0.0,2023-11-9,2023-11-09,5,,,,0
2023,11,10,13,Nov,1390,1241,219,10.7,0.04,2023-11-10,2023-11-10,6,,,,0
2023,11,14,3,Nov,178,171,30,3.1,0.0,2023-11-14,2023-11-14,3,,,,0
2023,11,16,2,Nov,396,218,63,5.6,0.0,2023-11-16,2023-11-16,5,,,,0
2023,11,17,8,Nov,1210,1226,206,6.3,0.0,2023-11-17,2023-11-17,6,AnimeNYC,14.0,20.0,0
2023,11,17,15,Nov,1324,1385,242,19.2,0.0,2023-11-17,2023-11-17,6,AnimeNYC,14.0,20.0,1
2023,11,18,10,Nov,1222,1724,257,11.8,0.0,2023-11-18,2023-11-18,7,AnimeNYC,10.0,19.0,1
2023,11,10,12,Nov,1366,1185,224,10.7,0.0,2023-11-10,2023-11-10,6,,,,0
2023,11,11,22,Nov,2493,2072,418,4.9,0.0,2023-11-11,2023-11-11,7,,,,0
2023,11,13,10,Nov,989,1270,267,3.2,0.0,2023-11-13,2023-11-13,2,,,,0
2023,11,13,12,Nov,1078,1085,192,6.4,0.0,2023-11-13,2023-11-13,2,,,,0
2023,11,15,9,Nov,1452,1366,331,2.2,0.0,2023-11-15,2023-11-15,4,,,,0
2023,11,15,16,Nov,1308,1315,270,10.7,0.0,2023-11-15,2023-11-15,4,,,,0
2023,11,16,11,Nov,1123,1093,190,11.5,0.0,2023-11-16,2023-11-16,5,,,,0
2023,11,18,9,Nov,1002,1627,223,11.7,0.38,2023-11-18,2023-11-18,7,AnimeNYC,10.0,19.0,0
2023,11,11,10,Nov,1192,1379,223,8.8,0.0,2023-11-11,2023-11-11,7,,,,0
2023,11,13,22,Nov,1401,1086,184,3.5,0.0,2023-11-13,2023-11-13,2,,,,0
2023,11,15,5,Nov,384,476,45,-0.1,0.0,2023-11-15,2023-11-15,4,,,,0
2023,11,15,13,Nov,1117,952,185,9.7,0.0,2023-11-15,2023-11-15,4,,,,0
2023,11,16,13,Nov,1249,1133,204,16.4,0.0,2023-11-16,2023-11-16,5,,,,0
2023,11,16,22,Nov,2378,1516,286,8.3,0.0,2023-11-16,2023-11-16,5,,,,0
2023,11,17,1,Nov,882,574,116,6.5,0.0,2023-11-17,2023-11-17,6,AnimeNYC,14.0,20.0,0
2023,11,18,16,Nov,1839,1896,352,10.2,0.0,2023-11-18,2023-11-18,7,AnimeNYC,10.0,19.0,1
2023,11,9,16,Nov,1431,1396,306,14.2,0.0,2023-11-9,2023-11-09,5,,,,0
2023,11,9,22,Nov,2319,1491,275,8.0,0.0,2023-11-9,2023-11-09,5,,,,0
2023,11,10,17,Nov,1870,1870,429,9.5,0.0,2023-11-10,2023-11-10,6,,,,0
2023,11,11,3,Nov,1186,647,152,5.2,0.0,2023-11-11,2023-11-11,7,,,,0
2023,11,11,18,Nov,2174,2422,478,7.9,0.0,2023-11-11,2023-11-11,7,,,,0
2023,11,11,1,Nov,1898,1254,232,5.6,0.0,2023-11-11,2023-11-11,7,,,,0
2023,11,11,2,Nov,1583,969,174,5.4,0.0,2023-11-11,2023-11-11,7,,,,0
2023,11,15,7,Nov,1281,1184,231,-0.7,0.0,2023-11-15,2023-11-15,4,,,,0
2023,11,15,14,Nov,1183,1096,206,10.4,0.0,2023-11-15,2023-11-15,4,,,,0
2023,11,16,9,Nov,1317,1472,288,5.6,0.0,2023-11-16,2023-11-16,5,,,,0
2023,11,16,14,Nov,1359,1231,213,17.4,0.0,2023-11-16,2023-11-16,5,,,,0
2023,11,11,5,Nov,383,426,45,5.1,0.0,2023-11-11,2023-11-11,7,,,,0
2023,11,11,13,Nov,1473,1474,256,12.1,0.0,2023-11-11,2023-11-11,7,,,,0
2023,11,11,16,Nov,1857,1948,339,11.0,0.0,2023-11-11,2023-11-11,7,,,,0
2023,11,13,4,Nov,326,283,35,-0.8,0.0,2023-11-13,2023-11-13,2,,,,0
2023,11,16,19,Nov,2051,1918,392,9.6,0.0,2023-11-16,2023-11-16,5,,,,0
2023,11,18,4,Nov,737,429,66,12.7,0.2,2023-11-18,2023-11-18,7,AnimeNYC,10.0,19.0,0
2023,11,11,21,Nov,2058,1820,351,5.6,0.0,2023-11-11,2023-11-11,7,,,,0
2023,11,12,15,Nov,1498,1449,265,7.2,0.0,2023-11-12,2023-11-12,1,,,,0
2023,11,13,13,Nov,1125,1026,207,7.4,0.0,2023-11-13,2023-11-13,2,,,,0
2023,11,14,7,Nov,1190,1268,208,4.2,0.0,2023-11-14,2023-11-14,3,,,,0
2023,11,17,3,Nov,531,310,62,5.4,0.0,2023-11-17,2023-11-17,6,AnimeNYC,14.0,20.0,0
2023,11,12,4,Nov,827,433,87,1.2,0.0,2023-11-12,2023-11-12,1,,,,0
2023,11,12,19,Nov,1557,1435,305,2.8,0.0,2023-11-12,2023-11-12,1,,,,0
2023,11,12,20,Nov,1533,1257,276,2.3,0.0,2023-11-12,2023-11-12,1,,,,0
2023,11,13,5,Nov,435,506,40,-1.1,0.0,2023-11-13,2023-11-13,2,,,,0
2023,11,13,21,Nov,1672,1415,236,3.8,0.0,2023-11-13,2023-11-13,2,,,,0
2023,11,17,18,Nov,1976,1900,358,15.3,0.0,2023-11-17,2023-11-17,6,AnimeNYC,14.0,20.0,1
2023,11,9,20,Nov,2362,1733,344,11.0,0.0,2023-11-9,2023-11-09,5,,,,0
2023,11,11,9,Nov,957,1263,199,6.7,0.0,2023-11-11,2023-11-11,7,,,,0
2023,11,13,2,Nov,253,147,42,0.1,0.0,2023-11-13,2023-11-13,2,,,,0
2023,11,14,1,Nov,339,254,41,2.4,0.0,2023-11-14,2023-11-14,3,,,,0
2023,11,16,5,Nov,438,577,50,4.1,0.0,2023-11-16,2023-11-16,5,,,,0
2023,11,16,15,Nov,1489,1267,254,17.8,0.0,2023-11-16,2023-11-16,5,,,,0
2023,11,10,4,Nov,492,426,45,7.2,0.0,2023-11-10,2023-11-10,6,,,,0
2023,11,10,15,Nov,1445,1416,276,10.5,0.04,2023-11-10,2023-11-10,6,,,,0
2023,11,10,20,Nov,1939,1901,346,6.7,0.0,2023-11-10,2023-11-10,6,,,,0
2023,11,11,7,Nov,451,623,91,4.5,0.0,2023-11-11,2023-11-11,7,,,,0
2023,11,12,7,Nov,456,767,87,0.0,0.0,2023-11-12,2023-11-12,1,,,,0
2023,11,12,22,Nov,1622,1154,220,0.6,0.0,2023-11-12,2023-11-12,1,,,,0
2023,11,13,20,Nov,1697,1333,239,6.5,0.0,2023-11-13,2023-11-13,2,,,,0
2023,11,15,15,Nov,1255,1165,239,10.7,0.0,2023-11-15,2023-11-15,4,,,,0
2023,11,17,7,Nov,1084,1046,163,6.0,0.0,2023-11-17,2023-11-17,6,AnimeNYC,14.0,20.0,0
2023,11,18,14,Nov,1567,1659,292,11.4,0.0,2023-11-18,2023-11-18,7,AnimeNYC,10.0,19.0,1
2023,11,11,6,Nov,389,617,71,4.8,0.0,2023-11-11,2023-11-11,7,,,,0
2023,11,11,8,Nov,675,938,125,4.2,0.0,2023-11-11,2023-11-11,7,,,,0
2023,11,12,14,Nov,1725,1446,305,6.8,0.0,2023-11-12,2023-11-12,1,,,,0
2023,11,12,23,Nov,1028,872,162,0.6,0.0,2023-11-12,2023-11-12,1,,,,0
2023,11,14,4,Nov,303,311,29,4.0,0.0,2023-11-14,2023-11-14,3,,,,0
2023,11,14,14,Nov,1152,1080,243,10.9,0.0,2023-11-14,2023-11-14,3,,,,0
2023,11,14,18,Nov,2042,1967,440,7.2,0.0,2023-11-14,2023-11-14,3,,,,0
2023,11,16,1,Nov,570,376,75,6.4,0.0,2023-11-16,2023-11-16,5,,,,0
2023,11,18,13,Nov,1521,1828,325,11.3,0.0,2023-11-18,2023-11-18,7,AnimeNYC,10.0,19.0,1
2023,11,13,1,Nov,481,226,54,0.4,0.0,2023-11-13,2023-11-13,2,,,,0
2023,11,15,3,Nov,203,191,37,1.2,0.0,2023-11-15,2023-11-15,4,,,,0
2023,11,15,6,Nov,771,811,115,-0.5,0.0,2023-11-15,2023-11-15,4,,,,0
2023,11,16,12,Nov,1103,1085,183,14.4,0.0,2023-11-16,2023-11-16,5,,,,0
2023,11,9,11,Nov,1124,1185,225,13.2,0.0,2023-11-9,2023-11-09,5,,,,0
2023,11,10,11,Nov,1237,1372,221,10.6,0.0,2023-11-10,2023-11-10,6,,,,0
2023,11,12,18,Nov,1699,1777,408,3.6,0.0,2023-11-12,2023-11-12,1,,,,0
2023,11,13,8,Nov,1440,1556,308,-1.9,0.0,2023-11-13,2023-11-13,2,,,,0
2023,11,15,23,Nov,1546,1136,166,6.8,0.0,2023-11-15,2023-11-15,4,,,,0
2023,11,16,23,Nov,1868,1332,288,7.4,0.0,2023-11-16,2023-11-16,5,,,,0
2023,11,17,17,Nov,1608,1638,313,17.3,0.0,2023-11-17,2023-11-17,6,AnimeNYC,14.0,20.0,1
2023,11,10,5,Nov,464,526,66,7.4,0.0,2023-11-10,2023-11-10,6,,,,0
2023,11,12,2,Nov,1697,1089,200,2.2,0.0,2023-11-12,2023-11-12,1,,,,0
2023,11,13,9,Nov,1118,1607,387,0.8,0.0,2023-11-13,2023-11-13,2,,,,0
2023,11,13,14,Nov,1223,1106,232,8.2,0.0,2023-11-13,2023-11-13,2,,,,0
2023,11,14,15,Nov,1257,1177,221,10.7,0.0,2023-11-14,2023-11-14,3,,,,0
2023,11,15,22,Nov,2296,1363,263,6.8,0.0,2023-11-15,2023-11-15,4,,,,0
2023,11,16,8,Nov,1656,1568,311,2.7,0.0,2023-11-16,2023-11-16,5,,,,0
2023,11,16,21,Nov,2384,1579,305,9.4,0.0,2023-11-16,2023-11-16,5,,,,0
2023,11,18,3,Nov,1181,640,118,12.7,0.2,2023-11-18,2023-11-18,7,AnimeNYC,10.0,19.0,0
2023,11,18,8,Nov,744,1230,144,10.6,0.0,2023-11-18,2023-11-18,7,AnimeNYC,10.0,19.0,0
2023,11,10,0,Nov,1324,942,169,8.5,0.0,2023-11-10,2023-11-10,6,,,,0
2023,11,10,1,Nov,936,529,102,7.7,0.0,2023-11-10,2023-11-10,6,,,,0
2023,11,14,6,Nov,741,850,93,4.1,0.0,2023-11-14,2023-11-14,3,,,,0
2023,11,14,11,Nov,1115,1062,198,10.2,0.0,2023-11-14,2023-11-14,3,,,,0
2023,11,15,19,Nov,1847,1770,313,7.1,0.0,2023-11-15,2023-11-15,4,,,,0
2023,11,15,21,Nov,2442,1624,286,7.3,0.0,2023-11-15,2023-11-15,4,,,,0
2023,11,17,10,Nov,1045,1167,212,11.5,0.0,2023-11-17,2023-11-17,6,AnimeNYC,14.0,20.0,0
2023,11,11,11,Nov,1406,1412,276,10.4,0.0,2023-11-11,2023-11-11,7,,,,0
2023,11,15,1,Nov,426,270,37,2.4,0.0,2023-11-15,2023-11-15,4,,,,0
2023,11,18,2,Nov,1387,921,153,12.9,0.1,2023-11-18,2023-11-18,7,AnimeNYC,10.0,19.0,0
2023,11,10,18,Nov,2179,2191,448,8.6,0.0,2023-11-10,2023-11-10,6,,,,0
2023,11,10,22,Nov,2653,1938,423,6.1,0.0,2023-11-10,2023-11-10,6,,,,0
2023,11,12,21,Nov,1561,1221,229,1.0,0.0,2023-11-12,2023-11-12,1,,,,0
2023,11,13,17,Nov,1734,1610,358,8.0,0.0,2023-11-13,2023-11-13,2,,,,0
2023,11,14,5,Nov,414,636,38,4.3,0.0,2023-11-14,2023-11-14,3,,,,0
2023,11,16,6,Nov,764,877,81,3.2,0.0,2023-11-16,2023-11-16,5,,,,0
2023,11,17,4,Nov,499,370,49,5.0,0.0,2023-11-17,2023-11-17,6,AnimeNYC,14.0,20.0,0
2023,11,17,9,Nov,1188,1208,235,9.2,0.0,2023-11-17,2023-11-17,6,AnimeNYC,14.0,20.0,0
2023,11,9,18,Nov,1995,2040,411,12.3,0.0,2023-11-9,2023-11-09,5,,,,0
2023,11,10,10,Nov,1148,1334,221,9.6,0.0,2023-11-10,2023-11-10,6,,,,0
2023,11,13,7,Nov,1143,1039,167,-1.6,0.0,2023-11-13,2023-11-13,2,,,,0
2023,11,14,19,Nov,1838,1759,385,6.0,0.0,2023-11-14,2023-11-14,3,,,,0
2023,11,15,18,Nov,1884,1905,363,8.0,0.0,2023-11-15,2023-11-15,4,,,,0
2023,11,17,6,Nov,795,841,91,5.4,0.0,2023-11-17,2023-11-17,6,AnimeNYC,14.0,20.0,0
2023,11,17,16,Nov,1453,1547,299,18.8,0.0,2023-11-17,2023-11-17,6,AnimeNYC,14.0,20.0,1
2023,11,17,20,Nov,2073,1710,368,14.4,0.0,2023-11-17,2023-11-17,6,AnimeNYC,14.0,20.0,0
2023,11,17,21,Nov,1907,1470,316,14.8,0.0,2023-11-17,2023-11-17,6,AnimeNYC,14.0,20.0,0
2023,11,10,8,Nov,1230,1333,260,7.8,0.0,2023-11-10,2023-11-10,6,,,,0
2023,11,10,16,Nov,1426,1485,309,10.1,0.06,2023-11-10,2023-11-10,6,,,,0
2023,11,10,19,Nov,2137,2212,452,7.4,0.0,2023-11-10,2023-11-10,6,,,,0
2023,11,10,23,Nov,2361,2110,406,5.8,0.0,2023-11-10,2023-11-10,6,,,,0
2023,11,11,17,Nov,2036,2142,348,10.3,0.0,2023-11-11,2023-11-11,7,,,,0
2023,11,11,19,Nov,2078,2345,440,7.3,0.0,2023-11-11,2023-11-11,7,,,,0
2023,11,11,23,Nov,2497,2214,366,4.2,0.0,2023-11-11,2023-11-11,7,,,,0
2023,11,12,5,Nov,511,418,41,0.8,0.0,2023-11-12,2023-11-12,1,,,,0
2023,11,12,6,Nov,463,703,59,0.4,0.0,2023-11-12,2023-11-12,1,,,,0
2023,11,12,8,Nov,623,1166,177,-0.1,0.0,2023-11-12,2023-11-12,1,,,,0
2023,11,13,18,Nov,1726,1618,353,7.0,0.0,2023-11-13,2023-11-13,2,,,,0
2023,11,13,19,Nov,1566,1414,275,6.2,0.0,2023-11-13,2023-11-13,2,,,,0
2023,11,15,8,Nov,1755,1608,350,-0.5,0.0,2023-11-15,2023-11-15,4,,,,0
2023,11,16,10,Nov,1129,1169,220,8.4,0.0,2023-11-16,2023-11-16,5,,,,0
2023,11,17,2,Nov,675,312,66,6.0,0.0,2023-11-17,2023-11-17,6,AnimeNYC,14.0,20.0,0
2023,11,9,10,Nov,1233,1255,286,11.6,0.0,2023-11-9,2023-11-09,5,,,,0
2023,11,9,14,Nov,1216,1197,196,14.1,0.24,2023-11-9,2023-11-09,5,,,,0
2023,11,12,1,Nov,2078,1374,245,2.6,0.0,2023-11-12,2023-11-12,1,,,,0
2023,11,12,12,Nov,1522,1726,280,5.9,0.0,2023-11-12,2023-11-12,1,,,,0
2023,11,16,20,Nov,2296,1879,362,9.0,0.0,2023-11-16,2023-11-16,5,,,,0
2023,11,18,23,Nov,2594,2016,362,3.6,0.0,2023-11-18,2023-11-18,7,AnimeNYC,10.0,19.0,0
2023,11,19,22,Nov,1250,1032,162,7.0,0.0,2023-11-19,2023-11-19,1,AnimeNYC,10.0,16.0,0
2023,11,20,22,Nov,1156,865,149,1.9,0.0,2023-11-20,2023-11-20,2,,,,0
2023,11,25,20,Nov,1482,1392,257,0.0,0.0,2023-11-25,2023-11-25,7,,,,0
2023,11,19,3,Nov,1311,677,134,1.7,0.0,2023-11-19,2023-11-19,1,AnimeNYC,10.0,16.0,0
2023,11,19,6,Nov,452,841,77,2.1,0.0,2023-11-19,2023-11-19,1,AnimeNYC,10.0,16.0,0
2023,11,20,4,Nov,379,345,44,1.2,0.0,2023-11-20,2023-11-20,2,,,,0
2023,11,21,11,Nov,995,1044,166,4.8,0.0,2023-11-21,2023-11-21,3,,,,0
2023,11,21,23,Nov,1323,852,194,8.3,2.12,2023-11-21,2023-11-21,3,,,,0
2023,11,22,18,Nov,1206,1487,262,12.2,0.0,2023-11-22,2023-11-22,4,,,,0
2023,11,22,20,Nov,1081,1125,213,8.2,0.0,2023-11-22,2023-11-22,4,,,,0
2023,11,22,22,Nov,1274,1072,203,8.6,0.0,2023-11-22,2023-11-22,4,,,,0
2023,11,25,23,Nov,1790,1586,317,0.5,0.0,2023-11-25,2023-11-25,7,,,,0
2023,11,26,6,Nov,336,613,63,-1.7,0.0,2023-11-26,2023-11-26,1,,,,0
2023,11,18,19,Nov,2370,2231,428,6.3,0.0,2023-11-18,2023-11-18,7,AnimeNYC,10.0,19.0,0
2023,11,19,12,Nov,1419,1803,313,10.7,0.0,2023-11-19,2023-11-19,1,AnimeNYC,10.0,16.0,1
2023,11,20,23,Nov,879,703,128,1.4,0.0,2023-11-20,2023-11-20,2,,,,0
2023,11,21,13,Nov,1092,1149,211,6.5,0.0,2023-11-21,2023-11-21,3,,,,0
2023,11,22,12,Nov,982,1173,168,11.9,0.0,2023-11-22,2023-11-22,4,,,,0
2023,11,24,4,Nov,261,234,29,3.7,0.0,2023-11-24,2023-11-24,6,,,,0
2023,11,24,11,Nov,938,833,153,9.0,0.0,2023-11-24,2023-11-24,6,,,,0
2023,11,26,0,Nov,1650,1242,230,-0.9,0.0,2023-11-26,2023-11-26,1,,,,0
2023,11,26,2,Nov,1149,565,143,-2.3,0.0,2023-11-26,2023-11-26,1,,,,0
2023,11,19,7,Nov,589,759,89,1.8,0.0,2023-11-19,2023-11-19,1,AnimeNYC,10.0,16.0,0
2023,11,21,20,Nov,1527,1441,295,6.6,1.04,2023-11-21,2023-11-21,3,,,,0
2023,11,24,6,Nov,317,359,44,3.1,0.0,2023-11-24,2023-11-24,6,,,,0
2023,11,26,1,Nov,1279,799,172,-2.2,0.0,2023-11-26,2023-11-26,1,,,,0
2023,11,26,3,Nov,972,435,98,-2.5,0.0,2023-11-26,2023-11-26,1,,,,0
2023,11,19,11,Nov,1338,1982,304,8.9,0.0,2023-11-19,2023-11-19,1,AnimeNYC,10.0,16.0,1
2023,11,19,20,Nov,1245,1190,215,6.5,0.0,2023-11-19,2023-11-19,1,AnimeNYC,10.0,16.0,0
2023,11,20,3,Nov,321,189,42,2.0,0.0,2023-11-20,2023-11-20,2,,,,0
2023,11,20,7,Nov,1044,883,152,-0.3,0.0,2023-11-20,2023-11-20,2,,,,0
2023,11,20,9,Nov,1204,1114,231,2.2,0.0,2023-11-20,2023-11-20,2,,,,0
2023,11,20,11,Nov,957,1045,189,4.9,0.0,2023-11-20,2023-11-20,2,,,,0
2023,11,20,18,Nov,1303,1433,247,3.5,0.0,2023-11-20,2023-11-20,2,,,,0
2023,11,21,1,Nov,347,238,41,1.2,0.0,2023-11-21,2023-11-21,3,,,,0
2023,11,21,9,Nov,1138,1141,222,0.9,0.0,2023-11-21,2023-11-21,3,,,,0
2023,11,22,14,Nov,987,1257,216,14.1,0.0,2023-11-22,2023-11-22,4,,,,0
2023,11,23,23,Nov,853,880,121,5.5,0.0,2023-11-23,2023-11-23,5,,,,0
2023,11,24,10,Nov,800,788,121,8.0,0.0,2023-11-24,2023-11-24,6,,,,0
2023,11,24,19,Nov,1450,1392,288,4.3,0.0,2023-11-24,2023-11-24,6,,,,0
2023,11,25,16,Nov,1656,1302,282,4.2,0.0,2023-11-25,2023-11-25,7,,,,0
2023,11,20,0,Nov,583,424,75,5.2,0.0,2023-11-20,2023-11-20,2,,,,0
2023,11,21,4,Nov,350,380,28,-0.7,0.0,2023-11-21,2023-11-21,3,,,,0
2023,11,21,19,Nov,1565,1747,341,6.4,0.74,2023-11-21,2023-11-21,3,,,,0
2023,11,22,16,Nov,1110,1389,222,14.1,0.0,2023-11-22,2023-11-22,4,,,,0
2023,11,24,17,Nov,1233,1379,278,7.3,0.0,2023-11-24,2023-11-24,6,,,,0
2023,11,26,22,Nov,1469,1083,220,10.3,0.96,2023-11-26,2023-11-26,1,,,,0
2023,11,19,1,Nov,1810,1322,224,2.1,0.0,2023-11-19,2023-11-19,1,AnimeNYC,10.0,16.0,0
2023,11,20,6,Nov,698,767,87,0.1,0.0,2023-11-20,2023-11-20,2,,,,0
2023,11,20,15,Nov,1034,1212,191,7.1,0.0,2023-11-20,2023-11-20,2,,,,0
2023,11,23,21,Nov,989,1125,146,6.2,0.0,2023-11-23,2023-11-23,5,,,,0
2023,11,24,15,Nov,1056,1021,174,9.4,0.0,2023-11-24,2023-11-24,6,,,,0
2023,11,25,1,Nov,958,643,165,-0.8,0.0,2023-11-25,2023-11-25,7,,,,0
2023,11,25,22,Nov,1738,1471,246,-0.3,0.0,2023-11-25,2023-11-25,7,,,,0
2023,11,26,14,Nov,1333,1236,238,9.7,0.0,2023-11-26,2023-11-26,1,,,,0
2023,11,19,18,Nov,1554,1342,282,8.7,0.0,2023-11-19,2023-11-19,1,AnimeNYC,10.0,16.0,0
2023,11,20,20,Nov,1292,1224,215,2.3,0.0,2023-11-20,2023-11-20,2,,,,0
2023,11,21,7,Nov,983,958,150,-1.3,0.0,2023-11-21,2023-11-21,3,,,,0
2023,11,22,1,Nov,503,304,55,9.3,4.3,2023-11-22,2023-11-22,4,,,,0
2023,11,24,21,Nov,1377,1197,262,1.9,0.0,2023-11-24,2023-11-24,6,,,,0
2023,11,19,8,Nov,637,976,126,1.5,0.0,2023-11-19,2023-11-19,1,AnimeNYC,10.0,16.0,0
2023,11,20,2,Nov,320,159,46,2.8,0.0,2023-11-20,2023-11-20,2,,,,0
2023,11,20,14,Nov,1048,1107,173,6.9,0.0,2023-11-20,2023-11-20,2,,,,0
2023,11,22,23,Nov,1257,919,178,9.0,0.0,2023-11-22,2023-11-22,4,,,,0
2023,11,23,11,Nov,799,719,171,7.8,0.0,2023-11-23,2023-11-23,5,,,,0
2023,11,23,16,Nov,1041,775,135,11.1,0.0,2023-11-23,2023-11-23,5,,,,0
2023,11,25,14,Nov,1148,1167,232,3.6,0.0,2023-11-25,2023-11-25,7,,,,0
2023,11,26,13,Nov,1225,1226,212,8.2,0.0,2023-11-26,2023-11-26,1,,,,0
2023,11,19,14,Nov,1518,1473,263,12.2,0.0,2023-11-19,2023-11-19,1,AnimeNYC,10.0,16.0,1
2023,11,23,12,Nov,764,688,128,9.0,0.0,2023-11-23,2023-11-23,5,,,,0
2023,11,23,14,Nov,852,693,114,10.7,0.0,2023-11-23,2023-11-23,5,,,,0
2023,11,24,3,Nov,285,201,42,4.1,0.0,2023-11-24,2023-11-24,6,,,,0
2023,11,24,22,Nov,1872,1301,264,0.9,0.0,2023-11-24,2023-11-24,6,,,,0
2023,11,25,4,Nov,431,270,37,-1.4,0.0,2023-11-25,2023-11-25,7,,,,0
2023,11,18,17,Nov,2084,1997,393,8.9,0.0,2023-11-18,2023-11-18,7,AnimeNYC,10.0,19.0,1
2023,11,20,19,Nov,1276,1302,250,2.9,0.0,2023-11-20,2023-11-20,2,,,,0
2023,11,21,0,Nov,549,437,62,1.3,0.0,2023-11-21,2023-11-21,3,,,,0
2023,11,21,10,Nov,1000,1104,170,2.8,0.0,2023-11-21,2023-11-21,3,,,,0
2023,11,21,22,Nov,1538,1180,238,7.4,1.44,2023-11-21,2023-11-21,3,,,,0
2023,11,22,8,Nov,920,1097,167,12.0,0.94,2023-11-22,2023-11-22,4,,,,0
2023,11,22,17,Nov,1213,1461,246,13.2,0.0,2023-11-22,2023-11-22,4,,,,0
2023,11,23,5,Nov,478,568,58,7.4,0.0,2023-11-23,2023-11-23,5,,,,0
2023,11,24,1,Nov,459,361,76,5.1,0.0,2023-11-24,2023-11-24,6,,,,0
2023,11,24,7,Nov,368,428,50,2.8,0.0,2023-11-24,2023-11-24,6,,,,0
2023,11,24,16,Nov,1160,1182,216,8.6,0.0,2023-11-24,2023-11-24,6,,,,0
2023,11,25,2,Nov,814,441,111,-1.0,0.0,2023-11-25,2023-11-25,7,,,,0
2023,11,25,9,Nov,709,750,120,-0.9,0.0,2023-11-25,2023-11-25,7,,,,0
2023,11,25,15,Nov,1165,1163,226,4.0,0.0,2023-11-25,2023-11-25,7,,,,0
2023,11,25,21,Nov,1486,1270,241,-0.3,0.0,2023-11-25,2023-11-25,7,,,,0
2023,11,21,18,Nov,1462,1662,327,6.4,0.74,2023-11-21,2023-11-21,3,,,,0
2023,11,22,10,Nov,903,1144,175,10.1,0.0,2023-11-22,2023-11-22,4,,,,0
2023,11,24,2,Nov,337,216,46,4.5,0.0,2023-11-24,2023-11-24,6,,,,0
2023,11,24,5,Nov,231,338,35,3.4,0.0,2023-11-24,2023-11-24,6,,,,0
2023,11,24,9,Nov,610,640,91,5.7,0.0,2023-11-24,2023-11-24,6,,,,0
2023,11,20,17,Nov,1344,1371,246,5.5,0.0,2023-11-20,2023-11-20,2,,,,0
2023,11,22,13,Nov,1161,1161,177,13.0,0.0,2023-11-22,2023-11-22,4,,,,0
2023,11,26,7,Nov,413,681,90,-2.0,0.0,2023-11-26,2023-11-26,1,,,,0
2023,11,19,19,Nov,1362,1329,215,7.6,0.0,2023-11-19,2023-11-19,1,AnimeNYC,10.0,16.0,0
2023,11,21,6,Nov,695,854,97,-1.3,0.0,2023-11-21,2023-11-21,3,,,,0
2023,11,24,18,Nov,1368,1638,361,5.5,0.0,2023-11-24,2023-11-24,6,,,,0
2023,11,25,5,Nov,250,254,35,-2.2,0.0,2023-11-25,2023-11-25,7,,,,0
2023,11,25,10,Nov,928,991,164,0.7,0.0,2023-11-25,2023-11-25,7,,,,0
2023,11,25,17,Nov,1545,1403,258,3.8,0.0,2023-11-25,2023-11-25,7,,,,0
2023,11,26,23,Nov,1025,692,136,10.5,2.86,2023-11-26,2023-11-26,1,,,,0
2023,11,18,21,Nov,2080,1819,341,5.2,0.0,2023-11-18,2023-11-18,7,AnimeNYC,10.0,19.0,0
2023,11,22,6,Nov,637,897,108,12.9,1.58,2023-11-22,2023-11-22,4,,,,0
2023,11,22,9,Nov,931,1095,168,9.7,0.0,2023-11-22,2023-11-22,4,,,,0
2023,11,23,18,Nov,1038,922,186,7.5,0.0,2023-11-23,2023-11-23,5,,,,0
2023,11,25,0,Nov,1112,911,202,-0.5,0.0,2023-11-25,2023-11-25,7,,,,0
2023,11,25,12,Nov,1192,1241,249,2.5,0.0,2023-11-25,2023-11-25,7,,,,0
2023,11,26,4,Nov,629,328,63,-2.2,0.0,2023-11-26,2023-11-26,1,,,,0
2023,11,26,12,Nov,1293,1117,229,6.6,0.0,2023-11-26,2023-11-26,1,,,,0
2023,11,26,19,Nov,1475,1172,243,9.2,0.46,2023-11-26,2023-11-26,1,,,,0
2023,11,19,21,Nov,1358,1094,193,7.1,0.0,2023-11-19,2023-11-19,1,AnimeNYC,10.0,16.0,0
2023,11,20,8,Nov,1292,1142,223,-0.7,0.0,2023-11-20,2023-11-20,2,,,,0
2023,11,21,3,Nov,236,206,32,-0.4,0.0,2023-11-21,2023-11-21,3,,,,0
2023,11,21,12,Nov,968,1008,187,6.5,0.0,2023-11-21,2023-11-21,3,,,,0
2023,11,23,8,Nov,386,622,83,5.3,0.0,2023-11-23,2023-11-23,5,,,,0
2023,11,23,15,Nov,852,730,126,11.0,0.0,2023-11-23,2023-11-23,5,,,,0
2023,11,23,20,Nov,987,939,118,6.7,0.0,2023-11-23,2023-11-23,5,,,,0
2023,11,18,20,Nov,2107,1953,384,5.4,0.0,2023-11-18,2023-11-18,7,AnimeNYC,10.0,19.0,0
2023,11,19,13,Nov,1474,1627,288,11.7,0.0,2023-11-19,2023-11-19,1,AnimeNYC,10.0,16.0,1
2023,11,23,7,Nov,452,590,81,6.0,0.0,2023-11-23,2023-11-23,5,,,,0
2023,11,19,5,Nov,480,479,49,2.3,0.0,2023-11-19,2023-11-19,1,AnimeNYC,10.0,16.0,0
2023,11,19,23,Nov,860,796,138,6.5,0.0,2023-11-19,2023-11-19,1,AnimeNYC,10.0,16.0,0
2023,11,22,0,Nov,862,527,115,8.9,2.66,2023-11-22,2023-11-22,4,,,,0
2023,11,24,20,Nov,1302,1180,248,2.9,0.0,2023-11-24,2023-11-24,6,,,,0
2023,11,25,8,Nov,469,675,103,-1.5,0.0,2023-11-25,2023-11-25,7,,,,0
2023,11,25,11,Nov,1012,1144,211,1.7,0.0,2023-11-25,2023-11-25,7,,,,0
2023,11,19,10,Nov,1129,2001,312,6.2,0.0,2023-11-19,2023-11-19,1,AnimeNYC,10.0,16.0,1
2023,11,20,1,Nov,381,291,50,3.9,0.0,2023-11-20,2023-11-20,2,,,,0
2023,11,21,8,Nov,1208,1243,206,-0.9,0.0,2023-11-21,2023-11-21,3,,,,0
2023,11,21,14,Nov,1153,1240,242,7.8,0.0,2023-11-21,2023-11-21,3,,,,0
2023,11,22,4,Nov,336,474,20,11.3,5.2,2023-11-22,2023-11-22,4,,,,0
2023,11,22,5,Nov,448,643,58,12.2,5.68,2023-11-22,2023-11-22,4,,,,0
2023,11,22,19,Nov,1170,1482,249,10.0,0.0,2023-11-22,2023-11-22,4,,,,0
2023,11,23,17,Nov,1035,833,162,10.0,0.0,2023-11-23,2023-11-23,5,,,,0
2023,11,24,23,Nov,1425,1147,269,0.1,0.0,2023-11-24,2023-11-24,6,,,,0
2023,11,21,17,Nov,1196,1534,296,7.2,0.34,2023-11-21,2023-11-21,3,,,,0
2023,11,26,9,Nov,801,1088,168,0.3,0.0,2023-11-26,2023-11-26,1,,,,0
2023,11,26,17,Nov,1755,1509,444,8.6,0.1,2023-11-26,2023-11-26,1,,,,0
2023,11,26,21,Nov,1570,1165,227,10.3,0.58,2023-11-26,2023-11-26,1,,,,0
2023,11,19,0,Nov,2116,1843,303,3.1,0.0,2023-11-19,2023-11-19,1,AnimeNYC,10.0,16.0,0
2023,11,22,7,Nov,836,973,138,13.0,0.06,2023-11-22,2023-11-22,4,,,,0
2023,11,24,0,Nov,585,541,94,5.4,0.0,2023-11-24,2023-11-24,6,,,,0
2023,11,21,15,Nov,1131,1230,263,7.9,0.0,2023-11-21,2023-11-21,3,,,,0
2023,11,22,3,Nov,310,259,33,10.3,3.36,2023-11-22,2023-11-22,4,,,,0
2023,11,22,11,Nov,1014,1095,187,10.3,0.0,2023-11-22,2023-11-22,4,,,,0
2023,11,23,1,Nov,849,441,133,9.7,0.0,2023-11-23,2023-11-23,5,,,,0
2023,11,23,10,Nov,569,774,137,7.2,0.0,2023-11-23,2023-11-23,5,,,,0
2023,11,24,12,Nov,1042,882,143,9.4,0.0,2023-11-24,2023-11-24,6,,,,0
2023,11,26,15,Nov,1408,1456,345,10.0,0.0,2023-11-26,2023-11-26,1,,,,0
2023,11,18,22,Nov,2755,2068,367,4.3,0.0,2023-11-18,2023-11-18,7,AnimeNYC,10.0,19.0,0
2023,11,20,12,Nov,959,994,190,5.7,0.0,2023-11-20,2023-11-20,2,,,,0
2023,11,25,18,Nov,1724,1527,284,0.7,0.0,2023-11-25,2023-11-25,7,,,,0
2023,11,19,17,Nov,1694,1475,282,10.9,0.0,2023-11-19,2023-11-19,1,AnimeNYC,10.0,16.0,0
2023,11,20,5,Nov,398,553,53,0.6,0.0,2023-11-20,2023-11-20,2,,,,0
2023,11,21,16,Nov,1186,1378,271,7.2,0.1,2023-11-21,2023-11-21,3,,,,0
2023,11,23,6,Nov,415,771,103,6.5,0.0,2023-11-23,2023-11-23,5,,,,0
2023,11,23,13,Nov,764,676,110,9.9,0.0,2023-11-23,2023-11-23,5,,,,0
2023,11,23,19,Nov,1044,942,165,6.9,0.0,2023-11-23,2023-11-23,5,,,,0
2023,11,24,14,Nov,1002,1004,152,9.7,0.0,2023-11-24,2023-11-24,6,,,,0
2023,11,25,7,Nov,332,503,41,-1.9,0.0,2023-11-25,2023-11-25,7,,,,0
2023,11,26,18,Nov,1709,1373,306,8.5,0.5,2023-11-26,2023-11-26,1,,,,0
2023,11,19,2,Nov,1687,1010,172,1.6,0.0,2023-11-19,2023-11-19,1,AnimeNYC,10.0,16.0,0
2023,11,19,4,Nov,839,456,85,2.0,0.0,2023-11-19,2023-11-19,1,AnimeNYC,10.0,16.0,0
2023,11,21,21,Nov,1620,1414,286,7.0,1.32,2023-11-21,2023-11-21,3,,,,0
2023,11,22,15,Nov,1098,1285,217,14.3,0.0,2023-11-22,2023-11-22,4,,,,0
2023,11,23,22,Nov,959,1042,121,5.8,0.0,2023-11-23,2023-11-23,5,,,,0
2023,11,25,13,Nov,1240,1177,222,3.0,0.0,2023-11-25,2023-11-25,7,,,,0
2023,11,26,5,Nov,371,377,47,-2.2,0.0,2023-11-26,2023-11-26,1,,,,0
2023,11,26,16,Nov,1632,1506,295,9.2,0.0,2023-11-26,2023-11-26,1,,,,0
2023,11,21,2,Nov,283,166,24,0.3,0.0,2023-11-21,2023-11-21,3,,,,0
2023,11,22,2,Nov,299,253,56,9.7,3.2,2023-11-22,2023-11-22,4,,,,0
2023,11,26,8,Nov,575,859,138,-1.2,0.0,2023-11-26,2023-11-26,1,,,,0
2023,11,20,21,Nov,1347,1122,200,2.3,0.0,2023-11-20,2023-11-20,2,,,,0
2023,11,21,5,Nov,431,531,53,-1.1,0.0,2023-11-21,2023-11-21,3,,,,0
2023,11,22,21,Nov,1136,980,235,8.9,0.0,2023-11-22,2023-11-22,4,,,,0
2023,11,23,0,Nov,1155,753,195,9.6,0.0,2023-11-23,2023-11-23,5,,,,0
2023,11,23,4,Nov,467,356,42,8.0,0.0,2023-11-23,2023-11-23,5,,,,0
2023,11,25,6,Nov,316,439,34,-3.0,0.0,2023-11-25,2023-11-25,7,,,,0
2023,11,19,16,Nov,1767,1482,267,12.1,0.0,2023-11-19,2023-11-19,1,AnimeNYC,10.0,16.0,0
2023,11,20,13,Nov,980,1006,165,6.4,0.0,2023-11-20,2023-11-20,2,,,,0
2023,11,20,16,Nov,1067,1319,219,6.8,0.0,2023-11-20,2023-11-20,2,,,,0
2023,11,24,8,Nov,499,548,56,2.8,0.0,2023-11-24,2023-11-24,6,,,,0
2023,11,25,3,Nov,732,352,75,-1.1,0.0,2023-11-25,2023-11-25,7,,,,0
2023,11,26,11,Nov,1135,1178,198,4.9,0.0,2023-11-26,2023-11-26,1,,,,0
2023,11,19,9,Nov,908,1678,233,3.7,0.0,2023-11-19,2023-11-19,1,AnimeNYC,10.0,16.0,0
2023,11,19,15,Nov,1542,1416,260,12.3,0.0,2023-11-19,2023-11-19,1,AnimeNYC,10.0,16.0,1
2023,11,23,9,Nov,460,641,117,6.6,0.0,2023-11-23,2023-11-23,5,,,,0
2023,11,18,18,Nov,2259,2294,449,7.3,0.0,2023-11-18,2023-11-18,7,AnimeNYC,10.0,19.0,1
2023,11,20,10,Nov,1062,1039,203,3.7,0.0,2023-11-20,2023-11-20,2,,,,0
2023,11,23,2,Nov,615,345,102,9.7,0.0,2023-11-23,2023-11-23,5,,,,0
2023,11,23,3,Nov,584,344,64,9.2,0.0,2023-11-23,2023-11-23,5,,,,0
2023,11,24,13,Nov,1030,976,189,9.6,0.0,2023-11-24,2023-11-24,6,,,,0
2023,11,26,10,Nov,928,1124,163,2.6,0.0,2023-11-26,2023-11-26,1,,,,0
2023,11,26,20,Nov,1766,1116,234,10.0,0.1,2023-11-26,2023-11-26,1,,,,0
2023,11,25,19,Nov,1538,1627,306,0.8,0.0,2023-11-25,2023-11-25,7,,,,0
2023,10,2,4,Oct,322,308,35,17.1,0.0,2023-10-2,2023-10-02,2,,,,0
2023,10,7,9,Oct,1121,1210,211,18.9,5.3,2023-10-7,2023-10-07,7,,,,0
2023,10,8,22,Oct,1642,1309,262,11.8,0.0,2023-10-8,2023-10-08,1,,,,0
2023,10,9,0,Oct,838,555,130,11.1,0.0,2023-10-9,2023-10-09,2,,,,0
2023,10,4,19,Oct,1790,1871,368,20.0,0.0,2023-10-4,2023-10-04,4,,,,0
2023,10,4,0,Oct,755,438,89,17.9,0.0,2023-10-4,2023-10-04,4,,,,0
2023,10,4,6,Oct,712,772,92,15.1,0.0,2023-10-4,2023-10-04,4,,,,0
2023,10,4,9,Oct,1305,1481,280,18.8,0.0,2023-10-4,2023-10-04,4,,,,0
2023,10,6,4,Oct,414,410,41,18.2,0.06,2023-10-6,2023-10-06,6,,,,0
2023,10,7,2,Oct,1356,896,163,18.2,3.12,2023-10-7,2023-10-07,7,,,,0
2023,10,4,20,Oct,1903,1667,320,18.5,0.0,2023-10-4,2023-10-04,4,,,,0
2023,10,1,9,Oct,878,1407,244,17.5,0.0,2023-10-1,2023-10-01,1,,,,0
2023,10,1,13,Oct,1365,1443,270,23.8,0.0,2023-10-1,2023-10-01,1,,,,0
2023,10,3,1,Oct,356,222,47,15.1,0.0,2023-10-3,2023-10-03,3,,,,0
2023,10,3,18,Oct,1783,1856,381,24.2,0.0,2023-10-3,2023-10-03,3,,,,0
2023,10,6,23,Oct,2371,1844,345,18.8,0.0,2023-10-6,2023-10-06,6,,,,0
2023,10,1,6,Oct,471,641,50,14.5,0.0,2023-10-1,2023-10-01,1,,,,0
2023,10,1,7,Oct,449,826,93,14.3,0.0,2023-10-1,2023-10-01,1,,,,0
2023,10,2,15,Oct,1294,1078,223,25.1,0.0,2023-10-2,2023-10-02,2,,,,0
2023,10,2,22,Oct,1313,987,190,16.1,0.0,2023-10-2,2023-10-02,2,,,,0
2023,10,3,12,Oct,1044,1027,217,24.6,0.0,2023-10-3,2023-10-03,3,,,,0
2023,10,6,0,Oct,1023,885,142,17.5,0.0,2023-10-6,2023-10-06,6,,,,0
2023,10,7,4,Oct,593,475,71,17.7,7.78,2023-10-7,2023-10-07,7,,,,0
2023,10,8,15,Oct,1277,1396,235,16.5,0.0,2023-10-8,2023-10-08,1,,,,0
2023,10,4,10,Oct,1092,1100,182,21.3,0.0,2023-10-4,2023-10-04,4,,,,0
2023,10,7,15,Oct,1602,1631,308,17.3,2.58,2023-10-7,2023-10-07,7,,,,0
2023,10,8,1,Oct,1760,1306,230,11.6,0.0,2023-10-8,2023-10-08,1,,,,0
2023,10,8,6,Oct,467,635,55,9.7,0.0,2023-10-8,2023-10-08,1,,,,0
2023,10,9,6,Oct,586,701,85,7.6,0.0,2023-10-9,2023-10-09,2,,,,0
2023,10,2,23,Oct,1310,711,115,16.0,0.0,2023-10-2,2023-10-02,2,,,,0
2023,10,3,4,Oct,228,293,17,13.6,0.0,2023-10-3,2023-10-03,3,,,,0
2023,10,3,5,Oct,322,487,44,13.6,0.0,2023-10-3,2023-10-03,3,,,,0
2023,10,3,22,Oct,1711,1080,202,18.6,0.0,2023-10-3,2023-10-03,3,,,,0
2023,10,4,21,Oct,1960,1534,256,18.0,0.0,2023-10-4,2023-10-04,4,,,,0
2023,10,5,21,Oct,2175,1583,298,18.5,0.0,2023-10-5,2023-10-05,5,,,,0
2023,10,5,22,Oct,2159,1494,287,18.0,0.0,2023-10-5,2023-10-05,5,,,,0
2023,10,1,21,Oct,1610,1078,254,19.3,0.0,2023-10-1,2023-10-01,1,,,,0
2023,10,2,5,Oct,404,471,48,16.6,0.0,2023-10-2,2023-10-02,2,,,,0
2023,10,2,9,Oct,1118,1365,295,18.9,0.0,2023-10-2,2023-10-02,2,,,,0
2023,10,7,1,Oct,1630,1203,188,18.2,7.5,2023-10-7,2023-10-07,7,,,,0
2023,10,7,18,Oct,1954,2152,356,15.2,0.7,2023-10-7,2023-10-07,7,,,,0
2023,10,8,12,Oct,1407,1422,267,15.7,0.0,2023-10-8,2023-10-08,1,,,,0
2023,10,8,16,Oct,1434,1439,249,16.1,0.0,2023-10-8,2023-10-08,1,,,,0
2023,10,4,18,Oct,1868,1888,381,22.6,0.0,2023-10-4,2023-10-04,4,,,,0
2023,10,5,16,Oct,1355,1480,258,22.3,0.0,2023-10-5,2023-10-05,5,,,,0
2023,10,2,14,Oct,1132,1102,216,24.7,0.0,2023-10-2,2023-10-02,2,,,,0
2023,10,3,21,Oct,1859,1326,265,19.5,0.0,2023-10-3,2023-10-03,3,,,,0
2023,10,4,5,Oct,387,489,39,15.4,0.0,2023-10-4,2023-10-04,4,,,,0
2023,10,4,7,Oct,1162,1135,209,15.1,0.0,2023-10-4,2023-10-04,4,,,,0
2023,10,5,0,Oct,834,564,114,15.8,0.0,2023-10-5,2023-10-05,5,,,,0
2023,10,5,7,Oct,1214,1119,198,12.9,0.0,2023-10-5,2023-10-05,5,,,,0
2023,10,8,13,Oct,1450,1383,243,16.3,0.0,2023-10-8,2023-10-08,1,,,,0
2023,10,1,19,Oct,1652,1469,320,20.6,0.0,2023-10-1,2023-10-01,1,,,,0
2023,10,3,7,Oct,1075,1285,228,13.3,0.0,2023-10-3,2023-10-03,3,,,,0
2023,10,6,3,Oct,399,284,54,18.0,0.0,2023-10-6,2023-10-06,6,,,,0
2023,10,7,0,Oct,1799,1556,293,18.3,2.6,2023-10-7,2023-10-07,7,,,,0
2023,10,7,21,Oct,1900,1823,335,13.0,0.0,2023-10-7,2023-10-07,7,,,,0
2023,10,4,3,Oct,201,159,16,16.7,0.0,2023-10-4,2023-10-04,4,,,,0
2023,10,6,8,Oct,1295,1252,228,19.4,0.1,2023-10-6,2023-10-06,6,,,,0
2023,10,6,20,Oct,1758,1664,314,19.6,0.1,2023-10-6,2023-10-06,6,,,,0
2023,10,7,7,Oct,528,752,81,17.7,4.12,2023-10-7,2023-10-07,7,,,,0
2023,10,4,23,Oct,1802,978,214,16.3,0.0,2023-10-4,2023-10-04,4,,,,0
2023,10,3,3,Oct,178,160,32,13.6,0.0,2023-10-3,2023-10-03,3,,,,0
2023,10,6,13,Oct,1236,1215,192,21.9,0.1,2023-10-6,2023-10-06,6,,,,0
2023,10,9,4,Oct,411,295,41,8.3,0.0,2023-10-9,2023-10-09,2,,,,0
2023,10,1,11,Oct,1279,1619,273,21.3,0.0,2023-10-1,2023-10-01,1,,,,0
2023,10,3,15,Oct,1305,1095,232,27.0,0.0,2023-10-3,2023-10-03,3,,,,0
2023,10,5,2,Oct,397,240,60,15.2,0.0,2023-10-5,2023-10-05,5,,,,0
2023,10,4,13,Oct,1140,985,169,27.0,0.0,2023-10-4,2023-10-04,4,,,,0
2023,10,2,6,Oct,701,801,100,16.2,0.0,2023-10-2,2023-10-02,2,,,,0
2023,10,2,8,Oct,1324,1715,403,17.0,0.0,2023-10-2,2023-10-02,2,,,,0
2023,10,2,16,Oct,1237,1224,273,25.2,0.0,2023-10-2,2023-10-02,2,,,,0
2023,10,5,6,Oct,767,795,106,13.1,0.0,2023-10-5,2023-10-05,5,,,,0
2023,10,6,16,Oct,1305,1370,249,21.7,0.06,2023-10-6,2023-10-06,6,,,,0
2023,10,7,10,Oct,1391,1583,267,19.1,2.36,2023-10-7,2023-10-07,7,,,,0
2023,10,8,23,Oct,1234,948,192,11.4,0.0,2023-10-8,2023-10-08,1,,,,0
2023,10,4,14,Oct,1284,1132,238,27.6,0.0,2023-10-4,2023-10-04,4,,,,0
2023,10,1,8,Oct,692,1381,324,15.8,0.0,2023-10-1,2023-10-01,1,,,,0
2023,10,1,20,Oct,1370,1262,230,19.7,0.0,2023-10-1,2023-10-01,1,,,,0
2023,10,3,9,Oct,1268,1392,351,15.8,0.0,2023-10-3,2023-10-03,3,,,,0
2023,10,5,12,Oct,1087,1035,179,22.5,0.0,2023-10-5,2023-10-05,5,,,,0
2023,10,6,17,Oct,1574,1713,333,21.2,0.0,2023-10-6,2023-10-06,6,,,,0
2023,10,7,6,Oct,397,734,77,17.8,0.4,2023-10-7,2023-10-07,7,,,,0
2023,10,5,14,Oct,1166,1235,195,24.0,0.0,2023-10-5,2023-10-05,5,,,,0
2023,10,2,13,Oct,1104,955,182,24.9,0.0,2023-10-2,2023-10-02,2,,,,0
2023,10,2,19,Oct,1544,1436,313,21.6,0.0,2023-10-2,2023-10-02,2,,,,0
2023,10,3,2,Oct,208,147,18,14.6,0.0,2023-10-3,2023-10-03,3,,,,0
2023,10,6,10,Oct,1131,1214,223,20.9,0.24,2023-10-6,2023-10-06,6,,,,0
2023,10,7,11,Oct,1554,1688,335,20.0,1.36,2023-10-7,2023-10-07,7,,,,0
2023,10,7,19,Oct,2059,2451,465,14.4,0.46,2023-10-7,2023-10-07,7,,,,0
2023,10,8,0,Oct,2338,1699,381,11.7,0.0,2023-10-8,2023-10-08,1,,,,0
2023,10,5,23,Oct,1594,1236,193,17.6,0.0,2023-10-5,2023-10-05,5,,,,0
2023,10,1,15,Oct,1324,1345,259,25.0,0.0,2023-10-1,2023-10-01,1,,,,0
2023,10,2,3,Oct,221,176,21,17.5,0.0,2023-10-2,2023-10-02,2,,,,0
2023,10,3,20,Oct,1845,1508,306,20.4,0.0,2023-10-3,2023-10-03,3,,,,0
2023,10,6,14,Oct,1231,1316,231,22.4,0.3,2023-10-6,2023-10-06,6,,,,0
2023,10,7,3,Oct,1034,663,106,17.9,0.46,2023-10-7,2023-10-07,7,,,,0
2023,10,8,5,Oct,460,421,53,10.0,0.0,2023-10-8,2023-10-08,1,,,,0
2023,10,9,2,Oct,406,198,74,9.9,0.0,2023-10-9,2023-10-09,2,,,,0
2023,10,9,5,Oct,410,450,37,7.8,0.0,2023-10-9,2023-10-09,2,,,,0
2023,10,2,20,Oct,1494,1267,249,17.9,0.0,2023-10-2,2023-10-02,2,,,,0
2023,10,4,12,Oct,1068,977,203,25.9,0.0,2023-10-4,2023-10-04,4,,,,0
2023,10,5,4,Oct,355,310,42,13.6,0.0,2023-10-5,2023-10-05,5,,,,0
2023,10,6,21,Oct,1823,1511,283,19.7,0.44,2023-10-6,2023-10-06,6,,,,0
2023,10,7,5,Oct,396,416,45,17.8,12.3,2023-10-7,2023-10-07,7,,,,0
2023,10,9,8,Oct,1132,1165,191,8.6,0.0,2023-10-9,2023-10-09,2,,,,0
2023,10,3,6,Oct,665,860,95,13.5,0.0,2023-10-3,2023-10-03,3,,,,0
2023,10,6,19,Oct,2091,2006,451,19.9,0.04,2023-10-6,2023-10-06,6,,,,0
2023,10,7,8,Oct,750,1070,156,18.6,5.2,2023-10-7,2023-10-07,7,,,,0
2023,10,8,14,Oct,1375,1349,242,16.8,0.0,2023-10-8,2023-10-08,1,,,,0
2023,10,3,16,Oct,1362,1289,264,27.2,0.0,2023-10-3,2023-10-03,3,,,,0
2023,10,6,2,Oct,498,345,61,17.8,0.0,2023-10-6,2023-10-06,6,,,,0
2023,10,4,15,Oct,1338,1108,238,27.7,0.0,2023-10-4,2023-10-04,4,,,,0
2023,10,1,4,Oct,800,471,112,14.5,0.0,2023-10-1,2023-10-01,1,,,,0
2023,10,2,7,Oct,1052,1111,183,15.9,0.0,2023-10-2,2023-10-02,2,,,,0
2023,10,5,1,Oct,503,342,73,15.2,0.0,2023-10-5,2023-10-05,5,,,,0
2023,10,6,9,Oct,1215,1235,226,20.3,0.06,2023-10-6,2023-10-06,6,,,,0
2023,10,6,18,Oct,1850,1898,389,20.5,0.0,2023-10-6,2023-10-06,6,,,,0
2023,10,7,20,Oct,1826,2030,370,13.4,0.0,2023-10-7,2023-10-07,7,,,,0
2023,10,8,2,Oct,1528,1000,219,11.2,0.0,2023-10-8,2023-10-08,1,,,,0
2023,10,5,17,Oct,1735,1759,374,21.3,0.0,2023-10-5,2023-10-05,5,,,,0
2023,10,2,21,Oct,1593,1202,205,17.4,0.0,2023-10-2,2023-10-02,2,,,,0
2023,10,3,14,Oct,1260,1066,228,26.6,0.0,2023-10-3,2023-10-03,3,,,,0
2023,10,7,13,Oct,1908,1928,468,20.6,0.2,2023-10-7,2023-10-07,7,,,,0
2023,10,8,3,Oct,1171,651,126,10.7,0.0,2023-10-8,2023-10-08,1,,,,0
2023,10,2,2,Oct,241,165,30,17.5,0.0,2023-10-2,2023-10-02,2,,,,0
2023,10,2,11,Oct,1005,1070,195,22.7,0.0,2023-10-2,2023-10-02,2,,,,0
2023,10,3,13,Oct,1180,1001,193,25.9,0.0,2023-10-3,2023-10-03,3,,,,0
2023,10,3,19,Oct,1794,1823,387,21.1,0.0,2023-10-3,2023-10-03,3,,,,0
2023,10,4,8,Oct,1504,1762,358,16.7,0.0,2023-10-4,2023-10-04,4,,,,0
2023,10,5,11,Oct,1014,1137,180,20.5,0.0,2023-10-5,2023-10-05,5,,,,0
2023,10,6,22,Oct,2546,1738,399,19.0,0.2,2023-10-6,2023-10-06,6,,,,0
2023,10,8,11,Oct,1311,1505,252,15.0,0.0,2023-10-8,2023-10-08,1,,,,0
2023,10,8,18,Oct,1463,1761,319,14.7,0.0,2023-10-8,2023-10-08,1,,,,0
2023,10,1,22,Oct,1868,1051,252,18.4,0.0,2023-10-1,2023-10-01,1,,,,0
2023,10,1,23,Oct,1174,755,149,17.6,0.0,2023-10-1,2023-10-01,1,,,,0
2023,10,2,1,Oct,630,241,57,17.3,0.0,2023-10-2,2023-10-02,2,,,,0
2023,10,2,17,Oct,1607,1453,304,24.6,0.0,2023-10-2,2023-10-02,2,,,,0
2023,10,2,18,Oct,1732,1594,340,22.7,0.0,2023-10-2,2023-10-02,2,,,,0
2023,10,5,10,Oct,1085,1110,201,17.7,0.0,2023-10-5,2023-10-05,5,,,,0
2023,10,8,7,Oct,473,677,69,9.5,0.0,2023-10-8,2023-10-08,1,,,,0
2023,10,9,9,Oct,1074,1146,171,10.3,0.0,2023-10-9,2023-10-09,2,,,,0
2023,10,5,18,Oct,1985,1900,330,19.7,0.0,2023-10-5,2023-10-05,5,,,,0
2023,10,5,20,Oct,2037,1583,272,19.0,0.0,2023-10-5,2023-10-05,5,,,,0
2023,10,1,5,Oct,444,405,39,14.6,0.0,2023-10-1,2023-10-01,1,,,,0
2023,10,2,0,Oct,1022,451,117,17.3,0.0,2023-10-2,2023-10-02,2,,,,0
2023,10,3,23,Oct,1649,773,167,18.4,0.0,2023-10-3,2023-10-03,3,,,,0
2023,10,4,11,Oct,1078,1034,169,24.0,0.0,2023-10-4,2023-10-04,4,,,,0
2023,10,5,3,Oct,299,224,46,14.7,0.0,2023-10-5,2023-10-05,5,,,,0
2023,10,6,7,Oct,1096,997,160,18.6,0.3,2023-10-6,2023-10-06,6,,,,0
2023,10,8,8,Oct,690,830,105,10.7,0.0,2023-10-8,2023-10-08,1,,,,0
2023,10,8,10,Oct,1179,1420,190,14.0,0.0,2023-10-8,2023-10-08,1,,,,0
2023,10,9,1,Oct,489,342,83,10.9,0.0,2023-10-9,2023-10-09,2,,,,0
2023,10,4,22,Oct,1928,1309,249,17.2,0.0,2023-10-4,2023-10-04,4,,,,0
2023,10,5,13,Oct,1136,1086,191,23.7,0.0,2023-10-5,2023-10-05,5,,,,0
2023,10,2,12,Oct,1003,984,170,24.1,0.0,2023-10-2,2023-10-02,2,,,,0
2023,10,4,1,Oct,408,264,60,17.5,0.0,2023-10-4,2023-10-04,4,,,,0
2023,10,7,12,Oct,1767,1761,358,19.5,0.24,2023-10-7,2023-10-07,7,,,,0
2023,10,9,7,Oct,807,809,124,7.4,0.0,2023-10-9,2023-10-09,2,,,,0
2023,10,5,15,Oct,1267,1275,220,23.3,0.0,2023-10-5,2023-10-05,5,,,,0
2023,10,2,10,Oct,985,1078,220,21.0,0.0,2023-10-2,2023-10-02,2,,,,0
2023,10,3,10,Oct,1086,1120,231,19.0,0.0,2023-10-3,2023-10-03,3,,,,0
2023,10,5,5,Oct,420,502,50,13.4,0.0,2023-10-5,2023-10-05,5,,,,0
2023,10,6,11,Oct,1205,1214,197,21.4,0.04,2023-10-6,2023-10-06,6,,,,0
2023,10,1,14,Oct,1438,1308,268,24.6,0.0,2023-10-1,2023-10-01,1,,,,0
2023,10,1,18,Oct,1681,1709,385,22.7,0.0,2023-10-1,2023-10-01,1,,,,0
2023,10,3,8,Oct,1530,1796,419,12.7,0.0,2023-10-3,2023-10-03,3,,,,0
2023,10,7,17,Oct,1800,1970,382,16.4,0.2,2023-10-7,2023-10-07,7,,,,0
2023,10,8,17,Oct,1498,1648,258,15.8,0.0,2023-10-8,2023-10-08,1,,,,0
2023,10,8,21,Oct,1822,1386,262,12.2,0.0,2023-10-8,2023-10-08,1,,,,0
2023,10,1,10,Oct,1117,1610,273,19.4,0.0,2023-10-1,2023-10-01,1,,,,0
2023,10,1,12,Oct,1489,1431,299,22.8,0.0,2023-10-1,2023-10-01,1,,,,0
2023,10,1,17,Oct,1650,1503,401,24.3,0.0,2023-10-1,2023-10-01,1,,,,0
2023,10,3,0,Oct,764,440,74,14.9,0.0,2023-10-3,2023-10-03,3,,,,0
2023,10,6,15,Oct,1361,1360,255,22.0,0.32,2023-10-6,2023-10-06,6,,,,0
2023,10,7,22,Oct,2211,1954,361,12.1,0.0,2023-10-7,2023-10-07,7,,,,0
2023,10,9,3,Oct,365,239,62,9.0,0.0,2023-10-9,2023-10-09,2,,,,0
2023,10,4,17,Oct,1715,1679,335,24.9,0.0,2023-10-4,2023-10-04,4,,,,0
2023,10,3,17,Oct,1621,1511,307,26.8,0.0,2023-10-3,2023-10-03,3,,,,0
2023,10,4,4,Oct,287,296,21,15.9,0.0,2023-10-4,2023-10-04,4,,,,0
2023,10,6,1,Oct,840,504,112,17.6,0.0,2023-10-6,2023-10-06,6,,,,0
2023,10,6,6,Oct,733,872,120,18.5,0.0,2023-10-6,2023-10-06,6,,,,0
2023,10,8,4,Oct,730,465,91,10.3,0.0,2023-10-8,2023-10-08,1,,,,0
2023,10,8,9,Oct,887,1189,194,12.1,0.0,2023-10-8,2023-10-08,1,,,,0
2023,10,8,19,Oct,1554,1600,287,13.5,0.0,2023-10-8,2023-10-08,1,,,,0
2023,10,1,1,Oct,1804,1326,258,15.2,0.0,2023-10-1,2023-10-01,1,,,,0
2023,10,1,3,Oct,2724,1662,319,14.7,0.0,2023-10-1,2023-10-01,1,,,,0
2023,10,5,8,Oct,1570,1548,290,14.3,0.0,2023-10-5,2023-10-05,5,,,,0
2023,10,5,9,Oct,1390,1291,275,15.5,0.0,2023-10-5,2023-10-05,5,,,,0
2023,10,6,5,Oct,482,556,47,18.4,0.0,2023-10-6,2023-10-06,6,,,,0
2023,10,8,20,Oct,1436,1379,244,12.3,0.0,2023-10-8,2023-10-08,1,,,,0
2023,10,1,0,Oct,2080,1709,342,15.4,0.0,2023-10-1,2023-10-01,1,,,,0
2023,10,1,16,Oct,1519,1426,333,25.0,0.0,2023-10-1,2023-10-01,1,,,,0
2023,10,3,11,Oct,1003,996,198,22.4,0.0,2023-10-3,2023-10-03,3,,,,0
2023,10,4,2,Oct,259,182,28,17.2,0.0,2023-10-4,2023-10-04,4,,,,0
2023,10,6,12,Oct,1248,1188,202,21.7,0.06,2023-10-6,2023-10-06,6,,,,0
2023,10,7,16,Oct,1649,1682,337,17.0,0.04,2023-10-7,2023-10-07,7,,,,0
2023,10,4,16,Oct,1354,1284,259,26.8,0.0,2023-10-4,2023-10-04,4,,,,0
2023,10,5,19,Oct,1874,1677,295,17.9,0.0,2023-10-5,2023-10-05,5,,,,0
2023,10,7,14,Oct,1584,1765,361,20.4,2.7,2023-10-7,2023-10-07,7,,,,0
2023,10,7,23,Oct,2591,2062,443,11.8,0.0,2023-10-7,2023-10-07,7,,,,0
2023,10,10,9,Oct,1272,1451,309,12.4,0.0,2023-10-10,2023-10-10,3,,,,0
2023,10,11,15,Oct,1228,1229,178,20.5,0.0,2023-10-11,2023-10-11,4,,,,0
2023,10,14,4,Oct,634,459,66,10.7,0.0,2023-10-14,2023-10-14,7,NYCC,10.0,19.0,0
2023,10,15,23,Oct,1098,825,139,9.6,0.0,2023-10-15,2023-10-15,1,NYCC,10.0,17.0,0
2023,10,18,7,Oct,1300,1256,217,7.1,0.0,2023-10-18,2023-10-18,4,,,,0
2023,10,10,19,Oct,1786,1403,308,14.9,0.0,2023-10-10,2023-10-10,3,,,,0
2023,10,11,10,Oct,1171,1193,247,16.3,0.0,2023-10-11,2023-10-11,4,,,,0
2023,10,13,13,Oct,1338,1424,284,16.4,0.0,2023-10-13,2023-10-13,6,NYCC,10.0,19.0,1
2023,10,15,13,Oct,1544,1619,306,15.7,0.0,2023-10-15,2023-10-15,1,NYCC,10.0,17.0,1
2023,10,15,20,Oct,1497,1297,258,11.4,0.0,2023-10-15,2023-10-15,1,NYCC,10.0,17.0,0
2023,10,16,18,Oct,1622,1845,343,13.7,0.0,2023-10-16,2023-10-16,2,,,,0
2023,10,18,12,Oct,1105,1092,194,16.9,0.14,2023-10-18,2023-10-18,4,,,,0
2023,10,19,4,Oct,407,345,37,8.3,0.0,2023-10-19,2023-10-19,5,,,,0
2023,10,10,5,Oct,342,504,47,9.6,0.0,2023-10-10,2023-10-10,3,,,,0
2023,10,10,13,Oct,986,988,192,16.9,0.0,2023-10-10,2023-10-10,3,,,,0
2023,10,11,11,Oct,1057,1187,185,18.0,0.0,2023-10-11,2023-10-11,4,,,,0
2023,10,16,11,Oct,942,1107,193,14.7,0.0,2023-10-16,2023-10-16,2,,,,0
2023,10,17,14,Oct,1101,1054,164,16.6,0.14,2023-10-17,2023-10-17,3,,,,0
2023,10,18,14,Oct,1146,1100,183,17.2,0.0,2023-10-18,2023-10-18,4,,,,0
2023,10,10,7,Oct,1131,1137,206,8.2,0.0,2023-10-10,2023-10-10,3,,,,0
2023,10,13,2,Oct,551,346,62,11.4,0.0,2023-10-13,2023-10-13,6,NYCC,10.0,19.0,0
2023,10,14,6,Oct,397,761,73,10.2,0.0,2023-10-14,2023-10-14,7,NYCC,10.0,19.0,0
2023,10,15,1,Oct,1785,1339,242,9.9,0.44,2023-10-15,2023-10-15,1,NYCC,10.0,17.0,0
2023,10,16,1,Oct,486,237,66,8.7,0.0,2023-10-16,2023-10-16,2,,,,0
2023,10,16,14,Oct,1092,1098,171,17.3,0.0,2023-10-16,2023-10-16,2,,,,0
2023,10,16,20,Oct,1556,1442,262,12.4,0.0,2023-10-16,2023-10-16,2,,,,0
2023,10,17,21,Oct,2170,1410,285,10.9,0.0,2023-10-17,2023-10-17,3,,,,0
2023,10,19,9,Oct,1323,1451,258,10.4,0.0,2023-10-19,2023-10-19,5,,,,0
2023,10,9,16,Oct,1246,1222,218,15.0,0.0,2023-10-9,2023-10-09,2,,,,0
2023,10,11,3,Oct,210,157,27,10.5,0.0,2023-10-11,2023-10-11,4,,,,0
2023,10,12,15,Oct,1462,1324,258,20.8,0.0,2023-10-12,2023-10-12,5,NYCC,10.0,19.0,1
2023,10,12,20,Oct,2297,1633,384,14.1,0.0,2023-10-12,2023-10-12,5,NYCC,10.0,19.0,0
2023,10,14,10,Oct,1581,2383,568,11.4,0.3,2023-10-14,2023-10-14,7,NYCC,10.0,19.0,1
2023,10,14,14,Oct,2298,2171,652,11.1,1.52,2023-10-14,2023-10-14,7,NYCC,10.0,19.0,1
2023,10,14,21,Oct,2460,1846,375,10.0,0.2,2023-10-14,2023-10-14,7,NYCC,10.0,19.0,0
2023,10,15,12,Oct,1478,1926,343,14.9,0.0,2023-10-15,2023-10-15,1,NYCC,10.0,17.0,1
2023,10,17,1,Oct,357,234,54,9.9,0.0,2023-10-17,2023-10-17,3,,,,0
2023,10,17,3,Oct,201,148,17,9.5,0.0,2023-10-17,2023-10-17,3,,,,0
2023,10,17,5,Oct,363,487,39,8.9,0.0,2023-10-17,2023-10-17,3,,,,0
2023,10,18,4,Oct,321,286,17,7.9,0.0,2023-10-18,2023-10-18,4,,,,0
2023,10,18,22,Oct,2193,1390,270,12.1,0.0,2023-10-18,2023-10-18,4,,,,0
2023,10,19,5,Oct,431,528,54,8.1,0.0,2023-10-19,2023-10-19,5,,,,0
2023,10,10,6,Oct,679,895,97,8.6,0.0,2023-10-10,2023-10-10,3,,,,0
2023,10,11,0,Oct,630,476,87,10.0,0.0,2023-10-11,2023-10-11,4,,,,0
2023,10,11,21,Oct,2159,1560,236,13.0,0.0,2023-10-11,2023-10-11,4,,,,0
2023,10,11,22,Oct,1860,1341,231,11.7,0.0,2023-10-11,2023-10-11,4,,,,0
2023,10,12,10,Oct,1120,1428,256,15.2,0.0,2023-10-12,2023-10-12,5,NYCC,10.0,19.0,1
2023,10,15,0,Oct,2138,1658,324,9.8,0.3,2023-10-15,2023-10-15,1,NYCC,10.0,17.0,0
2023,10,18,15,Oct,1309,1246,194,17.0,0.0,2023-10-18,2023-10-18,4,,,,0
2023,10,10,22,Oct,1521,1115,218,13.4,0.0,2023-10-10,2023-10-10,3,,,,0
2023,10,13,19,Oct,2392,2090,442,12.9,0.0,2023-10-13,2023-10-13,6,NYCC,10.0,19.0,0
2023,10,15,17,Oct,1832,1396,263,15.1,0.0,2023-10-15,2023-10-15,1,NYCC,10.0,17.0,0
2023,10,15,19,Oct,1715,1340,285,12.0,0.0,2023-10-15,2023-10-15,1,NYCC,10.0,17.0,0
2023,10,16,21,Oct,2049,1406,253,12.3,0.0,2023-10-16,2023-10-16,2,,,,0
2023,10,17,16,Oct,1268,1295,220,16.8,0.0,2023-10-17,2023-10-17,3,,,,0
2023,10,18,20,Oct,2315,1638,294,13.6,0.0,2023-10-18,2023-10-18,4,,,,0
2023,10,10,21,Oct,1923,1402,274,14.0,0.0,2023-10-10,2023-10-10,3,,,,0
2023,10,12,8,Oct,1595,1799,385,10.2,0.0,2023-10-12,2023-10-12,5,NYCC,10.0,19.0,0
2023,10,16,0,Oct,714,482,78,9.1,0.0,2023-10-16,2023-10-16,2,,,,0
2023,10,19,8,Oct,1554,1669,329,8.1,0.0,2023-10-19,2023-10-19,5,,,,0
2023,10,11,12,Oct,999,1145,175,19.2,0.0,2023-10-11,2023-10-11,4,,,,0
2023,10,11,18,Oct,2010,1865,391,16.8,0.0,2023-10-11,2023-10-11,4,,,,0
2023,10,12,2,Oct,336,219,45,9.3,0.0,2023-10-12,2023-10-12,5,NYCC,10.0,19.0,0
2023,10,13,5,Oct,438,596,59,10.1,0.0,2023-10-13,2023-10-13,6,NYCC,10.0,19.0,0
2023,10,16,4,Oct,374,304,27,7.7,0.0,2023-10-16,2023-10-16,2,,,,0
2023,10,9,20,Oct,1393,1202,202,11.6,0.0,2023-10-9,2023-10-09,2,,,,0
2023,10,12,22,Oct,2270,1459,275,12.7,0.0,2023-10-12,2023-10-12,5,NYCC,10.0,19.0,0
2023,10,14,20,Oct,2177,1988,420,10.1,0.78,2023-10-14,2023-10-14,7,NYCC,10.0,19.0,0
2023,10,16,17,Oct,1616,1602,283,14.9,0.0,2023-10-16,2023-10-16,2,,,,0
2023,10,9,11,Oct,979,952,175,13.8,0.0,2023-10-9,2023-10-09,2,,,,0
2023,10,9,23,Oct,895,785,111,9.3,0.0,2023-10-9,2023-10-09,2,,,,0
2023,10,10,16,Oct,1290,1248,250,17.8,0.0,2023-10-10,2023-10-10,3,,,,0
2023,10,12,19,Oct,2340,1783,433,14.9,0.0,2023-10-12,2023-10-12,5,NYCC,10.0,19.0,0
2023,10,13,22,Oct,2607,1707,355,11.6,0.0,2023-10-13,2023-10-13,6,NYCC,10.0,19.0,0
2023,10,14,2,Oct,1325,878,161,9.9,0.0,2023-10-14,2023-10-14,7,NYCC,10.0,19.0,0
2023,10,14,17,Oct,2372,2222,532,10.7,2.82,2023-10-14,2023-10-14,7,NYCC,10.0,19.0,1
2023,10,18,16,Oct,1365,1407,251,17.0,0.0,2023-10-18,2023-10-18,4,,,,0
2023,10,18,21,Oct,2457,1539,316,13.3,0.0,2023-10-18,2023-10-18,4,,,,0
2023,10,11,1,Oct,345,227,46,11.7,0.0,2023-10-11,2023-10-11,4,,,,0
2023,10,12,4,Oct,300,301,35,8.6,0.0,2023-10-12,2023-10-12,5,NYCC,10.0,19.0,0
2023,10,14,19,Oct,2448,2367,567,10.2,1.02,2023-10-14,2023-10-14,7,NYCC,10.0,19.0,0
2023,10,16,7,Oct,1073,1076,157,7.7,0.0,2023-10-16,2023-10-16,2,,,,0
2023,10,16,19,Oct,1577,1508,276,12.1,0.0,2023-10-16,2023-10-16,2,,,,0
2023,10,17,18,Oct,1865,1960,353,14.4,0.0,2023-10-17,2023-10-17,3,,,,0
2023,10,18,5,Oct,386,480,47,7.8,0.0,2023-10-18,2023-10-18,4,,,,0
2023,10,9,12,Oct,1019,1010,185,14.6,0.1,2023-10-9,2023-10-09,2,,,,0
2023,10,9,13,Oct,993,963,171,15.1,0.0,2023-10-9,2023-10-09,2,,,,0
2023,10,10,0,Oct,554,445,76,9.4,0.0,2023-10-10,2023-10-10,3,,,,0
2023,10,11,7,Oct,1226,1207,234,8.0,0.0,2023-10-11,2023-10-11,4,,,,0
2023,10,12,1,Oct,487,297,76,9.8,0.0,2023-10-12,2023-10-12,5,NYCC,10.0,19.0,0
2023,10,12,7,Oct,1194,1369,246,7.6,0.0,2023-10-12,2023-10-12,5,NYCC,10.0,19.0,0
2023,10,13,20,Oct,2054,1876,388,12.5,0.0,2023-10-13,2023-10-13,6,NYCC,10.0,19.0,0
2023,10,13,21,Oct,2295,1633,340,11.7,0.0,2023-10-13,2023-10-13,6,NYCC,10.0,19.0,0
2023,10,14,12,Oct,2089,2315,678,11.2,1.42,2023-10-14,2023-10-14,7,NYCC,10.0,19.0,1
2023,10,16,6,Oct,738,847,96,7.5,0.0,2023-10-16,2023-10-16,2,,,,0
2023,10,17,13,Oct,998,962,165,16.3,0.04,2023-10-17,2023-10-17,3,,,,0
2023,10,17,19,Oct,1815,1746,316,12.7,0.0,2023-10-17,2023-10-17,3,,,,0
2023,10,9,15,Oct,1109,1103,234,15.0,0.0,2023-10-9,2023-10-09,2,,,,0
2023,10,9,22,Oct,1250,957,160,11.8,0.0,2023-10-9,2023-10-09,2,,,,0
2023,10,14,23,Oct,2568,1970,363,10.0,0.1,2023-10-14,2023-10-14,7,NYCC,10.0,19.0,0
2023,10,15,9,Oct,954,1840,267,11.8,0.0,2023-10-15,2023-10-15,1,NYCC,10.0,17.0,0
2023,10,17,11,Oct,1043,1073,188,14.9,0.1,2023-10-17,2023-10-17,3,,,,0
2023,10,10,12,Oct,976,977,206,16.9,0.0,2023-10-10,2023-10-10,3,,,,0
2023,10,10,20,Oct,1758,1489,230,15.0,0.0,2023-10-10,2023-10-10,3,,,,0
2023,10,14,5,Oct,377,458,42,9.9,0.0,2023-10-14,2023-10-14,7,NYCC,10.0,19.0,0
2023,10,14,18,Oct,2497,2550,515,10.4,0.62,2023-10-14,2023-10-14,7,NYCC,10.0,19.0,1
2023,10,14,22,Oct,2982,2090,372,9.9,0.14,2023-10-14,2023-10-14,7,NYCC,10.0,19.0,0
2023,10,15,6,Oct,431,755,67,10.0,0.0,2023-10-15,2023-10-15,1,NYCC,10.0,17.0,0
2023,10,17,2,Oct,225,180,30,9.8,0.0,2023-10-17,2023-10-17,3,,,,0
2023,10,17,10,Oct,1078,1145,189,13.5,0.0,2023-10-17,2023-10-17,3,,,,0
2023,10,10,10,Oct,1050,1119,210,14.0,0.0,2023-10-10,2023-10-10,3,,,,0
2023,10,12,0,Oct,823,592,134,10.5,0.0,2023-10-12,2023-10-12,5,NYCC,10.0,19.0,0
2023,10,13,10,Oct,1135,1629,265,13.3,0.0,2023-10-13,2023-10-13,6,NYCC,10.0,19.0,1
2023,10,14,16,Oct,2182,1873,539,10.8,1.88,2023-10-14,2023-10-14,7,NYCC,10.0,19.0,1
2023,10,16,8,Oct,1409,1379,270,8.6,0.0,2023-10-16,2023-10-16,2,,,,0
2023,10,19,1,Oct,526,335,86,9.8,0.0,2023-10-19,2023-10-19,5,,,,0
2023,10,9,21,Oct,1556,1129,197,12.1,0.0,2023-10-9,2023-10-09,2,,,,0
2023,10,10,23,Oct,982,837,114,12.2,0.0,2023-10-10,2023-10-10,3,,,,0
2023,10,12,23,Oct,1773,1199,226,12.4,0.0,2023-10-12,2023-10-12,5,NYCC,10.0,19.0,0
2023,10,13,12,Oct,1121,1508,281,15.5,0.0,2023-10-13,2023-10-13,6,NYCC,10.0,19.0,1
2023,10,14,13,Oct,2069,2245,575,11.3,1.58,2023-10-14,2023-10-14,7,NYCC,10.0,19.0,1
2023,10,15,11,Oct,1406,2024,349,13.9,0.06,2023-10-15,2023-10-15,1,NYCC,10.0,17.0,1
2023,10,16,9,Oct,1271,1333,252,10.8,0.0,2023-10-16,2023-10-16,2,,,,0
2023,10,16,22,Oct,1713,1099,238,11.4,0.0,2023-10-16,2023-10-16,2,,,,0
2023,10,10,4,Oct,264,325,29,10.6,0.0,2023-10-10,2023-10-10,3,,,,0
2023,10,13,9,Oct,1198,1762,324,11.3,0.0,2023-10-13,2023-10-13,6,NYCC,10.0,19.0,0
2023,10,13,18,Oct,2246,2089,462,14.9,0.0,2023-10-13,2023-10-13,6,NYCC,10.0,19.0,1
2023,10,14,0,Oct,1934,1436,231,10.2,0.0,2023-10-14,2023-10-14,7,NYCC,10.0,19.0,0
2023,10,14,1,Oct,1602,1151,219,9.8,0.0,2023-10-14,2023-10-14,7,NYCC,10.0,19.0,0
2023,10,14,11,Oct,1743,2423,581,11.6,0.24,2023-10-14,2023-10-14,7,NYCC,10.0,19.0,1
2023,10,15,7,Oct,473,862,90,10.1,0.0,2023-10-15,2023-10-15,1,NYCC,10.0,17.0,0
2023,10,15,21,Oct,1667,1257,251,10.6,0.0,2023-10-15,2023-10-15,1,NYCC,10.0,17.0,0
2023,10,17,7,Oct,1243,1286,207,8.3,0.0,2023-10-17,2023-10-17,3,,,,0
2023,10,11,8,Oct,1621,1627,309,10.6,0.0,2023-10-11,2023-10-11,4,,,,0
2023,10,11,19,Oct,1931,1721,329,14.6,0.0,2023-10-11,2023-10-11,4,,,,0
2023,10,13,3,Oct,420,297,39,10.8,0.0,2023-10-13,2023-10-13,6,NYCC,10.0,19.0,0
2023,10,13,6,Oct,730,912,97,9.5,0.0,2023-10-13,2023-10-13,6,NYCC,10.0,19.0,0
2023,10,15,18,Oct,1741,1391,284,13.9,0.0,2023-10-15,2023-10-15,1,NYCC,10.0,17.0,0
2023,10,18,23,Oct,1420,1040,170,11.1,0.0,2023-10-18,2023-10-18,4,,,,0
2023,10,19,0,Oct,893,644,129,10.4,0.0,2023-10-19,2023-10-19,5,,,,0
2023,10,9,14,Oct,1089,1064,175,15.7,0.0,2023-10-9,2023-10-09,2,,,,0
2023,10,10,8,Oct,1549,1642,326,10.0,0.0,2023-10-10,2023-10-10,3,,,,0
2023,10,12,12,Oct,1137,1244,203,19.1,0.0,2023-10-12,2023-10-12,5,NYCC,10.0,19.0,1
2023,10,12,18,Oct,1974,2072,412,17.7,0.0,2023-10-12,2023-10-12,5,NYCC,10.0,19.0,1
2023,10,15,8,Oct,695,1178,178,10.5,0.0,2023-10-15,2023-10-15,1,NYCC,10.0,17.0,0
2023,10,15,15,Oct,1646,1433,270,16.6,0.0,2023-10-15,2023-10-15,1,NYCC,10.0,17.0,1
2023,10,16,16,Oct,1405,1277,202,14.9,0.26,2023-10-16,2023-10-16,2,,,,0
2023,10,17,0,Oct,670,437,81,10.5,0.0,2023-10-17,2023-10-17,3,,,,0
2023,10,19,7,Oct,1271,1242,201,7.2,0.0,2023-10-19,2023-10-19,5,,,,0
2023,10,9,17,Oct,1367,1343,205,14.6,0.0,2023-10-9,2023-10-09,2,,,,0
2023,10,11,5,Oct,403,453,42,9.6,0.0,2023-10-11,2023-10-11,4,,,,0
2023,10,11,17,Oct,1744,1681,350,19.8,0.0,2023-10-11,2023-10-11,4,,,,0
2023,10,11,23,Oct,1436,994,217,11.0,0.0,2023-10-11,2023-10-11,4,,,,0
2023,10,12,9,Oct,1333,1693,335,12.7,0.0,2023-10-12,2023-10-12,5,NYCC,10.0,19.0,0
2023,10,13,1,Oct,811,504,88,12.0,0.0,2023-10-13,2023-10-13,6,NYCC,10.0,19.0,0
2023,10,13,11,Oct,1126,1530,272,14.5,0.0,2023-10-13,2023-10-13,6,NYCC,10.0,19.0,1
2023,10,19,3,Oct,316,210,41,10.3,0.0,2023-10-19,2023-10-19,5,,,,0
2023,10,12,14,Oct,1319,1216,224,20.7,0.0,2023-10-12,2023-10-12,5,NYCC,10.0,19.0,1
2023,10,12,21,Oct,2373,1611,295,13.0,0.0,2023-10-12,2023-10-12,5,NYCC,10.0,19.0,0
2023,10,13,0,Oct,1104,744,126,12.3,0.0,2023-10-13,2023-10-13,6,NYCC,10.0,19.0,0
2023,10,13,4,Oct,434,471,43,10.4,0.0,2023-10-13,2023-10-13,6,NYCC,10.0,19.0,0
2023,10,18,13,Oct,1052,1051,174,17.1,0.04,2023-10-18,2023-10-18,4,,,,0
2023,10,9,10,Oct,1037,1042,183,12.1,0.0,2023-10-9,2023-10-09,2,,,,0
2023,10,11,13,Oct,1162,1089,182,20.0,0.0,2023-10-11,2023-10-11,4,,,,0
2023,10,13,7,Oct,984,1137,195,8.9,0.0,2023-10-13,2023-10-13,6,NYCC,10.0,19.0,0
2023,10,18,0,Oct,831,547,112,9.1,0.0,2023-10-18,2023-10-18,4,,,,0
2023,10,18,17,Oct,1809,1950,345,16.7,0.0,2023-10-18,2023-10-18,4,,,,0
2023,10,10,2,Oct,264,159,22,11.4,0.0,2023-10-10,2023-10-10,3,,,,0
2023,10,10,18,Oct,1891,1579,371,15.5,0.0,2023-10-10,2023-10-10,3,,,,0
2023,10,11,9,Oct,1297,1407,285,13.7,0.0,2023-10-11,2023-10-11,4,,,,0
2023,10,13,14,Oct,1411,1411,285,17.1,0.0,2023-10-13,2023-10-13,6,NYCC,10.0,19.0,1
2023,10,13,23,Oct,2235,1722,318,10.5,0.0,2023-10-13,2023-10-13,6,NYCC,10.0,19.0,0
2023,10,14,15,Oct,2207,1978,550,11.1,0.98,2023-10-14,2023-10-14,7,NYCC,10.0,19.0,1
2023,10,16,3,Oct,263,188,26,7.9,0.0,2023-10-16,2023-10-16,2,,,,0
2023,10,16,10,Oct,1098,1189,233,13.1,0.0,2023-10-16,2023-10-16,2,,,,0
2023,10,16,13,Oct,1004,947,149,16.8,0.0,2023-10-16,2023-10-16,2,,,,0
2023,10,16,23,Oct,1299,778,143,11.2,0.0,2023-10-16,2023-10-16,2,,,,0
2023,10,17,15,Oct,1192,1137,207,16.9,0.04,2023-10-17,2023-10-17,3,,,,0
2023,10,17,22,Oct,1886,1239,214,10.4,0.0,2023-10-17,2023-10-17,3,,,,0
2023,10,18,2,Oct,278,186,33,7.8,0.0,2023-10-18,2023-10-18,4,,,,0
2023,10,10,17,Oct,1679,1438,301,17.3,0.0,2023-10-10,2023-10-10,3,,,,0
2023,10,12,13,Oct,1244,1162,218,20.2,0.0,2023-10-12,2023-10-12,5,NYCC,10.0,19.0,1
2023,10,14,7,Oct,569,894,103,10.7,0.0,2023-10-14,2023-10-14,7,NYCC,10.0,19.0,0
2023,10,15,10,Oct,1145,2111,314,13.3,0.0,2023-10-15,2023-10-15,1,NYCC,10.0,17.0,1
2023,10,15,14,Oct,1621,1513,287,16.1,0.0,2023-10-15,2023-10-15,1,NYCC,10.0,17.0,1
2023,10,17,12,Oct,1075,970,177,16.1,0.0,2023-10-17,2023-10-17,3,,,,0
2023,10,18,8,Oct,1567,1790,359,9.4,0.0,2023-10-18,2023-10-18,4,,,,0
2023,10,9,19,Oct,1518,1382,262,12.0,0.0,2023-10-9,2023-10-09,2,,,,0
2023,10,11,14,Oct,1179,1171,212,20.3,0.0,2023-10-11,2023-10-11,4,,,,0
2023,10,14,3,Oct,998,661,106,10.8,0.0,2023-10-14,2023-10-14,7,NYCC,10.0,19.0,0
2023,10,14,8,Oct,733,1391,189,11.2,0.0,2023-10-14,2023-10-14,7,NYCC,10.0,19.0,0
2023,10,17,20,Oct,1940,1527,322,11.4,0.0,2023-10-17,2023-10-17,3,,,,0
2023,10,18,9,Oct,1338,1494,321,11.9,0.0,2023-10-18,2023-10-18,4,,,,0
2023,10,19,6,Oct,767,882,86,7.1,0.0,2023-10-19,2023-10-19,5,,,,0
2023,10,10,15,Oct,1193,1079,218,17.9,0.0,2023-10-10,2023-10-10,3,,,,0
2023,10,11,2,Oct,262,171,25,11.0,0.0,2023-10-11,2023-10-11,4,,,,0
2023,10,11,6,Oct,714,842,104,8.8,0.0,2023-10-11,2023-10-11,4,,,,0
2023,10,12,17,Oct,1749,1805,379,20.2,0.0,2023-10-12,2023-10-12,5,NYCC,10.0,19.0,1
2023,10,16,12,Oct,928,948,174,16.0,0.0,2023-10-16,2023-10-16,2,,,,0
2023,10,17,9,Oct,1303,1451,259,11.8,0.0,2023-10-17,2023-10-17,3,,,,0
2023,10,9,18,Oct,1527,1605,302,13.9,0.0,2023-10-9,2023-10-09,2,,,,0
2023,10,10,11,Oct,1003,1073,187,15.8,0.0,2023-10-10,2023-10-10,3,,,,0
2023,10,10,14,Oct,1108,1049,192,17.6,0.0,2023-10-10,2023-10-10,3,,,,0
2023,10,12,6,Oct,727,878,121,8.2,0.0,2023-10-12,2023-10-12,5,NYCC,10.0,19.0,0
2023,10,13,8,Oct,1233,1598,298,9.6,0.0,2023-10-13,2023-10-13,6,NYCC,10.0,19.0,0
2023,10,13,17,Oct,1973,1737,417,17.1,0.0,2023-10-13,2023-10-13,6,NYCC,10.0,19.0,1
2023,10,15,4,Oct,817,477,115,9.9,0.0,2023-10-15,2023-10-15,1,NYCC,10.0,17.0,0
2023,10,16,2,Oct,268,165,28,8.4,0.0,2023-10-16,2023-10-16,2,,,,0
2023,10,16,15,Oct,1218,1048,199,17.7,0.0,2023-10-16,2023-10-16,2,,,,0
2023,10,17,17,Oct,1675,1790,321,16.3,0.04,2023-10-17,2023-10-17,3,,,,0
2023,10,18,1,Oct,498,313,45,8.6,0.0,2023-10-18,2023-10-18,4,,,,0
2023,10,18,3,Oct,220,165,32,7.6,0.0,2023-10-18,2023-10-18,4,,,,0
2023,10,11,4,Oct,241,291,21,9.1,0.0,2023-10-11,2023-10-11,4,,,,0
2023,10,11,20,Oct,2067,1599,291,13.2,0.0,2023-10-11,2023-10-11,4,,,,0
2023,10,12,5,Oct,415,554,53,7.8,0.0,2023-10-12,2023-10-12,5,NYCC,10.0,19.0,0
2023,10,12,16,Oct,1490,1548,295,20.8,0.0,2023-10-12,2023-10-12,5,NYCC,10.0,19.0,1
2023,10,13,16,Oct,1569,1501,355,17.6,0.0,2023-10-13,2023-10-13,6,NYCC,10.0,19.0,1
2023,10,15,5,Oct,510,430,44,9.8,0.0,2023-10-15,2023-10-15,1,NYCC,10.0,17.0,0
2023,10,17,4,Oct,277,271,26,9.2,0.0,2023-10-17,2023-10-17,3,,,,0
2023,10,17,8,Oct,1624,1695,331,10.0,0.0,2023-10-17,2023-10-17,3,,,,0
2023,10,19,2,Oct,392,224,55,9.4,0.0,2023-10-19,2023-10-19,5,,,,0
2023,10,10,1,Oct,413,230,32,11.2,0.0,2023-10-10,2023-10-10,3,,,,0
2023,10,10,3,Oct,220,144,24,11.3,0.0,2023-10-10,2023-10-10,3,,,,0
2023,10,12,3,Oct,286,171,46,9.0,0.0,2023-10-12,2023-10-12,5,NYCC,10.0,19.0,0
2023,10,12,11,Oct,1099,1209,207,17.4,0.0,2023-10-12,2023-10-12,5,NYCC,10.0,19.0,1
2023,10,16,5,Oct,429,498,55,7.4,0.0,2023-10-16,2023-10-16,2,,,,0
2023,10,17,23,Oct,1549,931,185,9.8,0.0,2023-10-17,2023-10-17,3,,,,0
2023,10,18,10,Oct,1129,1165,200,14.5,0.0,2023-10-18,2023-10-18,4,,,,0
2023,10,18,19,Oct,1973,1693,322,13.1,0.0,2023-10-18,2023-10-18,4,,,,0
2023,10,11,16,Oct,1361,1350,261,20.4,0.0,2023-10-11,2023-10-11,4,,,,0
2023,10,13,15,Oct,1508,1371,295,17.6,0.0,2023-10-13,2023-10-13,6,NYCC,10.0,19.0,1
2023,10,14,9,Oct,1043,2047,377,11.4,0.0,2023-10-14,2023-10-14,7,NYCC,10.0,19.0,0
2023,10,15,2,Oct,1410,995,197,9.9,0.24,2023-10-15,2023-10-15,1,NYCC,10.0,17.0,0
2023,10,15,3,Oct,1177,670,144,9.9,0.1,2023-10-15,2023-10-15,1,NYCC,10.0,17.0,0
2023,10,15,16,Oct,1698,1432,266,15.8,0.0,2023-10-15,2023-10-15,1,NYCC,10.0,17.0,1
2023,10,15,22,Oct,1447,1125,220,10.1,0.0,2023-10-15,2023-10-15,1,NYCC,10.0,17.0,0
2023,10,17,6,Oct,702,896,90,8.7,0.0,2023-10-17,2023-10-17,3,,,,0
2023,10,18,6,Oct,738,837,82,7.4,0.0,2023-10-18,2023-10-18,4,,,,0
2023,10,18,11,Oct,1031,1178,189,16.3,0.0,2023-10-18,2023-10-18,4,,,,0
2023,10,18,18,Oct,1954,2038,376,14.0,0.0,2023-10-18,2023-10-18,4,,,,0
2023,10,19,19,Oct,1998,1745,354,14.1,0.0,2023-10-19,2023-10-19,5,,,,0
2023,10,20,16,Oct,1675,1825,356,17.0,1.88,2023-10-20,2023-10-20,6,,,,0
2023,10,21,5,Oct,367,433,38,14.1,0.0,2023-10-21,2023-10-21,7,,,,0
2023,10,21,20,Oct,1920,2151,351,14.1,0.0,2023-10-21,2023-10-21,7,,,,0
2023,10,24,3,Oct,168,151,21,5.9,0.0,2023-10-24,2023-10-24,3,,,,0
2023,10,24,10,Oct,1030,1060,185,11.0,0.0,2023-10-24,2023-10-24,3,,,,0
2023,10,24,14,Oct,1093,1108,178,17.3,0.0,2023-10-24,2023-10-24,3,,,,0
2023,10,24,16,Oct,1231,1216,260,17.7,0.0,2023-10-24,2023-10-24,3,,,,0
2023,10,26,6,Oct,733,894,91,10.1,0.0,2023-10-26,2023-10-26,5,,,,0
2023,10,26,19,Oct,2093,1861,376,18.6,0.0,2023-10-26,2023-10-26,5,,,,0
2023,10,19,17,Oct,1795,1954,339,15.5,0.0,2023-10-19,2023-10-19,5,,,,0
2023,10,24,18,Oct,1835,1579,351,13.9,0.0,2023-10-24,2023-10-24,3,,,,0
2023,10,25,15,Oct,1335,1170,238,21.9,0.0,2023-10-25,2023-10-25,4,,,,0
2023,10,25,21,Oct,2325,1501,309,16.2,0.0,2023-10-25,2023-10-25,4,,,,0
2023,10,26,11,Oct,1086,1191,197,20.5,0.0,2023-10-26,2023-10-26,5,,,,0
2023,10,20,12,Oct,1289,1264,225,16.6,0.38,2023-10-20,2023-10-20,6,,,,0
2023,10,21,22,Oct,2597,2018,404,13.1,0.0,2023-10-21,2023-10-21,7,,,,0
2023,10,24,2,Oct,211,172,25,6.3,0.0,2023-10-24,2023-10-24,3,,,,0
2023,10,25,8,Oct,1519,2014,371,8.8,0.0,2023-10-25,2023-10-25,4,,,,0
2023,10,26,2,Oct,437,229,63,12.5,0.0,2023-10-26,2023-10-26,5,,,,0
2023,10,26,9,Oct,1368,1731,353,14.1,0.0,2023-10-26,2023-10-26,5,,,,0
2023,10,19,15,Oct,1381,1279,231,18.0,0.0,2023-10-19,2023-10-19,5,,,,0
2023,10,19,18,Oct,1940,1986,408,14.9,0.0,2023-10-19,2023-10-19,5,,,,0
2023,10,21,4,Oct,630,408,68,14.2,0.0,2023-10-21,2023-10-21,7,,,,0
2023,10,22,1,Oct,1994,1392,235,12.1,0.0,2023-10-22,2023-10-22,1,,,,0
2023,10,23,5,Oct,417,529,68,8.1,0.0,2023-10-23,2023-10-23,2,,,,0
2023,10,23,10,Oct,1076,1070,209,10.9,0.0,2023-10-23,2023-10-23,2,,,,0
2023,10,24,13,Oct,1033,984,156,16.5,0.0,2023-10-24,2023-10-24,3,,,,0
2023,10,25,7,Oct,1161,1463,228,8.0,0.0,2023-10-25,2023-10-25,4,,,,0
2023,10,26,0,Oct,967,672,135,15.8,0.0,2023-10-26,2023-10-26,5,,,,0
2023,10,20,2,Oct,655,392,74,12.9,0.0,2023-10-20,2023-10-20,6,,,,0
2023,10,21,6,Oct,447,809,57,14.2,0.0,2023-10-21,2023-10-21,7,,,,0
2023,10,22,11,Oct,1412,1455,202,13.3,0.0,2023-10-22,2023-10-22,1,,,,0
2023,10,22,16,Oct,1465,1647,224,12.1,0.0,2023-10-22,2023-10-22,1,,,,0
2023,10,25,18,Oct,2045,1895,408,18.4,0.0,2023-10-25,2023-10-25,4,,,,0
2023,10,19,22,Oct,2331,1534,284,13.7,0.0,2023-10-19,2023-10-19,5,,,,0
2023,10,20,21,Oct,1974,1670,318,14.8,1.66,2023-10-20,2023-10-20,6,,,,0
2023,10,20,23,Oct,2483,1871,347,14.3,0.0,2023-10-20,2023-10-20,6,,,,0
2023,10,22,18,Oct,1652,1643,292,11.5,0.0,2023-10-22,2023-10-22,1,,,,0
2023,10,25,14,Oct,1223,1114,213,20.8,0.0,2023-10-25,2023-10-25,4,,,,0
2023,10,27,3,Oct,566,373,52,13.6,0.0,2023-10-27,2023-10-27,6,,,,0
2023,10,20,8,Oct,1472,1561,309,15.2,2.18,2023-10-20,2023-10-20,6,,,,0
2023,10,21,19,Oct,2131,2361,390,14.8,0.0,2023-10-21,2023-10-21,7,,,,0
2023,10,22,9,Oct,967,1278,169,12.1,0.0,2023-10-22,2023-10-22,1,,,,0
2023,10,22,21,Oct,1577,1251,227,9.8,0.0,2023-10-22,2023-10-22,1,,,,0
2023,10,23,17,Oct,1464,1488,291,15.6,0.0,2023-10-23,2023-10-23,2,,,,0
2023,10,25,3,Oct,189,159,14,8.7,0.0,2023-10-25,2023-10-25,4,,,,0
2023,10,26,13,Oct,1231,1143,198,24.8,0.0,2023-10-26,2023-10-26,5,,,,0
2023,10,19,10,Oct,1173,1187,195,13.4,0.0,2023-10-19,2023-10-19,5,,,,0
2023,10,19,16,Oct,1394,1594,250,16.5,0.0,2023-10-19,2023-10-19,5,,,,0
2023,10,20,5,Oct,491,590,72,14.6,0.66,2023-10-20,2023-10-20,6,,,,0
2023,10,21,17,Oct,1855,2056,332,17.0,0.0,2023-10-21,2023-10-21,7,,,,0
2023,10,23,8,Oct,1454,1513,281,7.8,0.0,2023-10-23,2023-10-23,2,,,,0
2023,10,25,2,Oct,258,185,31,9.3,0.0,2023-10-25,2023-10-25,4,,,,0
2023,10,25,22,Oct,2170,1400,274,15.8,0.0,2023-10-25,2023-10-25,4,,,,0
2023,10,22,5,Oct,441,497,41,10.6,0.0,2023-10-22,2023-10-22,1,,,,0
2023,10,23,9,Oct,1298,1328,242,9.4,0.0,2023-10-23,2023-10-23,2,,,,0
2023,10,24,9,Oct,1221,1413,258,8.2,0.0,2023-10-24,2023-10-24,3,,,,0
2023,10,26,8,Oct,1517,1758,350,10.5,0.0,2023-10-26,2023-10-26,5,,,,0
2023,10,26,10,Oct,1104,1215,206,17.2,0.0,2023-10-26,2023-10-26,5,,,,0
2023,10,19,11,Oct,1133,1073,173,16.0,0.0,2023-10-19,2023-10-19,5,,,,0
2023,10,20,3,Oct,492,320,58,13.0,0.0,2023-10-20,2023-10-20,6,,,,0
2023,10,20,10,Oct,1313,1288,228,15.9,2.28,2023-10-20,2023-10-20,6,,,,0
2023,10,20,22,Oct,2592,1748,369,15.0,0.1,2023-10-20,2023-10-20,6,,,,0
2023,10,23,1,Oct,382,247,55,8.2,0.0,2023-10-23,2023-10-23,2,,,,0
2023,10,24,1,Oct,275,210,33,6.7,0.0,2023-10-24,2023-10-24,3,,,,0
2023,10,25,19,Oct,1829,1525,338,16.3,0.0,2023-10-25,2023-10-25,4,,,,0
2023,10,26,15,Oct,1530,1294,224,25.9,0.0,2023-10-26,2023-10-26,5,,,,0
2023,10,26,21,Oct,2366,1667,311,17.8,0.0,2023-10-26,2023-10-26,5,,,,0
2023,10,27,1,Oct,1080,674,108,14.4,0.0,2023-10-27,2023-10-27,6,,,,0
2023,10,20,7,Oct,1142,1161,209,14.9,0.34,2023-10-20,2023-10-20,6,,,,0
2023,10,24,19,Oct,1703,1405,297,12.6,0.0,2023-10-24,2023-10-24,3,,,,0
2023,10,24,23,Oct,1117,800,133,11.2,0.0,2023-10-24,2023-10-24,3,,,,0
2023,10,25,0,Oct,634,517,77,10.7,0.0,2023-10-25,2023-10-25,4,,,,0
2023,10,26,4,Oct,353,353,36,10.8,0.0,2023-10-26,2023-10-26,5,,,,0
2023,10,27,0,Oct,1518,951,147,15.6,0.0,2023-10-27,2023-10-27,6,,,,0
2023,10,19,20,Oct,2101,1698,332,13.6,0.0,2023-10-19,2023-10-19,5,,,,0
2023,10,21,1,Oct,1692,1202,187,14.2,0.0,2023-10-21,2023-10-21,7,,,,0
2023,10,21,15,Oct,1390,1463,221,16.4,0.06,2023-10-21,2023-10-21,7,,,,0
2023,10,22,0,Oct,2268,1728,346,12.5,0.0,2023-10-22,2023-10-22,1,,,,0
2023,10,22,15,Oct,1367,1505,270,12.9,0.0,2023-10-22,2023-10-22,1,,,,0
2023,10,24,5,Oct,356,526,46,5.2,0.0,2023-10-24,2023-10-24,3,,,,0
2023,10,24,20,Oct,1884,1456,258,11.8,0.0,2023-10-24,2023-10-24,3,,,,0
2023,10,25,12,Oct,1028,1086,215,18.4,0.0,2023-10-25,2023-10-25,4,,,,0
2023,10,25,13,Oct,1081,1084,177,20.0,0.0,2023-10-25,2023-10-25,4,,,,0
2023,10,26,16,Oct,1543,1423,306,25.5,0.0,2023-10-26,2023-10-26,5,,,,0
2023,10,26,18,Oct,2228,2196,426,19.8,0.0,2023-10-26,2023-10-26,5,,,,0
2023,10,27,6,Oct,748,825,85,12.9,0.0,2023-10-27,2023-10-27,6,,,,0
2023,10,22,23,Oct,1069,812,172,9.1,0.0,2023-10-22,2023-10-22,1,,,,0
2023,10,24,6,Oct,685,884,106,5.0,0.0,2023-10-24,2023-10-24,3,,,,0
2023,10,25,1,Oct,346,253,50,10.0,0.0,2023-10-25,2023-10-25,4,,,,0
2023,10,25,10,Oct,1095,1195,226,14.1,0.0,2023-10-25,2023-10-25,4,,,,0
2023,10,20,9,Oct,1632,1626,344,15.6,7.4,2023-10-20,2023-10-20,6,,,,0
2023,10,21,10,Oct,1410,1629,298,14.5,1.68,2023-10-21,2023-10-21,7,,,,0
2023,10,23,3,Oct,258,158,37,8.5,0.0,2023-10-23,2023-10-23,2,,,,0
2023,10,23,4,Oct,344,313,23,8.4,0.0,2023-10-23,2023-10-23,2,,,,0
2023,10,23,21,Oct,1621,1283,264,8.5,0.0,2023-10-23,2023-10-23,2,,,,0
2023,10,26,1,Oct,530,366,90,14.0,0.0,2023-10-26,2023-10-26,5,,,,0
2023,10,27,4,Oct,530,461,51,14.3,0.0,2023-10-27,2023-10-27,6,,,,0
2023,10,20,6,Oct,712,943,86,14.7,0.54,2023-10-20,2023-10-20,6,,,,0
2023,10,21,21,Oct,1951,1856,291,13.6,0.0,2023-10-21,2023-10-21,7,,,,0
2023,10,23,0,Oct,893,410,98,8.6,0.0,2023-10-23,2023-10-23,2,,,,0
2023,10,24,12,Oct,957,930,152,15.2,0.0,2023-10-24,2023-10-24,3,,,,0
2023,10,26,5,Oct,401,528,55,11.8,0.0,2023-10-26,2023-10-26,5,,,,0
2023,10,26,14,Oct,1398,1232,231,25.7,0.0,2023-10-26,2023-10-26,5,,,,0
2023,10,20,15,Oct,1592,1658,385,16.8,3.56,2023-10-20,2023-10-20,6,,,,0
2023,10,20,18,Oct,2086,2227,458,16.1,1.3,2023-10-20,2023-10-20,6,,,,0
2023,10,21,0,Oct,1891,1544,273,14.4,0.0,2023-10-21,2023-10-21,7,,,,0
2023,10,23,6,Oct,735,917,104,8.1,0.0,2023-10-23,2023-10-23,2,,,,0
2023,10,24,17,Oct,1617,1572,312,16.7,0.0,2023-10-24,2023-10-24,3,,,,0
2023,10,24,22,Oct,1668,1181,186,11.6,0.0,2023-10-24,2023-10-24,3,,,,0
2023,10,25,23,Oct,1362,987,211,16.4,0.0,2023-10-25,2023-10-25,4,,,,0
2023,10,26,23,Oct,2071,1323,258,16.0,0.0,2023-10-26,2023-10-26,5,,,,0
2023,10,20,13,Oct,1348,1298,202,16.6,0.74,2023-10-20,2023-10-20,6,,,,0
2023,10,20,20,Oct,1983,1856,344,15.3,0.26,2023-10-20,2023-10-20,6,,,,0
2023,10,21,7,Oct,613,946,116,14.2,0.14,2023-10-21,2023-10-21,7,,,,0
2023,10,21,8,Oct,890,1401,205,13.9,0.24,2023-10-21,2023-10-21,7,,,,0
2023,10,22,12,Oct,1489,1593,244,13.6,0.0,2023-10-22,2023-10-22,1,,,,0
2023,10,26,20,Oct,2262,1667,320,18.3,0.0,2023-10-26,2023-10-26,5,,,,0
2023,10,27,7,Oct,1019,1021,153,12.8,0.0,2023-10-27,2023-10-27,6,,,,0
2023,10,21,23,Oct,2452,2118,413,12.9,0.0,2023-10-21,2023-10-21,7,,,,0
2023,10,22,6,Oct,442,676,58,10.1,0.0,2023-10-22,2023-10-22,1,,,,0
2023,10,25,9,Oct,1361,1577,331,11.8,0.0,2023-10-25,2023-10-25,4,,,,0
2023,10,22,20,Oct,1563,1271,274,10.3,0.0,2023-10-22,2023-10-22,1,,,,0
2023,10,19,23,Oct,1864,1281,222,13.9,0.0,2023-10-19,2023-10-19,5,,,,0
2023,10,20,4,Oct,511,442,48,14.5,0.14,2023-10-20,2023-10-20,6,,,,0
2023,10,20,14,Oct,1495,1575,308,17.1,0.38,2023-10-20,2023-10-20,6,,,,0
2023,10,21,12,Oct,1702,1794,268,14.5,0.24,2023-10-21,2023-10-21,7,,,,0
2023,10,23,23,Oct,828,744,115,7.8,0.0,2023-10-23,2023-10-23,2,,,,0
2023,10,24,7,Oct,1138,1234,200,4.5,0.0,2023-10-24,2023-10-24,3,,,,0
2023,10,22,3,Oct,1248,658,129,11.4,0.0,2023-10-22,2023-10-22,1,,,,0
2023,10,25,6,Oct,689,982,109,8.1,0.0,2023-10-25,2023-10-25,4,,,,0
2023,10,25,20,Oct,2098,1411,346,16.5,0.0,2023-10-25,2023-10-25,4,,,,0
2023,10,21,2,Oct,1351,923,151,14.2,0.3,2023-10-21,2023-10-21,7,,,,0
2023,10,24,21,Oct,2004,1458,232,11.9,0.0,2023-10-24,2023-10-24,3,,,,0
2023,10,21,13,Oct,1678,1543,273,14.5,0.3,2023-10-21,2023-10-21,7,,,,0
2023,10,23,13,Oct,957,928,146,14.7,0.0,2023-10-23,2023-10-23,2,,,,0
2023,10,23,15,Oct,1116,1060,174,15.8,0.0,2023-10-23,2023-10-23,2,,,,0
2023,10,26,7,Oct,1162,1319,236,9.7,0.0,2023-10-26,2023-10-26,5,,,,0
2023,10,20,17,Oct,1861,2060,447,16.1,6.7,2023-10-20,2023-10-20,6,,,,0
2023,10,21,3,Oct,1059,648,126,14.3,0.0,2023-10-21,2023-10-21,7,,,,0
2023,10,23,20,Oct,1557,1333,254,9.7,0.0,2023-10-23,2023-10-23,2,,,,0
2023,10,27,8,Oct,1292,1232,230,13.7,0.0,2023-10-27,2023-10-27,6,,,,0
2023,10,20,19,Oct,2211,2495,599,15.5,0.2,2023-10-20,2023-10-20,6,,,,0
2023,10,22,13,Oct,1471,1469,246,13.7,0.0,2023-10-22,2023-10-22,1,,,,0
2023,10,23,16,Oct,1154,1174,223,16.2,0.0,2023-10-23,2023-10-23,2,,,,0
2023,10,25,4,Oct,240,276,19,8.3,0.0,2023-10-25,2023-10-25,4,,,,0
2023,10,22,4,Oct,802,428,73,11.0,0.0,2023-10-22,2023-10-22,1,,,,0
2023,10,22,7,Oct,485,775,72,10.1,0.0,2023-10-22,2023-10-22,1,,,,0
2023,10,22,10,Oct,1226,1553,199,13.0,0.0,2023-10-22,2023-10-22,1,,,,0
2023,10,22,22,Oct,1518,1084,222,9.4,0.0,2023-10-22,2023-10-22,1,,,,0
2023,10,23,12,Oct,937,990,150,13.6,0.0,2023-10-23,2023-10-23,2,,,,0
2023,10,24,8,Oct,1587,1546,323,6.1,0.0,2023-10-24,2023-10-24,3,,,,0
2023,10,24,11,Oct,979,1037,171,12.8,0.0,2023-10-24,2023-10-24,3,,,,0
2023,10,26,17,Oct,1867,1932,352,23.6,0.0,2023-10-26,2023-10-26,5,,,,0
2023,10,26,22,Oct,2400,1691,311,16.9,0.0,2023-10-26,2023-10-26,5,,,,0
2023,10,21,14,Oct,1516,1547,243,14.9,0.2,2023-10-21,2023-10-21,7,,,,0
2023,10,22,14,Oct,1451,1564,245,13.4,0.0,2023-10-22,2023-10-22,1,,,,0
2023,10,22,17,Oct,1533,1637,331,11.8,0.0,2023-10-22,2023-10-22,1,,,,0
2023,10,22,19,Oct,1526,1501,322,10.3,0.0,2023-10-22,2023-10-22,1,,,,0
2023,10,23,2,Oct,270,131,37,8.3,0.0,2023-10-23,2023-10-23,2,,,,0
2023,10,23,14,Oct,980,1069,177,15.4,0.0,2023-10-23,2023-10-23,2,,,,0
2023,10,25,16,Oct,1422,1304,295,21.9,0.0,2023-10-25,2023-10-25,4,,,,0
2023,10,19,14,Oct,1270,1218,201,18.0,0.0,2023-10-19,2023-10-19,5,,,,0
2023,10,20,11,Oct,1415,1373,244,16.7,1.0,2023-10-20,2023-10-20,6,,,,0
2023,10,26,12,Oct,1135,1155,229,23.1,0.0,2023-10-26,2023-10-26,5,,,,0
2023,10,19,12,Oct,1156,977,149,17.0,0.0,2023-10-19,2023-10-19,5,,,,0
2023,10,19,21,Oct,2568,1616,344,13.6,0.0,2023-10-19,2023-10-19,5,,,,0
2023,10,20,0,Oct,1206,854,151,13.8,0.0,2023-10-20,2023-10-20,6,,,,0
2023,10,23,7,Oct,1140,1199,170,7.9,0.0,2023-10-23,2023-10-23,2,,,,0
2023,10,24,15,Oct,1168,1145,213,17.6,0.0,2023-10-24,2023-10-24,3,,,,0
2023,10,25,5,Oct,360,463,48,8.2,0.0,2023-10-25,2023-10-25,4,,,,0
2023,10,19,13,Oct,1134,1111,163,17.6,0.0,2023-10-19,2023-10-19,5,,,,0
2023,10,21,16,Oct,1746,1541,291,17.6,0.0,2023-10-21,2023-10-21,7,,,,0
2023,10,22,2,Oct,1663,1028,207,12.1,0.0,2023-10-22,2023-10-22,1,,,,0
2023,10,22,8,Oct,699,997,111,10.1,0.0,2023-10-22,2023-10-22,1,,,,0
2023,10,23,22,Oct,1305,1047,199,8.0,0.0,2023-10-23,2023-10-23,2,,,,0
2023,10,24,0,Oct,572,417,60,7.1,0.0,2023-10-24,2023-10-24,3,,,,0
2023,10,25,11,Oct,1069,1137,235,16.4,0.0,2023-10-25,2023-10-25,4,,,,0
2023,10,25,17,Oct,1945,1844,386,20.7,0.0,2023-10-25,2023-10-25,4,,,,0
2023,10,27,2,Oct,819,444,105,13.6,0.0,2023-10-27,2023-10-27,6,,,,0
2023,10,21,9,Oct,1180,1604,244,14.5,1.96,2023-10-21,2023-10-21,7,,,,0
2023,10,21,11,Oct,1612,1783,309,14.3,0.6,2023-10-21,2023-10-21,7,,,,0
2023,10,23,11,Oct,930,1044,212,12.4,0.0,2023-10-23,2023-10-23,2,,,,0
2023,10,23,18,Oct,1549,1516,283,13.1,0.0,2023-10-23,2023-10-23,2,,,,0
2023,10,24,4,Oct,241,285,16,5.7,0.0,2023-10-24,2023-10-24,3,,,,0
2023,10,26,3,Oct,320,185,32,11.5,0.0,2023-10-26,2023-10-26,5,,,,0
2023,10,20,1,Oct,882,575,96,13.1,0.0,2023-10-20,2023-10-20,6,,,,0
2023,10,21,18,Oct,2106,2228,366,15.9,0.0,2023-10-21,2023-10-21,7,,,,0
2023,10,23,19,Oct,1444,1366,226,11.2,0.0,2023-10-23,2023-10-23,2,,,,0
2023,10,27,5,Oct,536,579,54,13.3,0.0,2023-10-27,2023-10-27,6,,,,0
2021,11,4,8,Nov,1350,1269,275,4.4,0.0,2021-11-4,2021-11-04,5,,,,0
2021,11,7,3,Nov,871,413,76,3.1,0.0,2021-11-7,2021-11-07,1,,,,0
2021,11,9,15,Nov,942,954,170,19.7,0.0,2021-11-9,2021-11-09,3,,,,0
2021,11,9,16,Nov,940,1149,175,19.6,0.0,2021-11-9,2021-11-09,3,,,,0
2021,11,11,7,Nov,931,902,107,4.3,0.0,2021-11-11,2021-11-11,5,,,,0
2021,11,12,6,Nov,610,637,73,16.9,0.0,2021-11-12,2021-11-12,6,,,,0
2021,11,14,11,Nov,1330,1486,233,7.1,0.0,2021-11-14,2021-11-14,1,,,,0
2021,11,15,8,Nov,1423,1331,223,4.3,0.0,2021-11-15,2021-11-15,2,,,,0
2021,11,19,3,Nov,447,221,63,8.1,0.0,2021-11-19,2021-11-19,6,AnimeNYC,13.0,22.0,0
2021,11,20,1,Nov,1592,1201,211,2.7,0.0,2021-11-20,2021-11-20,7,AnimeNYC,10.0,22.0,0
2021,11,20,3,Nov,995,632,135,1.8,0.0,2021-11-20,2021-11-20,7,AnimeNYC,10.0,22.0,0
2021,11,21,12,Nov,1396,1436,232,10.1,0.0,2021-11-21,2021-11-21,1,AnimeNYC,10.0,17.0,1
2021,11,22,9,Nov,1106,989,159,8.5,0.1,2021-11-22,2021-11-22,2,,,,0
2021,11,23,19,Nov,1272,1381,236,2.6,0.0,2021-11-23,2021-11-23,3,,,,0
2021,11,24,1,Nov,394,382,65,-0.4,0.0,2021-11-24,2021-11-24,4,,,,0
2021,11,26,5,Nov,196,175,20,6.1,0.74,2021-11-26,2021-11-26,6,,,,0
2021,11,27,19,Nov,1632,1819,360,1.3,0.0,2021-11-27,2021-11-27,7,,,,0
2021,11,28,18,Nov,1490,1255,246,4.3,0.0,2021-11-28,2021-11-28,1,,,,0
2021,11,29,2,Nov,263,157,36,2.8,0.0,2021-11-29,2021-11-29,2,,,,0
2021,11,30,3,Nov,160,96,18,-1.6,0.0,2021-11-30,2021-11-30,3,,,,0
2021,11,1,3,Nov,627,286,97,11.2,0.0,2021-11-1,2021-11-01,2,,,,0
2021,11,5,16,Nov,1141,1392,223,10.6,0.0,2021-11-5,2021-11-05,6,,,,0
2021,11,6,3,Nov,1039,604,137,3.5,0.0,2021-11-6,2021-11-06,7,,,,0
2021,11,7,2,Nov,1216,719,165,3.0,0.0,2021-11-7,2021-11-07,1,,,,0
2021,11,7,6,Nov,447,409,50,2.8,0.0,2021-11-7,2021-11-07,1,,,,0
2021,11,7,11,Nov,981,903,145,9.6,0.0,2021-11-7,2021-11-07,1,,,,0
2021,11,10,19,Nov,1554,1708,315,11.4,0.0,2021-11-10,2021-11-10,4,,,,0
2021,11,11,13,Nov,1025,866,174,14.4,0.0,2021-11-11,2021-11-11,5,,,,0
2021,11,12,5,Nov,347,362,33,16.6,0.0,2021-11-12,2021-11-12,6,,,,0
2021,11,14,4,Nov,773,434,87,3.8,0.0,2021-11-14,2021-11-14,1,,,,0
2021,11,14,14,Nov,1458,1485,258,8.5,0.0,2021-11-14,2021-11-14,1,,,,0
2021,11,14,20,Nov,1449,1281,300,8.0,0.0,2021-11-14,2021-11-14,1,,,,0
2021,11,22,11,Nov,992,900,140,9.1,0.0,2021-11-22,2021-11-22,2,,,,0
2021,11,22,12,Nov,1054,857,137,9.8,0.0,2021-11-22,2021-11-22,2,,,,0
2021,11,23,12,Nov,1075,1002,161,4.8,0.0,2021-11-23,2021-11-23,3,,,,0
2021,11,24,4,Nov,289,219,13,-1.2,0.0,2021-11-24,2021-11-24,4,,,,0
2021,11,25,12,Nov,760,655,134,9.1,0.0,2021-11-25,2021-11-25,5,,,,0
2021,11,26,11,Nov,1011,883,154,7.5,0.66,2021-11-26,2021-11-26,6,,,,0
2021,11,27,9,Nov,704,768,131,2.4,0.0,2021-11-27,2021-11-27,7,,,,0
2021,11,28,17,Nov,1571,1206,237,3.8,0.0,2021-11-28,2021-11-28,1,,,,0
2021,11,30,8,Nov,1352,1253,247,-0.2,0.0,2021-11-30,2021-11-30,3,,,,0
2021,11,30,11,Nov,907,848,150,2.4,0.0,2021-11-30,2021-11-30,3,,,,0
2021,11,30,17,Nov,1351,1426,263,3.7,0.0,2021-11-30,2021-11-30,3,,,,0
2021,11,3,16,Nov,1038,1171,189,10.8,0.0,2021-11-3,2021-11-03,4,,,,0
2021,11,3,19,Nov,1598,1530,246,6.1,0.0,2021-11-3,2021-11-03,4,,,,0
2021,11,4,2,Nov,291,280,40,4.6,0.0,2021-11-4,2021-11-04,5,,,,0
2021,11,4,4,Nov,274,200,24,3.5,0.0,2021-11-4,2021-11-04,5,,,,0
2021,11,4,6,Nov,643,639,68,3.2,0.0,2021-11-4,2021-11-04,5,,,,0
2021,11,5,18,Nov,1901,2071,414,8.8,0.0,2021-11-5,2021-11-05,6,,,,0
2021,11,7,20,Nov,1622,1230,234,9.1,0.0,2021-11-7,2021-11-07,1,,,,0
2021,11,8,2,Nov,304,167,28,7.2,0.0,2021-11-8,2021-11-08,2,,,,0
2021,11,9,14,Nov,877,939,137,19.2,0.0,2021-11-9,2021-11-09,3,,,,0
2021,11,12,17,Nov,1776,1831,349,16.6,0.0,2021-11-12,2021-11-12,6,,,,0
2021,11,17,14,Nov,1078,1061,171,12.0,0.0,2021-11-17,2021-11-17,4,,,,0
2021,11,18,18,Nov,1782,1994,313,16.1,0.0,2021-11-18,2021-11-18,5,,,,0
2021,11,21,4,Nov,689,409,57,5.3,0.0,2021-11-21,2021-11-21,1,AnimeNYC,10.0,17.0,0
2021,11,23,4,Nov,267,177,14,0.4,0.0,2021-11-23,2021-11-23,3,,,,0
2021,11,26,1,Nov,488,468,90,7.2,0.0,2021-11-26,2021-11-26,6,,,,0
2021,11,29,7,Nov,1027,885,120,1.4,0.0,2021-11-29,2021-11-29,2,,,,0
2021,11,29,16,Nov,1005,1123,179,5.8,0.0,2021-11-29,2021-11-29,2,,,,0
2021,11,1,10,Nov,955,896,127,14.0,0.0,2021-11-1,2021-11-01,2,,,,0
2021,11,2,4,Nov,187,175,21,9.1,0.0,2021-11-2,2021-11-02,3,,,,0
2021,11,3,17,Nov,1336,1389,250,10.4,0.0,2021-11-3,2021-11-03,4,,,,0
2021,11,5,17,Nov,1519,1746,316,9.8,0.0,2021-11-5,2021-11-05,6,,,,0
2021,11,9,1,Nov,272,206,38,6.3,0.0,2021-11-9,2021-11-09,3,,,,0
2021,11,10,5,Nov,328,342,27,10.0,0.18,2021-11-10,2021-11-10,4,,,,0
2021,11,10,14,Nov,997,922,190,17.3,0.0,2021-11-10,2021-11-10,4,,,,0
2021,11,11,8,Nov,1248,1204,231,6.0,0.0,2021-11-11,2021-11-11,5,,,,0
2021,11,12,12,Nov,1458,1340,277,16.7,4.36,2021-11-12,2021-11-12,6,,,,0
2021,11,13,0,Nov,2006,1468,295,8.4,0.0,2021-11-13,2021-11-13,7,,,,0
2021,11,14,22,Nov,1829,1150,319,7.2,0.1,2021-11-14,2021-11-14,1,,,,0
2021,11,15,6,Nov,694,773,71,2.4,0.0,2021-11-15,2021-11-15,2,,,,0
2021,11,16,4,Nov,169,145,12,2.9,0.0,2021-11-16,2021-11-16,3,,,,0
2021,11,16,22,Nov,1487,1081,171,4.6,0.0,2021-11-16,2021-11-16,3,,,,0
2021,11,20,7,Nov,480,704,65,0.5,0.0,2021-11-20,2021-11-20,7,AnimeNYC,10.0,22.0,0
2021,11,22,2,Nov,283,200,62,11.4,0.0,2021-11-22,2021-11-22,2,,,,0
2021,11,24,6,Nov,567,707,71,-1.4,0.0,2021-11-24,2021-11-24,4,,,,0
2021,11,25,5,Nov,366,399,35,1.4,0.0,2021-11-25,2021-11-25,5,,,,0
2021,11,25,14,Nov,789,645,126,11.3,0.0,2021-11-25,2021-11-25,5,,,,0
2021,11,27,20,Nov,1613,1472,276,0.7,0.0,2021-11-27,2021-11-27,7,,,,0
2021,11,29,4,Nov,244,181,25,2.8,0.0,2021-11-29,2021-11-29,2,,,,0
2021,11,29,13,Nov,949,851,154,5.7,0.16,2021-11-29,2021-11-29,2,,,,0
2021,11,4,16,Nov,1216,1340,251,9.8,0.0,2021-11-4,2021-11-04,5,,,,0
2021,11,5,10,Nov,1089,1124,204,6.7,0.0,2021-11-5,2021-11-05,6,,,,0
2021,11,5,22,Nov,2214,1830,341,4.6,0.0,2021-11-5,2021-11-05,6,,,,0
2021,11,5,23,Nov,2309,1803,357,4.7,0.0,2021-11-5,2021-11-05,6,,,,0
2021,11,6,2,Nov,1306,903,165,4.1,0.0,2021-11-6,2021-11-06,7,,,,0
2021,11,6,21,Nov,1853,1937,344,7.1,0.0,2021-11-6,2021-11-06,7,,,,0
2021,11,9,13,Nov,903,827,118,18.3,0.0,2021-11-9,2021-11-09,3,,,,0
2021,11,10,16,Nov,999,1203,194,16.7,0.0,2021-11-10,2021-11-10,4,,,,0
2021,11,11,2,Nov,398,244,61,6.3,0.0,2021-11-11,2021-11-11,5,,,,0
2021,11,11,18,Nov,1830,1716,303,12.5,0.0,2021-11-11,2021-11-11,5,,,,0
2021,11,13,22,Nov,2461,2189,399,5.1,0.0,2021-11-13,2021-11-13,7,,,,0
2021,11,14,8,Nov,606,1114,143,3.6,0.0,2021-11-14,2021-11-14,1,,,,0
2021,11,15,15,Nov,1248,987,198,8.7,0.0,2021-11-15,2021-11-15,2,,,,0
2021,11,17,3,Nov,179,141,17,0.9,0.0,2021-11-17,2021-11-17,4,,,,0
2021,11,17,4,Nov,191,177,18,0.7,0.0,2021-11-17,2021-11-17,4,,,,0
2021,11,23,1,Nov,345,260,37,1.4,0.0,2021-11-23,2021-11-23,3,,,,0
2021,11,23,7,Nov,939,829,124,-0.3,0.0,2021-11-23,2021-11-23,3,,,,0
2021,11,24,7,Nov,729,773,92,-1.5,0.0,2021-11-24,2021-11-24,4,,,,0
2021,11,28,9,Nov,690,894,130,1.2,0.18,2021-11-28,2021-11-28,1,,,,0
2021,11,29,19,Nov,1342,1221,239,2.3,0.0,2021-11-29,2021-11-29,2,,,,0
2021,11,1,11,Nov,917,821,149,14.2,0.0,2021-11-1,2021-11-01,2,,,,0
2021,11,1,23,Nov,697,571,97,8.1,0.0,2021-11-1,2021-11-01,2,,,,0
2021,11,2,17,Nov,1325,1449,242,10.2,0.2,2021-11-2,2021-11-02,3,,,,0
2021,11,4,15,Nov,1156,1131,191,10.1,0.0,2021-11-4,2021-11-04,5,,,,0
2021,11,6,19,Nov,2050,2300,466,5.9,0.0,2021-11-6,2021-11-06,7,,,,0
2021,11,8,8,Nov,1261,1083,190,7.8,0.0,2021-11-8,2021-11-08,2,,,,0
2021,11,8,10,Nov,986,797,130,10.5,0.0,2021-11-8,2021-11-08,2,,,,0
2021,11,9,0,Nov,455,330,59,6.9,0.0,2021-11-9,2021-11-09,3,,,,0
2021,11,10,2,Nov,246,177,26,10.5,0.0,2021-11-10,2021-11-10,4,,,,0
2021,11,12,13,Nov,1257,1234,217,17.0,0.6,2021-11-12,2021-11-12,6,,,,0
2021,11,15,18,Nov,1555,1725,290,7.4,0.0,2021-11-15,2021-11-15,2,,,,0
2021,11,17,0,Nov,674,434,74,2.9,0.0,2021-11-17,2021-11-17,4,,,,0
2021,11,17,9,Nov,1257,1144,195,3.9,0.0,2021-11-17,2021-11-17,4,,,,0
2021,11,17,10,Nov,1029,948,156,5.8,0.0,2021-11-17,2021-11-17,4,,,,0
2021,11,19,6,Nov,673,666,84,5.2,0.0,2021-11-19,2021-11-19,6,AnimeNYC,13.0,22.0,0
2021,11,20,20,Nov,2012,1723,356,6.5,0.0,2021-11-20,2021-11-20,7,AnimeNYC,10.0,22.0,1
2021,11,20,21,Nov,1915,1740,302,6.5,0.0,2021-11-20,2021-11-20,7,AnimeNYC,10.0,22.0,1
2021,11,21,15,Nov,1372,1336,223,12.0,0.0,2021-11-21,2021-11-21,1,AnimeNYC,10.0,17.0,1
2021,11,21,21,Nov,1206,1054,177,10.1,0.5,2021-11-21,2021-11-21,1,AnimeNYC,10.0,17.0,0
2021,11,23,13,Nov,1072,1093,178,5.4,0.14,2021-11-23,2021-11-23,3,,,,0
2021,11,24,5,Nov,376,469,38,-1.3,0.0,2021-11-24,2021-11-24,4,,,,0
2021,11,27,2,Nov,794,515,135,2.0,0.0,2021-11-27,2021-11-27,7,,,,0
2021,11,28,20,Nov,1284,1104,219,1.7,0.0,2021-11-28,2021-11-28,1,,,,0
2021,11,1,6,Nov,631,625,67,10.5,0.0,2021-11-1,2021-11-01,2,,,,0
2021,11,1,13,Nov,939,951,155,14.5,0.0,2021-11-1,2021-11-01,2,,,,0
2021,11,2,13,Nov,855,807,140,11.5,0.0,2021-11-2,2021-11-02,3,,,,0
2021,11,2,22,Nov,1211,1076,179,7.8,0.0,2021-11-2,2021-11-02,3,,,,0
2021,11,3,22,Nov,1436,1171,174,6.1,0.0,2021-11-3,2021-11-03,4,,,,0
2021,11,4,0,Nov,811,630,110,5.5,0.0,2021-11-4,2021-11-04,5,,,,0
2021,11,4,12,Nov,1029,950,193,9.2,0.0,2021-11-4,2021-11-04,5,,,,0
2021,11,5,20,Nov,1863,1719,339,7.8,0.0,2021-11-5,2021-11-05,6,,,,0
2021,11,9,6,Nov,612,592,62,6.2,0.0,2021-11-9,2021-11-09,3,,,,0
2021,11,9,19,Nov,1336,1405,235,13.9,0.0,2021-11-9,2021-11-09,3,,,,0
2021,11,12,0,Nov,1136,846,156,15.3,0.12,2021-11-12,2021-11-12,6,,,,0
2021,11,12,16,Nov,1282,1503,264,17.6,0.0,2021-11-12,2021-11-12,6,,,,0
2021,11,16,14,Nov,977,967,143,9.4,0.0,2021-11-16,2021-11-16,3,,,,0
2021,11,18,4,Nov,266,190,16,10.7,0.0,2021-11-18,2021-11-18,5,,,,0
2021,11,18,9,Nov,1249,1175,232,10.2,0.0,2021-11-18,2021-11-18,5,,,,0
2021,11,20,16,Nov,1612,1860,338,6.7,0.0,2021-11-20,2021-11-20,7,AnimeNYC,10.0,22.0,1
2021,11,21,23,Nov,931,686,162,11.4,0.06,2021-11-21,2021-11-21,1,AnimeNYC,10.0,17.0,0
2021,11,22,10,Nov,1081,916,143,8.8,0.0,2021-11-22,2021-11-22,2,,,,0
2021,11,22,15,Nov,992,1126,186,9.7,0.0,2021-11-22,2021-11-22,2,,,,0
2021,11,24,12,Nov,1140,1074,191,4.3,0.0,2021-11-24,2021-11-24,4,,,,0
2021,11,26,10,Nov,852,872,124,7.3,1.22,2021-11-26,2021-11-26,6,,,,0
2021,11,27,18,Nov,1697,1658,329,2.0,0.0,2021-11-27,2021-11-27,7,,,,0
2021,11,30,22,Nov,1684,1021,186,2.3,0.0,2021-11-30,2021-11-30,3,,,,0
2021,11,30,23,Nov,1218,674,149,1.6,0.0,2021-11-30,2021-11-30,3,,,,0
2021,11,4,18,Nov,1668,1619,288,9.3,0.0,2021-11-4,2021-11-04,5,,,,0
2021,11,9,3,Nov,135,79,17,5.9,0.0,2021-11-9,2021-11-09,3,,,,0
2021,11,11,4,Nov,251,146,27,5.3,0.0,2021-11-11,2021-11-11,5,,,,0
2021,11,11,9,Nov,1130,1078,219,7.1,0.0,2021-11-11,2021-11-11,5,,,,0
2021,11,11,14,Nov,995,929,165,15.1,0.0,2021-11-11,2021-11-11,5,,,,0
2021,11,11,16,Nov,1231,1223,212,14.4,0.0,2021-11-11,2021-11-11,5,,,,0
2021,11,13,21,Nov,1955,1965,342,5.3,0.0,2021-11-13,2021-11-13,7,,,,0
2021,11,15,4,Nov,292,216,24,3.7,0.0,2021-11-15,2021-11-15,2,,,,0
2021,11,15,10,Nov,1031,1108,247,5.4,0.04,2021-11-15,2021-11-15,2,,,,0
2021,11,15,22,Nov,1345,1012,145,4.8,0.0,2021-11-15,2021-11-15,2,,,,0
2021,11,16,2,Nov,217,153,34,3.7,0.0,2021-11-16,2021-11-16,3,,,,0
2021,11,19,8,Nov,1160,1039,188,4.5,0.0,2021-11-19,2021-11-19,6,AnimeNYC,13.0,22.0,0
2021,11,19,14,Nov,1067,1232,197,9.2,0.0,2021-11-19,2021-11-19,6,AnimeNYC,13.0,22.0,1
2021,11,25,2,Nov,651,434,97,2.1,0.0,2021-11-25,2021-11-25,5,,,,0
2021,11,27,6,Nov,283,399,40,1.0,0.0,2021-11-27,2021-11-27,7,,,,0
2021,11,28,15,Nov,1226,1146,173,4.3,0.0,2021-11-28,2021-11-28,1,,,,0
2021,11,30,15,Nov,1001,945,164,4.2,0.1,2021-11-30,2021-11-30,3,,,,0
2021,11,2,1,Nov,271,259,40,8.6,0.0,2021-11-2,2021-11-02,3,,,,0
2021,11,3,12,Nov,908,839,151,9.9,0.04,2021-11-3,2021-11-03,4,,,,0
2021,11,6,23,Nov,2204,1892,343,7.9,0.0,2021-11-6,2021-11-06,7,,,,0
2021,11,9,21,Nov,1453,1094,151,11.9,0.0,2021-11-9,2021-11-09,3,,,,0
2021,11,11,17,Nov,1576,1578,261,13.7,0.0,2021-11-11,2021-11-11,5,,,,0
2021,11,12,1,Nov,784,490,100,15.2,0.2,2021-11-12,2021-11-12,6,,,,0
2021,11,12,14,Nov,1076,1302,174,16.6,0.72,2021-11-12,2021-11-12,6,,,,0
2021,11,12,18,Nov,2124,2117,452,14.1,0.0,2021-11-12,2021-11-12,6,,,,0
2021,11,13,6,Nov,377,546,45,7.0,0.0,2021-11-13,2021-11-13,7,,,,0
2021,11,13,16,Nov,1689,1719,304,9.9,0.82,2021-11-13,2021-11-13,7,,,,0
2021,11,13,19,Nov,2363,2441,473,5.4,0.0,2021-11-13,2021-11-13,7,,,,0
2021,11,14,6,Nov,405,604,50,3.3,0.0,2021-11-14,2021-11-14,1,,,,0
2021,11,15,13,Nov,1175,971,200,8.1,0.0,2021-11-15,2021-11-15,2,,,,0
2021,11,17,5,Nov,288,343,30,3.2,0.0,2021-11-17,2021-11-17,4,,,,0
2021,11,17,22,Nov,1717,1219,190,11.3,0.0,2021-11-17,2021-11-17,4,,,,0
2021,11,19,4,Nov,350,201,31,7.8,0.0,2021-11-19,2021-11-19,6,AnimeNYC,13.0,22.0,0
2021,11,19,10,Nov,1063,1108,201,6.3,0.0,2021-11-19,2021-11-19,6,AnimeNYC,13.0,22.0,0
2021,11,20,8,Nov,635,985,119,1.5,0.0,2021-11-20,2021-11-20,7,AnimeNYC,10.0,22.0,0
2021,11,20,19,Nov,2358,2005,476,5.9,0.0,2021-11-20,2021-11-20,7,AnimeNYC,10.0,22.0,1
2021,11,23,10,Nov,1043,1044,144,2.5,0.0,2021-11-23,2021-11-23,3,,,,0
2021,11,29,18,Nov,1336,1399,248,3.3,0.0,2021-11-29,2021-11-29,2,,,,0
2021,11,4,1,Nov,448,438,61,5.1,0.0,2021-11-4,2021-11-04,5,,,,0
2021,11,4,13,Nov,1016,1003,184,9.7,0.0,2021-11-4,2021-11-04,5,,,,0
2021,11,5,15,Nov,1186,1256,173,10.8,0.0,2021-11-5,2021-11-05,6,,,,0
2021,11,10,9,Nov,1191,1054,185,13.4,0.0,2021-11-10,2021-11-10,4,,,,0
2021,11,13,20,Nov,1999,2066,418,5.9,0.0,2021-11-13,2021-11-13,7,,,,0
2021,11,15,0,Nov,635,453,93,5.7,0.5,2021-11-15,2021-11-15,2,,,,0
2021,11,15,17,Nov,1446,1336,254,8.5,0.0,2021-11-15,2021-11-15,2,,,,0
2021,11,16,7,Nov,1202,952,137,2.1,0.0,2021-11-16,2021-11-16,3,,,,0
2021,11,17,2,Nov,230,194,34,1.7,0.0,2021-11-17,2021-11-17,4,,,,0
2021,11,20,4,Nov,644,383,75,2.0,0.0,2021-11-20,2021-11-20,7,AnimeNYC,10.0,22.0,0
2021,11,20,6,Nov,449,578,61,0.4,0.0,2021-11-20,2021-11-20,7,AnimeNYC,10.0,22.0,0
2021,11,25,16,Nov,1060,799,125,11.4,0.0,2021-11-25,2021-11-25,5,,,,0
2021,11,27,5,Nov,269,272,22,1.4,0.0,2021-11-27,2021-11-27,7,,,,0
2021,11,28,13,Nov,1309,1219,190,2.5,0.0,2021-11-28,2021-11-28,1,,,,0
2021,11,29,8,Nov,1340,1108,233,1.4,0.0,2021-11-29,2021-11-29,2,,,,0
2021,11,29,15,Nov,1083,948,169,6.0,0.0,2021-11-29,2021-11-29,2,,,,0
2021,11,30,10,Nov,978,788,138,1.1,0.0,2021-11-30,2021-11-30,3,,,,0
2021,11,4,22,Nov,1668,1522,280,6.5,0.0,2021-11-4,2021-11-04,5,,,,0
2021,11,7,8,Nov,607,639,83,4.0,0.0,2021-11-7,2021-11-07,1,,,,0
2021,11,7,17,Nov,1271,1473,230,10.8,0.0,2021-11-7,2021-11-07,1,,,,0
2021,11,7,19,Nov,1447,1297,233,8.0,0.0,2021-11-7,2021-11-07,1,,,,0
2021,11,9,18,Nov,1470,1664,271,14.4,0.0,2021-11-9,2021-11-09,3,,,,0
2021,11,9,20,Nov,1256,1172,183,12.4,0.0,2021-11-9,2021-11-09,3,,,,0
2021,11,10,7,Nov,1098,936,145,11.0,0.0,2021-11-10,2021-11-10,4,,,,0
2021,11,10,17,Nov,1288,1558,261,15.2,0.0,2021-11-10,2021-11-10,4,,,,0
2021,11,10,22,Nov,1760,1209,215,8.3,0.0,2021-11-10,2021-11-10,4,,,,0
2021,11,12,4,Nov,340,223,31,16.0,0.0,2021-11-12,2021-11-12,6,,,,0
2021,11,13,18,Nov,2102,2246,408,6.2,0.0,2021-11-13,2021-11-13,7,,,,0
2021,11,14,3,Nov,1117,615,128,4.1,0.0,2021-11-14,2021-11-14,1,,,,0
2021,11,14,17,Nov,1622,1470,357,8.0,0.0,2021-11-14,2021-11-14,1,,,,0
2021,11,15,5,Nov,344,395,36,2.8,0.0,2021-11-15,2021-11-15,2,,,,0
2021,11,15,11,Nov,1050,1064,193,5.8,0.0,2021-11-15,2021-11-15,2,,,,0
2021,11,15,20,Nov,1206,1209,182,6.4,0.0,2021-11-15,2021-11-15,2,,,,0
2021,11,19,2,Nov,633,408,77,8.3,0.8,2021-11-19,2021-11-19,6,AnimeNYC,13.0,22.0,0
2021,11,21,11,Nov,1305,1547,224,8.8,0.0,2021-11-21,2021-11-21,1,AnimeNYC,10.0,17.0,1
2021,11,21,14,Nov,1407,1500,226,11.5,0.0,2021-11-21,2021-11-21,1,AnimeNYC,10.0,17.0,1
2021,11,22,5,Nov,380,366,39,10.3,0.4,2021-11-22,2021-11-22,2,,,,0
2021,11,23,6,Nov,634,670,69,-0.2,0.0,2021-11-23,2021-11-23,3,,,,0
2021,11,24,16,Nov,1062,1402,252,7.2,0.0,2021-11-24,2021-11-24,4,,,,0
2021,11,25,9,Nov,420,650,94,3.6,0.0,2021-11-25,2021-11-25,5,,,,0
2021,11,25,18,Nov,1055,835,143,8.0,0.0,2021-11-25,2021-11-25,5,,,,0
2021,11,27,16,Nov,1545,1498,314,4.0,0.0,2021-11-27,2021-11-27,7,,,,0
2021,11,2,7,Nov,976,762,114,9.0,0.0,2021-11-2,2021-11-02,3,,,,0
2021,11,8,7,Nov,1071,864,111,6.7,0.0,2021-11-8,2021-11-08,2,,,,0
2021,11,8,9,Nov,1027,968,143,8.9,0.0,2021-11-8,2021-11-08,2,,,,0
2021,11,8,11,Nov,857,811,113,12.4,0.0,2021-11-8,2021-11-08,2,,,,0
2021,11,8,17,Nov,1124,1393,218,14.8,0.0,2021-11-8,2021-11-08,2,,,,0
2021,11,9,7,Nov,1038,844,117,6.5,0.0,2021-11-9,2021-11-09,3,,,,0
2021,11,11,23,Nov,1467,1201,198,15.1,0.1,2021-11-11,2021-11-11,5,,,,0
2021,11,12,19,Nov,2218,2157,426,12.9,0.0,2021-11-12,2021-11-12,6,,,,0
2021,11,16,17,Nov,1322,1438,247,8.5,0.0,2021-11-16,2021-11-16,3,,,,0
2021,11,18,8,Nov,1381,1208,199,9.5,0.0,2021-11-18,2021-11-18,5,,,,0
2021,11,18,10,Nov,1104,992,184,11.7,0.0,2021-11-18,2021-11-18,5,,,,0
2021,11,19,19,Nov,2185,2055,404,6.4,0.0,2021-11-19,2021-11-19,6,AnimeNYC,13.0,22.0,1
2021,11,24,11,Nov,1048,1178,190,3.0,0.0,2021-11-24,2021-11-24,4,,,,0
2021,11,25,20,Nov,950,948,142,8.8,0.0,2021-11-25,2021-11-25,5,,,,0
2021,11,26,12,Nov,1106,894,128,6.8,0.2,2021-11-26,2021-11-26,6,,,,0
2021,11,27,0,Nov,1015,928,201,1.8,0.0,2021-11-27,2021-11-27,7,,,,0
2021,11,27,10,Nov,997,952,171,2.7,0.0,2021-11-27,2021-11-27,7,,,,0
2021,11,29,17,Nov,1289,1264,268,4.8,0.0,2021-11-29,2021-11-29,2,,,,0
2021,11,30,7,Nov,1038,851,141,-2.3,0.0,2021-11-30,2021-11-30,3,,,,0
2021,11,30,16,Nov,1145,1198,204,4.0,0.04,2021-11-30,2021-11-30,3,,,,0
2021,11,2,5,Nov,292,289,31,8.3,0.0,2021-11-2,2021-11-02,3,,,,0
2021,11,2,8,Nov,1359,1211,224,8.9,0.0,2021-11-2,2021-11-02,3,,,,0
2021,11,2,19,Nov,1506,1452,252,9.0,0.1,2021-11-2,2021-11-02,3,,,,0
2021,11,5,3,Nov,389,258,61,4.6,0.0,2021-11-5,2021-11-05,6,,,,0
2021,11,5,9,Nov,1093,1130,204,4.9,0.0,2021-11-5,2021-11-05,6,,,,0
2021,11,6,14,Nov,1498,1563,228,10.6,0.0,2021-11-6,2021-11-06,7,,,,0
2021,11,6,18,Nov,2052,2186,410,7.3,0.0,2021-11-6,2021-11-06,7,,,,0
2021,11,7,4,Nov,567,287,35,3.1,0.0,2021-11-7,2021-11-07,1,,,,0
2021,11,10,12,Nov,980,778,148,17.0,0.0,2021-11-10,2021-11-10,4,,,,0
2021,11,11,6,Nov,549,585,60,4.3,0.0,2021-11-11,2021-11-11,5,,,,0
2021,11,15,2,Nov,346,185,45,5.0,0.0,2021-11-15,2021-11-15,2,,,,0
2021,11,16,19,Nov,1568,1421,220,5.7,0.0,2021-11-16,2021-11-16,3,,,,0
2021,11,17,8,Nov,1401,1285,253,3.6,0.0,2021-11-17,2021-11-17,4,,,,0
2021,11,20,22,Nov,2390,1918,423,6.6,0.0,2021-11-20,2021-11-20,7,AnimeNYC,10.0,22.0,0
2021,11,21,17,Nov,1444,1464,281,11.2,0.0,2021-11-21,2021-11-21,1,AnimeNYC,10.0,17.0,0
2021,11,21,20,Nov,1521,1164,257,9.9,0.0,2021-11-21,2021-11-21,1,AnimeNYC,10.0,17.0,0
2021,11,22,6,Nov,673,667,59,9.7,0.24,2021-11-22,2021-11-22,2,,,,0
2021,11,23,18,Nov,1273,1597,271,3.4,0.0,2021-11-23,2021-11-23,3,,,,0
2021,11,24,0,Nov,672,539,108,-0.1,0.0,2021-11-24,2021-11-24,4,,,,0
2021,11,25,8,Nov,364,508,85,2.5,0.0,2021-11-25,2021-11-25,5,,,,0
2021,11,26,22,Nov,1473,1468,277,2.3,0.0,2021-11-26,2021-11-26,6,,,,0
2021,11,28,14,Nov,1348,1210,222,3.4,0.0,2021-11-28,2021-11-28,1,,,,0
2021,11,1,15,Nov,883,939,173,14.6,0.0,2021-11-1,2021-11-01,2,,,,0
2021,11,4,7,Nov,998,849,136,3.0,0.0,2021-11-4,2021-11-04,5,,,,0
2021,11,5,4,Nov,345,213,39,4.3,0.0,2021-11-5,2021-11-05,6,,,,0
2021,11,5,7,Nov,866,904,115,3.4,0.0,2021-11-5,2021-11-05,6,,,,0
2021,11,6,6,Nov,318,511,57,4.5,0.0,2021-11-6,2021-11-06,7,,,,0
2021,11,7,22,Nov,1156,946,144,7.1,0.0,2021-11-7,2021-11-07,1,,,,0
2021,11,11,15,Nov,1069,928,188,15.0,0.0,2021-11-11,2021-11-11,5,,,,0
2021,11,13,17,Nov,1839,1950,342,7.8,0.26,2021-11-13,2021-11-13,7,,,,0
2021,11,17,23,Nov,1337,908,170,10.8,0.0,2021-11-17,2021-11-17,4,,,,0
2021,11,18,17,Nov,1457,1742,263,17.7,0.0,2021-11-18,2021-11-18,5,,,,0
2021,11,22,7,Nov,1040,805,117,9.1,0.2,2021-11-22,2021-11-22,2,,,,0
2021,11,23,17,Nov,1075,1408,217,4.5,0.0,2021-11-23,2021-11-23,3,,,,0
2021,11,24,2,Nov,315,256,38,-0.7,0.0,2021-11-24,2021-11-24,4,,,,0
2021,11,24,20,Nov,1093,1212,248,4.1,0.0,2021-11-24,2021-11-24,4,,,,0
2021,11,25,6,Nov,420,697,89,1.5,0.0,2021-11-25,2021-11-25,5,,,,0
2021,11,26,3,Nov,333,198,44,6.6,0.84,2021-11-26,2021-11-26,6,,,,0
2021,11,26,13,Nov,1145,1070,178,7.1,0.04,2021-11-26,2021-11-26,6,,,,0
2021,11,26,21,Nov,1685,1166,247,3.0,0.0,2021-11-26,2021-11-26,6,,,,0
2021,11,27,22,Nov,1995,1563,311,0.8,0.0,2021-11-27,2021-11-27,7,,,,0
2021,11,28,22,Nov,1060,798,150,2.4,0.0,2021-11-28,2021-11-28,1,,,,0
2021,11,30,6,Nov,622,595,63,-2.2,0.0,2021-11-30,2021-11-30,3,,,,0
2021,11,30,19,Nov,1338,1646,280,3.1,0.0,2021-11-30,2021-11-30,3,,,,0
2021,11,1,0,Nov,1177,799,194,12.7,0.0,2021-11-1,2021-11-01,2,,,,0
2021,11,1,17,Nov,1088,1201,206,13.7,0.0,2021-11-1,2021-11-01,2,,,,0
2021,11,1,19,Nov,1154,1254,242,9.6,0.0,2021-11-1,2021-11-01,2,,,,0
2021,11,2,14,Nov,908,839,152,10.9,0.0,2021-11-2,2021-11-02,3,,,,0
2021,11,3,1,Nov,480,328,65,5.8,0.0,2021-11-3,2021-11-03,4,,,,0
2021,11,3,20,Nov,1452,1241,209,7.2,0.0,2021-11-3,2021-11-03,4,,,,0
2021,11,5,8,Nov,1156,1093,222,4.1,0.0,2021-11-5,2021-11-05,6,,,,0
2021,11,6,11,Nov,1421,1370,242,9.0,0.0,2021-11-6,2021-11-06,7,,,,0
2021,11,8,3,Nov,207,132,22,7.1,0.0,2021-11-8,2021-11-08,2,,,,0
2021,11,8,12,Nov,968,776,107,14.2,0.0,2021-11-8,2021-11-08,2,,,,0
2021,11,8,14,Nov,851,859,133,16.2,0.0,2021-11-8,2021-11-08,2,,,,0
2021,11,8,23,Nov,760,566,94,7.5,0.0,2021-11-8,2021-11-08,2,,,,0
2021,11,9,9,Nov,1133,939,157,10.6,0.0,2021-11-9,2021-11-09,3,,,,0
2021,11,9,12,Nov,832,803,125,17.0,0.0,2021-11-9,2021-11-09,3,,,,0
2021,11,9,17,Nov,1360,1493,264,17.3,0.0,2021-11-9,2021-11-09,3,,,,0
2021,11,11,1,Nov,557,387,77,6.6,0.0,2021-11-11,2021-11-11,5,,,,0
2021,11,14,13,Nov,1496,1518,314,8.4,0.0,2021-11-14,2021-11-14,1,,,,0
2021,11,15,3,Nov,262,123,34,4.4,0.0,2021-11-15,2021-11-15,2,,,,0
2021,11,16,9,Nov,1316,1110,221,3.8,0.0,2021-11-16,2021-11-16,3,,,,0
2021,11,18,14,Nov,1040,1078,186,17.9,0.0,2021-11-18,2021-11-18,5,,,,0
2021,11,19,11,Nov,1102,1131,216,7.0,0.0,2021-11-19,2021-11-19,6,AnimeNYC,13.0,22.0,0
2021,11,19,18,Nov,1977,1801,355,7.1,0.0,2021-11-19,2021-11-19,6,AnimeNYC,13.0,22.0,1
2021,11,21,19,Nov,1453,1405,324,11.0,0.0,2021-11-21,2021-11-21,1,AnimeNYC,10.0,17.0,0
2021,11,22,4,Nov,345,182,35,11.0,0.0,2021-11-22,2021-11-22,2,,,,0
2021,11,26,14,Nov,1132,954,183,7.2,0.0,2021-11-26,2021-11-26,6,,,,0
2021,11,26,17,Nov,1389,1446,251,5.9,0.0,2021-11-26,2021-11-26,6,,,,0
2021,11,26,23,Nov,1307,1331,307,1.8,0.0,2021-11-26,2021-11-26,6,,,,0
2021,11,29,12,Nov,1127,862,170,5.3,0.06,2021-11-29,2021-11-29,2,,,,0
2021,11,1,21,Nov,1175,873,167,8.9,0.0,2021-11-1,2021-11-01,2,,,,0
2021,11,3,21,Nov,1450,1325,202,6.4,0.0,2021-11-3,2021-11-03,4,,,,0
2021,11,4,21,Nov,1657,1511,327,6.9,0.0,2021-11-4,2021-11-04,5,,,,0
2021,11,5,6,Nov,577,631,76,3.7,0.0,2021-11-5,2021-11-05,6,,,,0
2021,11,5,12,Nov,1225,1107,206,9.6,0.0,2021-11-5,2021-11-05,6,,,,0
2021,11,6,5,Nov,335,317,38,4.1,0.0,2021-11-6,2021-11-06,7,,,,0
2021,11,8,5,Nov,363,384,35,6.7,0.0,2021-11-8,2021-11-08,2,,,,0
2021,11,8,15,Nov,959,1009,154,16.7,0.0,2021-11-8,2021-11-08,2,,,,0
2021,11,9,4,Nov,154,165,11,6.3,0.0,2021-11-9,2021-11-09,3,,,,0
2021,11,9,10,Nov,882,789,128,13.1,0.0,2021-11-9,2021-11-09,3,,,,0
2021,11,11,20,Nov,1537,1376,221,12.2,0.0,2021-11-11,2021-11-11,5,,,,0
2021,11,13,11,Nov,1395,1476,245,15.7,0.0,2021-11-13,2021-11-13,7,,,,0
2021,11,14,5,Nov,424,367,43,3.6,0.0,2021-11-14,2021-11-14,1,,,,0
2021,11,20,14,Nov,1574,1682,297,6.9,0.0,2021-11-20,2021-11-20,7,AnimeNYC,10.0,22.0,1
2021,11,20,15,Nov,1486,1731,310,6.9,0.0,2021-11-20,2021-11-20,7,AnimeNYC,10.0,22.0,1
2021,11,21,3,Nov,1060,694,132,5.3,0.0,2021-11-21,2021-11-21,1,AnimeNYC,10.0,17.0,0
2021,11,21,13,Nov,1401,1417,259,10.8,0.0,2021-11-21,2021-11-21,1,AnimeNYC,10.0,17.0,1
2021,11,25,13,Nov,711,663,128,10.6,0.0,2021-11-25,2021-11-25,5,,,,0
2021,11,25,15,Nov,853,669,112,11.7,0.0,2021-11-25,2021-11-25,5,,,,0
2021,11,26,15,Nov,1143,1130,183,7.3,0.0,2021-11-26,2021-11-26,6,,,,0
2021,11,27,3,Nov,793,401,148,1.9,0.0,2021-11-27,2021-11-27,7,,,,0
2021,11,27,13,Nov,1422,1248,250,4.6,0.0,2021-11-27,2021-11-27,7,,,,0
2021,11,27,23,Nov,1699,1572,338,1.1,0.0,2021-11-27,2021-11-27,7,,,,0
2021,11,3,8,Nov,1385,1230,196,5.1,0.0,2021-11-3,2021-11-03,4,,,,0
2021,11,4,10,Nov,931,980,169,7.0,0.0,2021-11-4,2021-11-04,5,,,,0
2021,11,6,13,Nov,1590,1446,271,10.3,0.0,2021-11-6,2021-11-06,7,,,,0
2021,11,8,16,Nov,864,970,163,16.5,0.0,2021-11-8,2021-11-08,2,,,,0
2021,11,14,21,Nov,1622,1379,315,7.7,0.0,2021-11-14,2021-11-14,1,,,,0
2021,11,15,9,Nov,1240,1378,286,4.7,0.14,2021-11-15,2021-11-15,2,,,,0
2021,11,16,11,Nov,941,930,165,6.8,0.0,2021-11-16,2021-11-16,3,,,,0
2021,11,17,18,Nov,1672,1846,321,11.8,0.0,2021-11-17,2021-11-17,4,,,,0
2021,11,18,6,Nov,690,667,67,10.1,0.0,2021-11-18,2021-11-18,5,,,,0
2021,11,18,11,Nov,1104,969,148,13.3,0.0,2021-11-18,2021-11-18,5,,,,0
2021,11,20,0,Nov,1929,1492,277,3.2,0.0,2021-11-20,2021-11-20,7,AnimeNYC,10.0,22.0,0
2021,11,20,2,Nov,1369,915,212,2.3,0.0,2021-11-20,2021-11-20,7,AnimeNYC,10.0,22.0,0
2021,11,20,23,Nov,2230,1904,375,6.3,0.0,2021-11-20,2021-11-20,7,AnimeNYC,10.0,22.0,0
2021,11,22,0,Nov,503,457,74,11.1,0.0,2021-11-22,2021-11-22,2,,,,0
2021,11,22,20,Nov,1123,1082,186,4.6,0.0,2021-11-22,2021-11-22,2,,,,0
2021,11,24,15,Nov,955,1333,193,6.7,0.0,2021-11-24,2021-11-24,4,,,,0
2021,11,25,22,Nov,1078,1091,158,8.8,0.0,2021-11-25,2021-11-25,5,,,,0
2021,11,26,0,Nov,710,668,128,7.8,0.0,2021-11-26,2021-11-26,6,,,,0
2021,11,29,14,Nov,1027,959,139,5.7,0.14,2021-11-29,2021-11-29,2,,,,0
2021,10,31,23,Oct,1843,1073,286,13.3,0.0,2021-10-31,2021-10-31,1,,,,0
2021,11,1,16,Nov,866,1027,168,14.3,0.0,2021-11-1,2021-11-01,2,,,,0
2021,11,2,18,Nov,1516,1505,253,9.5,0.2,2021-11-2,2021-11-02,3,,,,0
2021,11,3,3,Nov,265,165,49,4.9,0.0,2021-11-3,2021-11-03,4,,,,0
2021,11,7,21,Nov,1419,1023,198,8.2,0.0,2021-11-7,2021-11-07,1,,,,0
2021,11,9,2,Nov,197,137,10,6.5,0.0,2021-11-9,2021-11-09,3,,,,0
2021,11,9,5,Nov,277,293,21,6.1,0.0,2021-11-9,2021-11-09,3,,,,0
2021,11,12,21,Nov,1672,1476,277,11.1,0.0,2021-11-12,2021-11-12,6,,,,0
2021,11,16,6,Nov,704,582,68,2.4,0.0,2021-11-16,2021-11-16,3,,,,0
2021,11,16,12,Nov,1043,853,152,7.9,0.0,2021-11-16,2021-11-16,3,,,,0
2021,11,19,1,Nov,868,613,116,8.2,1.28,2021-11-19,2021-11-19,6,AnimeNYC,13.0,22.0,0
2021,11,19,7,Nov,925,854,124,4.2,0.0,2021-11-19,2021-11-19,6,AnimeNYC,13.0,22.0,0
2021,11,19,13,Nov,1188,1193,219,9.1,0.0,2021-11-19,2021-11-19,6,AnimeNYC,13.0,22.0,1
2021,11,21,2,Nov,1291,973,212,5.2,0.0,2021-11-21,2021-11-21,1,AnimeNYC,10.0,17.0,0
2021,11,24,10,Nov,1050,1152,178,1.4,0.0,2021-11-24,2021-11-24,4,,,,0
2021,11,25,1,Nov,782,533,115,2.7,0.0,2021-11-25,2021-11-25,5,,,,0
2021,11,28,6,Nov,302,506,49,0.4,0.18,2021-11-28,2021-11-28,1,,,,0
2021,11,28,8,Nov,487,737,114,1.0,0.4,2021-11-28,2021-11-28,1,,,,0
2021,11,29,23,Nov,840,660,107,-0.6,0.0,2021-11-29,2021-11-29,2,,,,0
2021,11,2,0,Nov,512,386,66,7.9,0.0,2021-11-2,2021-11-02,3,,,,0
2021,11,3,0,Nov,772,503,115,6.6,0.0,2021-11-3,2021-11-03,4,,,,0
2021,11,7,10,Nov,859,879,133,7.5,0.0,2021-11-7,2021-11-07,1,,,,0
2021,11,7,18,Nov,1407,1334,256,8.1,0.0,2021-11-7,2021-11-07,1,,,,0
2021,11,9,8,Nov,1409,1135,211,7.4,0.0,2021-11-9,2021-11-09,3,,,,0
2021,11,10,8,Nov,1385,1242,236,10.9,0.0,2021-11-10,2021-11-10,4,,,,0
2021,11,12,22,Nov,2029,1879,307,9.8,0.0,2021-11-12,2021-11-12,6,,,,0
2021,11,13,2,Nov,1403,1014,188,6.5,0.0,2021-11-13,2021-11-13,7,,,,0
2021,11,17,7,Nov,1160,1070,132,3.5,0.0,2021-11-17,2021-11-17,4,,,,0
2021,11,17,17,Nov,1407,1533,277,12.2,0.0,2021-11-17,2021-11-17,4,,,,0
2021,11,19,22,Nov,2156,1960,338,4.1,0.0,2021-11-19,2021-11-19,6,AnimeNYC,13.0,22.0,0
2021,11,21,8,Nov,553,928,86,5.4,0.0,2021-11-21,2021-11-21,1,AnimeNYC,10.0,17.0,0
2021,11,22,21,Nov,1120,1095,174,4.0,0.0,2021-11-22,2021-11-22,2,,,,0
2021,11,22,22,Nov,1044,895,151,3.3,0.0,2021-11-22,2021-11-22,2,,,,0
2021,11,23,14,Nov,958,1087,170,5.5,0.24,2021-11-23,2021-11-23,3,,,,0
2021,11,24,14,Nov,997,1174,172,6.1,0.0,2021-11-24,2021-11-24,4,,,,0
2021,11,26,7,Nov,374,392,47,6.3,0.8,2021-11-26,2021-11-26,6,,,,0
2021,11,29,22,Nov,1134,881,152,-0.3,0.0,2021-11-29,2021-11-29,2,,,,0
2021,11,30,1,Nov,338,214,43,-1.2,0.0,2021-11-30,2021-11-30,3,,,,0
2021,11,30,18,Nov,1520,1652,276,3.0,0.0,2021-11-30,2021-11-30,3,,,,0
2021,11,5,0,Nov,1213,811,153,4.3,0.0,2021-11-5,2021-11-05,6,,,,0
2021,11,5,5,Nov,290,348,42,4.0,0.0,2021-11-5,2021-11-05,6,,,,0
2021,11,6,10,Nov,1139,1365,214,7.2,0.0,2021-11-6,2021-11-06,7,,,,0
2021,11,7,16,Nov,1099,1278,197,12.2,0.0,2021-11-7,2021-11-07,1,,,,0
2021,11,8,4,Nov,269,177,22,7.0,0.0,2021-11-8,2021-11-08,2,,,,0
2021,11,8,13,Nov,925,835,128,15.4,0.0,2021-11-8,2021-11-08,2,,,,0
2021,11,13,1,Nov,1661,1231,206,7.2,0.0,2021-11-13,2021-11-13,7,,,,0
2021,11,13,12,Nov,1513,1433,233,16.0,0.0,2021-11-13,2021-11-13,7,,,,0
2021,11,15,7,Nov,1088,1009,148,2.6,0.0,2021-11-15,2021-11-15,2,,,,0
2021,11,15,14,Nov,1110,990,194,8.5,0.04,2021-11-15,2021-11-15,2,,,,0
2021,11,16,8,Nov,1424,1198,224,3.3,0.0,2021-11-16,2021-11-16,3,,,,0
2021,11,18,13,Nov,1084,979,143,16.5,0.0,2021-11-18,2021-11-18,5,,,,0
2021,11,18,15,Nov,1147,1129,201,18.9,0.0,2021-11-18,2021-11-18,5,,,,0
2021,11,18,22,Nov,2213,1775,331,14.8,0.74,2021-11-18,2021-11-18,5,,,,0
2021,11,19,17,Nov,1589,1648,314,8.1,0.0,2021-11-19,2021-11-19,6,AnimeNYC,13.0,22.0,1
2021,11,21,1,Nov,1583,1175,201,5.1,0.0,2021-11-21,2021-11-21,1,AnimeNYC,10.0,17.0,0
2021,11,22,8,Nov,1204,964,184,8.6,0.4,2021-11-22,2021-11-22,2,,,,0
2021,11,23,20,Nov,1198,1145,209,2.0,0.0,2021-11-23,2021-11-23,3,,,,0
2021,11,23,21,Nov,1217,1044,181,1.3,0.0,2021-11-23,2021-11-23,3,,,,0
2021,11,25,10,Nov,571,791,133,5.4,0.0,2021-11-25,2021-11-25,5,,,,0
2021,11,25,17,Nov,1057,931,160,10.0,0.0,2021-11-25,2021-11-25,5,,,,0
2021,11,27,8,Nov,440,526,70,2.1,0.0,2021-11-27,2021-11-27,7,,,,0
2021,11,29,0,Nov,608,364,83,3.0,0.0,2021-11-29,2021-11-29,2,,,,0
2021,11,29,1,Nov,350,240,47,2.8,0.0,2021-11-29,2021-11-29,2,,,,0
2021,11,29,21,Nov,1165,988,155,0.4,0.0,2021-11-29,2021-11-29,2,,,,0
2021,11,30,14,Nov,980,909,149,4.9,0.0,2021-11-30,2021-11-30,3,,,,0
2021,11,1,4,Nov,541,255,73,11.0,0.0,2021-11-1,2021-11-01,2,,,,0
2021,11,1,7,Nov,957,829,111,10.4,0.0,2021-11-1,2021-11-01,2,,,,0
2021,11,1,12,Nov,986,812,130,14.4,0.0,2021-11-1,2021-11-01,2,,,,0
2021,11,1,14,Nov,950,907,137,14.6,0.0,2021-11-1,2021-11-01,2,,,,0
2021,11,2,15,Nov,942,936,157,11.4,0.0,2021-11-2,2021-11-02,3,,,,0
2021,11,3,2,Nov,299,230,51,4.9,0.0,2021-11-3,2021-11-03,4,,,,0
2021,11,4,9,Nov,1264,1153,214,5.4,0.0,2021-11-4,2021-11-04,5,,,,0
2021,11,6,8,Nov,707,828,99,4.7,0.0,2021-11-6,2021-11-06,7,,,,0
2021,11,7,13,Nov,1064,1024,169,11.5,0.0,2021-11-7,2021-11-07,1,,,,0
2021,11,10,0,Nov,828,436,88,11.0,0.0,2021-11-10,2021-11-10,4,,,,0
2021,11,10,11,Nov,943,834,155,16.3,0.0,2021-11-10,2021-11-10,4,,,,0
2021,11,10,15,Nov,1028,1002,169,17.2,0.0,2021-11-10,2021-11-10,4,,,,0
2021,11,12,20,Nov,1897,1674,267,12.0,0.0,2021-11-12,2021-11-12,6,,,,0
2021,11,13,5,Nov,336,333,36,7.6,0.0,2021-11-13,2021-11-13,7,,,,0
2021,11,14,1,Nov,1924,1429,270,4.6,0.0,2021-11-14,2021-11-14,1,,,,0
2021,11,14,19,Nov,1618,1391,312,7.7,0.0,2021-11-14,2021-11-14,1,,,,0
2021,11,18,19,Nov,1962,1920,290,15.7,0.0,2021-11-18,2021-11-18,5,,,,0
2021,11,19,15,Nov,1171,1213,219,9.5,0.0,2021-11-19,2021-11-19,6,AnimeNYC,13.0,22.0,1
2021,11,24,9,Nov,957,1106,176,-0.2,0.0,2021-11-24,2021-11-24,4,,,,0
2021,11,24,18,Nov,1408,1438,299,4.2,0.0,2021-11-24,2021-11-24,4,,,,0
2021,11,27,14,Nov,1449,1289,244,4.6,0.0,2021-11-27,2021-11-27,7,,,,0
2021,11,29,5,Nov,340,397,25,2.8,0.0,2021-11-29,2021-11-29,2,,,,0
2021,11,30,9,Nov,1206,1073,204,0.2,0.0,2021-11-30,2021-11-30,3,,,,0
2021,11,1,2,Nov,796,405,130,11.6,0.0,2021-11-1,2021-11-01,2,,,,0
2021,11,1,8,Nov,1264,1018,166,11.2,0.0,2021-11-1,2021-11-01,2,,,,0
2021,11,2,9,Nov,1123,1010,187,10.1,0.0,2021-11-2,2021-11-02,3,,,,0
2021,11,4,11,Nov,973,972,179,8.4,0.0,2021-11-4,2021-11-04,5,,,,0
2021,11,4,23,Nov,1480,1253,232,5.1,0.0,2021-11-4,2021-11-04,5,,,,0
2021,11,7,14,Nov,1034,1107,166,12.0,0.0,2021-11-7,2021-11-07,1,,,,0
2021,11,8,0,Nov,496,364,61,7.1,0.0,2021-11-8,2021-11-08,2,,,,0
2021,11,8,18,Nov,1217,1432,225,11.9,0.0,2021-11-8,2021-11-08,2,,,,0
2021,11,8,20,Nov,1086,979,150,13.9,0.0,2021-11-8,2021-11-08,2,,,,0
2021,11,8,21,Nov,1340,939,152,13.0,0.0,2021-11-8,2021-11-08,2,,,,0
2021,11,10,3,Nov,170,106,14,11.0,0.0,2021-11-10,2021-11-10,4,,,,0
2021,11,13,7,Nov,433,613,71,9.8,0.0,2021-11-13,2021-11-13,7,,,,0
2021,11,16,18,Nov,1563,1582,306,6.9,0.0,2021-11-16,2021-11-16,3,,,,0
2021,11,16,20,Nov,1317,1311,219,5.9,0.0,2021-11-16,2021-11-16,3,,,,0
2021,11,18,20,Nov,1658,1613,261,14.9,0.0,2021-11-18,2021-11-18,5,,,,0
2021,11,19,16,Nov,1216,1391,252,8.9,0.0,2021-11-19,2021-11-19,6,AnimeNYC,13.0,22.0,1
2021,11,20,11,Nov,1368,1613,231,5.4,0.0,2021-11-20,2021-11-20,7,AnimeNYC,10.0,22.0,1
2021,11,23,0,Nov,842,393,84,1.9,0.0,2021-11-23,2021-11-23,3,,,,0
2021,11,28,2,Nov,1048,672,136,1.1,0.1,2021-11-28,2021-11-28,1,,,,0
2021,11,28,5,Nov,381,325,46,0.5,0.22,2021-11-28,2021-11-28,1,,,,0
2021,11,29,6,Nov,696,643,58,2.3,0.0,2021-11-29,2021-11-29,2,,,,0
2021,11,1,22,Nov,1014,797,118,8.5,0.0,2021-11-1,2021-11-01,2,,,,0
2021,11,3,9,Nov,1166,1093,199,5.8,0.0,2021-11-3,2021-11-03,4,,,,0
2021,11,5,13,Nov,1152,1226,218,10.2,0.0,2021-11-5,2021-11-05,6,,,,0
2021,11,5,19,Nov,2169,2338,473,6.2,0.0,2021-11-5,2021-11-05,6,,,,0
2021,11,6,1,Nov,1603,1080,215,4.3,0.0,2021-11-6,2021-11-06,7,,,,0
2021,11,8,19,Nov,1206,1099,181,12.4,0.0,2021-11-8,2021-11-08,2,,,,0
2021,11,9,11,Nov,829,796,153,15.2,0.0,2021-11-9,2021-11-09,3,,,,0
2021,11,12,3,Nov,479,220,58,15.5,0.0,2021-11-12,2021-11-12,6,,,,0
2021,11,12,15,Nov,1253,1297,201,17.6,0.0,2021-11-12,2021-11-12,6,,,,0
2021,11,13,23,Nov,2656,2048,435,5.0,0.0,2021-11-13,2021-11-13,7,,,,0
2021,11,14,0,Nov,2243,1717,346,4.8,0.0,2021-11-14,2021-11-14,1,,,,0
2021,11,14,16,Nov,1542,1586,287,8.5,0.0,2021-11-14,2021-11-14,1,,,,0
2021,11,16,1,Nov,306,246,43,4.1,0.0,2021-11-16,2021-11-16,3,,,,0
2021,11,16,3,Nov,138,98,22,3.3,0.0,2021-11-16,2021-11-16,3,,,,0
2021,11,20,17,Nov,1808,1766,371,6.1,0.0,2021-11-20,2021-11-20,7,AnimeNYC,10.0,22.0,1
2021,11,23,11,Nov,1007,1003,177,3.7,0.0,2021-11-23,2021-11-23,3,,,,0
2021,11,25,23,Nov,825,952,146,8.5,0.0,2021-11-25,2021-11-25,5,,,,0
2021,11,26,20,Nov,1412,1139,233,3.9,0.0,2021-11-26,2021-11-26,6,,,,0
2021,11,27,15,Nov,1350,1386,226,4.5,0.0,2021-11-27,2021-11-27,7,,,,0
2021,11,27,21,Nov,1550,1453,272,0.4,0.0,2021-11-27,2021-11-27,7,,,,0
2021,11,28,12,Nov,1488,1114,178,1.9,0.06,2021-11-28,2021-11-28,1,,,,0
2021,11,1,20,Nov,1028,1022,162,10.5,0.0,2021-11-1,2021-11-01,2,,,,0
2021,11,3,4,Nov,236,183,26,4.8,0.0,2021-11-3,2021-11-03,4,,,,0
2021,11,4,20,Nov,1743,1656,299,7.7,0.0,2021-11-4,2021-11-04,5,,,,0
2021,11,6,16,Nov,1686,1666,295,10.5,0.0,2021-11-6,2021-11-06,7,,,,0
2021,11,6,22,Nov,2082,1887,360,6.3,0.0,2021-11-6,2021-11-06,7,,,,0
2021,11,10,6,Nov,686,601,72,10.4,0.04,2021-11-10,2021-11-10,4,,,,0
2021,11,10,20,Nov,1430,1337,229,11.4,0.0,2021-11-10,2021-11-10,4,,,,0
2021,11,11,22,Nov,1613,1442,227,14.6,0.2,2021-11-11,2021-11-11,5,,,,0
2021,11,12,8,Nov,1482,1310,308,17.4,0.12,2021-11-12,2021-11-12,6,,,,0
2021,11,14,9,Nov,905,1378,238,4.3,0.0,2021-11-14,2021-11-14,1,,,,0
2021,11,15,12,Nov,1061,986,206,7.4,0.16,2021-11-15,2021-11-15,2,,,,0
2021,11,15,16,Nov,1101,1071,238,8.8,0.0,2021-11-15,2021-11-15,2,,,,0
2021,11,16,13,Nov,1021,832,126,8.7,0.0,2021-11-16,2021-11-16,3,,,,0
2021,11,17,20,Nov,1585,1276,227,11.4,0.0,2021-11-17,2021-11-17,4,,,,0
2021,11,18,23,Nov,1875,1404,280,12.9,1.32,2021-11-18,2021-11-18,5,,,,0
2021,11,20,18,Nov,2059,1897,403,5.6,0.0,2021-11-20,2021-11-20,7,AnimeNYC,10.0,22.0,1
2021,11,21,6,Nov,403,608,67,5.5,0.0,2021-11-21,2021-11-21,1,AnimeNYC,10.0,17.0,0
2021,11,22,13,Nov,1016,962,132,10.4,0.0,2021-11-22,2021-11-22,2,,,,0
2021,11,22,17,Nov,1219,1488,252,8.8,0.0,2021-11-22,2021-11-22,2,,,,0
2021,11,23,8,Nov,1196,1008,170,0.5,0.0,2021-11-23,2021-11-23,3,,,,0
2021,11,24,8,Nov,913,877,143,-0.8,0.0,2021-11-24,2021-11-24,4,,,,0
2021,11,26,2,Nov,396,301,48,7.3,0.46,2021-11-26,2021-11-26,6,,,,0
2021,11,28,10,Nov,990,1073,171,1.5,0.1,2021-11-28,2021-11-28,1,,,,0
2021,11,29,11,Nov,860,835,146,4.8,0.0,2021-11-29,2021-11-29,2,,,,0
2021,11,30,0,Nov,502,348,53,-0.7,0.0,2021-11-30,2021-11-30,3,,,,0
2021,11,30,2,Nov,210,143,31,-1.4,0.0,2021-11-30,2021-11-30,3,,,,0
2021,11,30,12,Nov,1001,819,188,4.2,0.0,2021-11-30,2021-11-30,3,,,,0
2021,11,7,1,Nov,3959,2213,460,3.9,0.0,2021-11-7,2021-11-07,1,,,,0
2021,11,8,22,Nov,1182,861,122,8.9,0.0,2021-11-8,2021-11-08,2,,,,0
2021,11,10,23,Nov,1600,951,204,7.9,0.0,2021-11-10,2021-11-10,4,,,,0
2021,11,11,5,Nov,317,339,21,4.8,0.0,2021-11-11,2021-11-11,5,,,,0
2021,11,11,11,Nov,940,871,173,11.2,0.0,2021-11-11,2021-11-11,5,,,,0
2021,11,12,11,Nov,1449,1471,285,16.5,7.14,2021-11-12,2021-11-12,6,,,,0
2021,11,15,19,Nov,1446,1494,268,7.0,0.0,2021-11-15,2021-11-15,2,,,,0
2021,11,16,10,Nov,1087,821,176,5.4,0.0,2021-11-16,2021-11-16,3,,,,0
2021,11,17,6,Nov,700,661,48,3.3,0.0,2021-11-17,2021-11-17,4,,,,0
2021,11,18,7,Nov,1119,847,125,10.0,0.0,2021-11-18,2021-11-18,5,,,,0
2021,11,19,23,Nov,2191,1781,276,3.8,0.0,2021-11-19,2021-11-19,6,AnimeNYC,13.0,22.0,0
2021,11,22,1,Nov,374,271,57,11.2,0.0,2021-11-22,2021-11-22,2,,,,0
2021,11,22,23,Nov,932,622,114,2.6,0.0,2021-11-22,2021-11-22,2,,,,0
2021,11,23,9,Nov,1148,995,183,1.1,0.0,2021-11-23,2021-11-23,3,,,,0
2021,11,27,7,Nov,292,368,43,0.8,0.0,2021-11-27,2021-11-27,7,,,,0
2021,11,28,11,Nov,1248,1287,194,1.6,0.1,2021-11-28,2021-11-28,1,,,,0
2021,11,29,3,Nov,210,102,23,2.6,0.0,2021-11-29,2021-11-29,2,,,,0
2021,11,5,14,Nov,1172,1304,214,10.6,0.0,2021-11-5,2021-11-05,6,,,,0
2021,11,7,5,Nov,523,241,21,3.2,0.0,2021-11-7,2021-11-07,1,,,,0
2021,11,10,1,Nov,326,213,37,10.5,0.0,2021-11-10,2021-11-10,4,,,,0
2021,11,10,4,Nov,223,170,32,10.5,0.12,2021-11-10,2021-11-10,4,,,,0
2021,11,12,7,Nov,942,839,130,17.4,0.0,2021-11-12,2021-11-12,6,,,,0
2021,11,13,8,Nov,612,792,89,9.3,0.0,2021-11-13,2021-11-13,7,,,,0
2021,11,14,2,Nov,1597,1121,205,4.3,0.0,2021-11-14,2021-11-14,1,,,,0
2021,11,14,10,Nov,1085,1488,211,5.6,0.0,2021-11-14,2021-11-14,1,,,,0
2021,11,14,23,Nov,1173,803,175,6.7,0.54,2021-11-14,2021-11-14,1,,,,0
2021,11,15,21,Nov,1340,1063,218,5.3,0.0,2021-11-15,2021-11-15,2,,,,0
2021,11,17,11,Nov,963,953,152,8.1,0.0,2021-11-17,2021-11-17,4,,,,0
2021,11,17,15,Nov,1118,1066,179,12.2,0.0,2021-11-17,2021-11-17,4,,,,0
2021,11,21,7,Nov,436,601,52,5.5,0.0,2021-11-21,2021-11-21,1,AnimeNYC,10.0,17.0,0
2021,11,21,22,Nov,1291,914,216,10.7,0.2,2021-11-21,2021-11-21,1,AnimeNYC,10.0,17.0,0
2021,11,24,19,Nov,1304,1348,254,4.1,0.0,2021-11-24,2021-11-24,4,,,,0
2021,11,24,21,Nov,1201,1199,201,3.5,0.0,2021-11-24,2021-11-24,4,,,,0
2021,11,24,22,Nov,1237,1172,247,3.1,0.0,2021-11-24,2021-11-24,4,,,,0
2021,11,25,3,Nov,575,222,73,1.8,0.0,2021-11-25,2021-11-25,5,,,,0
2021,11,25,7,Nov,338,496,77,1.3,0.0,2021-11-25,2021-11-25,5,,,,0
2021,11,28,0,Nov,1539,1126,255,1.0,0.0,2021-11-28,2021-11-28,1,,,,0
2021,11,30,21,Nov,1304,1179,178,3.1,0.0,2021-11-30,2021-11-30,3,,,,0
2021,11,1,1,Nov,852,517,123,12.2,0.0,2021-11-1,2021-11-01,2,,,,0
2021,11,2,2,Nov,204,188,21,8.8,0.0,2021-11-2,2021-11-02,3,,,,0
2021,11,2,11,Nov,855,812,144,11.5,0.0,2021-11-2,2021-11-02,3,,,,0
2021,11,3,14,Nov,974,883,186,10.9,0.0,2021-11-3,2021-11-03,4,,,,0
2021,11,3,23,Nov,1114,920,140,5.9,0.0,2021-11-3,2021-11-03,4,,,,0
2021,11,4,14,Nov,1007,1099,163,10.0,0.0,2021-11-4,2021-11-04,5,,,,0
2021,11,4,17,Nov,1449,1479,290,9.5,0.0,2021-11-4,2021-11-04,5,,,,0
2021,11,5,1,Nov,979,529,132,4.8,0.0,2021-11-5,2021-11-05,6,,,,0
2021,11,9,22,Nov,1348,938,148,11.5,0.0,2021-11-9,2021-11-09,3,,,,0
2021,11,11,21,Nov,1563,1406,216,13.7,0.04,2021-11-11,2021-11-11,5,,,,0
2021,11,12,23,Nov,2470,1865,356,9.0,0.0,2021-11-12,2021-11-12,6,,,,0
2021,11,13,15,Nov,1665,1598,341,11.4,3.26,2021-11-13,2021-11-13,7,,,,0
2021,11,14,7,Nov,463,608,71,3.1,0.0,2021-11-14,2021-11-14,1,,,,0
2021,11,14,18,Nov,1625,1706,406,7.7,0.0,2021-11-14,2021-11-14,1,,,,0
2021,11,15,1,Nov,383,265,59,5.5,0.1,2021-11-15,2021-11-15,2,,,,0
2021,11,15,23,Nov,917,615,114,4.8,0.0,2021-11-15,2021-11-15,2,,,,0
2021,11,16,0,Nov,581,364,66,4.4,0.0,2021-11-16,2021-11-16,3,,,,0
2021,11,16,5,Nov,314,354,33,2.6,0.0,2021-11-16,2021-11-16,3,,,,0
2021,11,18,16,Nov,1152,1372,208,19.0,0.0,2021-11-18,2021-11-18,5,,,,0
2021,11,19,0,Nov,1410,912,188,9.8,1.1,2021-11-19,2021-11-19,6,AnimeNYC,13.0,22.0,0
2021,11,21,9,Nov,840,1301,191,6.1,0.0,2021-11-21,2021-11-21,1,AnimeNYC,10.0,17.0,0
2021,11,22,18,Nov,1232,1580,276,7.3,0.0,2021-11-22,2021-11-22,2,,,,0
2021,11,23,22,Nov,1467,982,167,0.9,0.0,2021-11-23,2021-11-23,3,,,,0
2021,11,24,17,Nov,1176,1548,313,6.4,0.0,2021-11-24,2021-11-24,4,,,,0
2021,11,26,8,Nov,557,469,65,6.6,0.5,2021-11-26,2021-11-26,6,,,,0
2021,11,26,16,Nov,1310,1288,233,6.9,0.0,2021-11-26,2021-11-26,6,,,,0
2021,11,26,18,Nov,1451,1647,283,4.7,0.0,2021-11-26,2021-11-26,6,,,,0
2021,11,27,17,Nov,1651,1545,333,3.1,0.0,2021-11-27,2021-11-27,7,,,,0
2021,11,30,13,Nov,949,904,179,4.8,0.0,2021-11-30,2021-11-30,3,,,,0
2021,11,1,9,Nov,1091,988,162,12.4,0.0,2021-11-1,2021-11-01,2,,,,0
2021,11,1,18,Nov,1208,1427,258,11.4,0.0,2021-11-1,2021-11-01,2,,,,0
2021,11,2,6,Nov,589,545,55,9.0,0.0,2021-11-2,2021-11-02,3,,,,0
2021,11,2,21,Nov,1285,1275,192,8.5,0.0,2021-11-2,2021-11-02,3,,,,0
2021,11,4,5,Nov,304,373,33,3.3,0.0,2021-11-4,2021-11-04,5,,,,0
2021,11,6,0,Nov,2066,1423,261,3.7,0.0,2021-11-6,2021-11-06,7,,,,0
2021,11,6,4,Nov,574,327,77,3.4,0.0,2021-11-6,2021-11-06,7,,,,0
2021,11,6,7,Nov,436,711,69,3.6,0.0,2021-11-6,2021-11-06,7,,,,0
2021,11,7,0,Nov,2237,1607,318,4.7,0.0,2021-11-7,2021-11-07,1,,,,0
2021,11,7,7,Nov,484,432,50,3.8,0.0,2021-11-7,2021-11-07,1,,,,0
2021,11,7,12,Nov,1088,985,159,10.8,0.0,2021-11-7,2021-11-07,1,,,,0
2021,11,11,3,Nov,289,173,37,5.8,0.0,2021-11-11,2021-11-11,5,,,,0
2021,11,11,10,Nov,1012,888,170,9.0,0.0,2021-11-11,2021-11-11,5,,,,0
2021,11,13,14,Nov,1614,1585,388,16.1,0.18,2021-11-13,2021-11-13,7,,,,0
2021,11,17,1,Nov,369,276,47,2.5,0.0,2021-11-17,2021-11-17,4,,,,0
2021,11,17,13,Nov,1036,930,153,11.5,0.0,2021-11-17,2021-11-17,4,,,,0
2021,11,18,5,Nov,334,340,27,10.4,0.0,2021-11-18,2021-11-18,5,,,,0
2021,11,18,21,Nov,2042,1791,321,15.4,0.0,2021-11-18,2021-11-18,5,,,,0
2021,11,19,9,Nov,1164,1154,205,5.1,0.0,2021-11-19,2021-11-19,6,AnimeNYC,13.0,22.0,0
2021,11,20,9,Nov,935,1476,213,2.1,0.0,2021-11-20,2021-11-20,7,AnimeNYC,10.0,22.0,0
2021,11,21,16,Nov,1378,1479,262,11.9,0.0,2021-11-21,2021-11-21,1,AnimeNYC,10.0,17.0,1
2021,11,22,19,Nov,1242,1321,225,5.8,0.0,2021-11-22,2021-11-22,2,,,,0
2021,11,23,5,Nov,323,349,45,0.1,0.0,2021-11-23,2021-11-23,3,,,,0
2021,11,25,11,Nov,730,749,159,7.1,0.0,2021-11-25,2021-11-25,5,,,,0
2021,11,26,9,Nov,780,707,120,6.9,1.4,2021-11-26,2021-11-26,6,,,,0
2021,11,27,4,Nov,489,248,58,1.5,0.0,2021-11-27,2021-11-27,7,,,,0
2021,11,27,11,Nov,1278,1080,213,3.1,0.0,2021-11-27,2021-11-27,7,,,,0
2021,11,2,10,Nov,876,730,149,10.5,0.0,2021-11-2,2021-11-02,3,,,,0
2021,11,2,16,Nov,988,1049,167,10.8,0.04,2021-11-2,2021-11-02,3,,,,0
2021,11,2,23,Nov,1054,817,159,7.2,0.0,2021-11-2,2021-11-02,3,,,,0
2021,11,3,10,Nov,966,844,157,7.3,0.0,2021-11-3,2021-11-03,4,,,,0
2021,11,3,11,Nov,924,863,138,8.8,0.0,2021-11-3,2021-11-03,4,,,,0
2021,11,3,13,Nov,892,837,170,10.4,0.06,2021-11-3,2021-11-03,4,,,,0
2021,11,3,15,Nov,1005,943,159,11.0,0.0,2021-11-3,2021-11-03,4,,,,0
2021,11,5,21,Nov,1704,1621,315,6.2,0.0,2021-11-5,2021-11-05,6,,,,0
2021,11,6,9,Nov,927,1156,159,5.5,0.0,2021-11-6,2021-11-06,7,,,,0
2021,11,7,15,Nov,1078,1089,191,12.2,0.0,2021-11-7,2021-11-07,1,,,,0
2021,11,7,23,Nov,777,613,121,6.9,0.0,2021-11-7,2021-11-07,1,,,,0
2021,11,8,6,Nov,712,704,77,6.7,0.0,2021-11-8,2021-11-08,2,,,,0
2021,11,10,10,Nov,961,877,153,15.4,0.0,2021-11-10,2021-11-10,4,,,,0
2021,11,11,0,Nov,927,625,146,7.1,0.0,2021-11-11,2021-11-11,5,,,,0
2021,11,11,19,Nov,1792,1723,266,12.3,0.0,2021-11-11,2021-11-11,5,,,,0
2021,11,13,9,Nov,880,1125,135,10.5,0.0,2021-11-13,2021-11-13,7,,,,0
2021,11,13,10,Nov,1217,1284,203,14.0,0.0,2021-11-13,2021-11-13,7,,,,0
2021,11,13,13,Nov,1647,1667,337,16.2,0.0,2021-11-13,2021-11-13,7,,,,0
2021,11,14,15,Nov,1359,1434,258,8.5,0.0,2021-11-14,2021-11-14,1,,,,0
2021,11,18,1,Nov,536,367,80,10.5,0.0,2021-11-18,2021-11-18,5,,,,0
2021,11,18,12,Nov,1038,992,157,15.0,0.0,2021-11-18,2021-11-18,5,,,,0
2021,11,20,10,Nov,1121,1584,245,3.9,0.0,2021-11-20,2021-11-20,7,AnimeNYC,10.0,22.0,1
2021,11,21,18,Nov,1409,1486,280,11.0,0.0,2021-11-21,2021-11-21,1,AnimeNYC,10.0,17.0,0
2021,11,22,14,Nov,1036,1027,161,10.1,0.0,2021-11-22,2021-11-22,2,,,,0
2021,11,23,15,Nov,996,1138,172,5.6,0.0,2021-11-23,2021-11-23,3,,,,0
2021,11,24,3,Nov,297,150,24,-1.0,0.0,2021-11-24,2021-11-24,4,,,,0
2021,11,25,4,Nov,427,226,54,1.6,0.0,2021-11-25,2021-11-25,5,,,,0
2021,11,26,4,Nov,291,159,41,6.3,0.5,2021-11-26,2021-11-26,6,,,,0
2021,11,26,19,Nov,1502,1444,296,4.0,0.0,2021-11-26,2021-11-26,6,,,,0
2021,11,27,1,Nov,931,697,157,2.1,0.0,2021-11-27,2021-11-27,7,,,,0
2021,11,28,1,Nov,1125,841,195,1.3,0.0,2021-11-28,2021-11-28,1,,,,0
2021,11,28,4,Nov,609,318,76,0.6,0.1,2021-11-28,2021-11-28,1,,,,0
2021,11,28,16,Nov,1371,1173,226,4.6,0.0,2021-11-28,2021-11-28,1,,,,0
2021,11,29,20,Nov,1157,1045,185,1.2,0.0,2021-11-29,2021-11-29,2,,,,0
2021,11,3,5,Nov,281,298,38,4.5,0.0,2021-11-3,2021-11-03,4,,,,0
2021,11,3,6,Nov,578,586,63,3.8,0.0,2021-11-3,2021-11-03,4,,,,0
2021,11,5,11,Nov,1097,1130,214,8.6,0.0,2021-11-5,2021-11-05,6,,,,0
2021,11,6,17,Nov,1862,2008,364,9.6,0.0,2021-11-6,2021-11-06,7,,,,0
2021,11,7,9,Nov,782,736,115,5.3,0.0,2021-11-7,2021-11-07,1,,,,0
2021,11,12,2,Nov,604,365,88,15.3,0.0,2021-11-12,2021-11-12,6,,,,0
2021,11,13,3,Nov,1061,650,146,6.7,0.0,2021-11-13,2021-11-13,7,,,,0
2021,11,13,4,Nov,624,362,72,7.2,0.0,2021-11-13,2021-11-13,7,,,,0
2021,11,14,12,Nov,1407,1434,202,8.3,0.0,2021-11-14,2021-11-14,1,,,,0
2021,11,17,16,Nov,1088,1290,220,12.3,0.0,2021-11-17,2021-11-17,4,,,,0
2021,11,17,19,Nov,1580,1639,258,11.7,0.0,2021-11-17,2021-11-17,4,,,,0
2021,11,18,2,Nov,373,234,57,10.5,0.0,2021-11-18,2021-11-18,5,,,,0
2021,11,18,3,Nov,286,133,35,10.6,0.0,2021-11-18,2021-11-18,5,,,,0
2021,11,19,5,Nov,382,361,35,6.9,0.0,2021-11-19,2021-11-19,6,AnimeNYC,13.0,22.0,0
2021,11,20,13,Nov,1533,1588,320,6.7,0.0,2021-11-20,2021-11-20,7,AnimeNYC,10.0,22.0,1
2021,11,22,3,Nov,291,125,49,11.2,0.0,2021-11-22,2021-11-22,2,,,,0
2021,11,25,0,Nov,927,782,175,3.6,0.0,2021-11-25,2021-11-25,5,,,,0
2021,11,28,3,Nov,848,437,113,0.7,0.2,2021-11-28,2021-11-28,1,,,,0
2021,11,28,7,Nov,348,514,63,0.6,0.0,2021-11-28,2021-11-28,1,,,,0
2021,11,28,19,Nov,1668,1166,219,4.3,0.0,2021-11-28,2021-11-28,1,,,,0
2021,11,29,9,Nov,1112,1005,192,1.7,0.0,2021-11-29,2021-11-29,2,,,,0
2021,11,29,10,Nov,979,891,115,3.1,0.0,2021-11-29,2021-11-29,2,,,,0
2021,11,30,4,Nov,192,171,16,-1.6,0.0,2021-11-30,2021-11-30,3,,,,0
2021,11,30,5,Nov,320,345,39,-2.3,0.0,2021-11-30,2021-11-30,3,,,,0
2021,11,2,12,Nov,909,823,138,11.5,0.0,2021-11-2,2021-11-02,3,,,,0
2021,11,4,3,Nov,263,170,41,4.0,0.0,2021-11-4,2021-11-04,5,,,,0
2021,11,4,19,Nov,1901,1839,327,7.6,0.0,2021-11-4,2021-11-04,5,,,,0
2021,11,6,12,Nov,1650,1498,252,9.9,0.0,2021-11-6,2021-11-06,7,,,,0
2021,11,6,15,Nov,1514,1544,250,10.7,0.0,2021-11-6,2021-11-06,7,,,,0
2021,11,6,20,Nov,1791,2085,369,7.8,0.0,2021-11-6,2021-11-06,7,,,,0
2021,11,8,1,Nov,241,237,31,7.1,0.0,2021-11-8,2021-11-08,2,,,,0
2021,11,10,18,Nov,1536,1890,371,12.7,0.0,2021-11-10,2021-11-10,4,,,,0
2021,11,10,21,Nov,1743,1303,236,10.3,0.0,2021-11-10,2021-11-10,4,,,,0
2021,11,11,12,Nov,1010,832,177,13.1,0.0,2021-11-11,2021-11-11,5,,,,0
2021,11,12,9,Nov,1443,1430,308,18.6,0.1,2021-11-12,2021-11-12,6,,,,0
2021,11,12,10,Nov,1265,1219,206,17.2,2.08,2021-11-12,2021-11-12,6,,,,0
2021,11,16,23,Nov,1104,768,113,3.7,0.0,2021-11-16,2021-11-16,3,,,,0
2021,11,17,21,Nov,1774,1389,200,11.3,0.0,2021-11-17,2021-11-17,4,,,,0
2021,11,18,0,Nov,889,613,131,10.6,0.0,2021-11-18,2021-11-18,5,,,,0
2021,11,19,21,Nov,1793,1702,353,4.9,0.0,2021-11-19,2021-11-19,6,AnimeNYC,13.0,22.0,1
2021,11,20,5,Nov,414,361,44,1.2,0.0,2021-11-20,2021-11-20,7,AnimeNYC,10.0,22.0,0
2021,11,20,12,Nov,1560,1633,279,6.1,0.0,2021-11-20,2021-11-20,7,AnimeNYC,10.0,22.0,1
2021,11,21,0,Nov,1859,1524,265,5.7,0.0,2021-11-21,2021-11-21,1,AnimeNYC,10.0,17.0,0
2021,11,21,5,Nov,350,384,35,5.5,0.0,2021-11-21,2021-11-21,1,AnimeNYC,10.0,17.0,0
2021,11,22,16,Nov,1023,1247,188,9.6,0.0,2021-11-22,2021-11-22,2,,,,0
2021,11,23,2,Nov,229,189,37,1.1,0.0,2021-11-23,2021-11-23,3,,,,0
2021,11,23,23,Nov,1103,801,127,0.4,0.0,2021-11-23,2021-11-23,3,,,,0
2021,11,25,21,Nov,987,1060,144,9.1,0.0,2021-11-25,2021-11-25,5,,,,0
2021,11,27,12,Nov,1329,1100,251,3.8,0.0,2021-11-27,2021-11-27,7,,,,0
2021,11,1,5,Nov,421,450,36,10.8,0.0,2021-11-1,2021-11-01,2,,,,0
2021,11,2,3,Nov,147,149,16,8.7,0.0,2021-11-2,2021-11-02,3,,,,0
2021,11,2,20,Nov,1319,1253,205,9.2,0.1,2021-11-2,2021-11-02,3,,,,0
2021,11,3,7,Nov,987,856,125,3.9,0.0,2021-11-3,2021-11-03,4,,,,0
2021,11,3,18,Nov,1596,1578,303,7.4,0.0,2021-11-3,2021-11-03,4,,,,0
2021,11,5,2,Nov,663,413,80,4.6,0.0,2021-11-5,2021-11-05,6,,,,0
2021,11,9,23,Nov,1182,653,119,11.1,0.0,2021-11-9,2021-11-09,3,,,,0
2021,11,10,13,Nov,943,860,153,17.4,0.0,2021-11-10,2021-11-10,4,,,,0
2021,11,16,15,Nov,1035,1029,171,9.7,0.0,2021-11-16,2021-11-16,3,,,,0
2021,11,16,16,Nov,1013,1165,185,9.4,0.0,2021-11-16,2021-11-16,3,,,,0
2021,11,16,21,Nov,1660,1236,164,5.1,0.0,2021-11-16,2021-11-16,3,,,,0
2021,11,17,12,Nov,1025,888,181,10.0,0.0,2021-11-17,2021-11-17,4,,,,0
2021,11,19,12,Nov,1121,1133,217,7.7,0.0,2021-11-19,2021-11-19,6,AnimeNYC,13.0,22.0,0
2021,11,19,20,Nov,1949,1732,391,5.6,0.0,2021-11-19,2021-11-19,6,AnimeNYC,13.0,22.0,1
2021,11,21,10,Nov,1096,1560,222,7.3,0.0,2021-11-21,2021-11-21,1,AnimeNYC,10.0,17.0,1
2021,11,23,3,Nov,222,107,18,0.8,0.0,2021-11-23,2021-11-23,3,,,,0
2021,11,23,16,Nov,1013,1248,195,5.6,0.0,2021-11-23,2021-11-23,3,,,,0
2021,11,24,13,Nov,1088,1089,200,5.3,0.0,2021-11-24,2021-11-24,4,,,,0
2021,11,24,23,Nov,1168,1071,292,3.4,0.0,2021-11-24,2021-11-24,4,,,,0
2021,11,25,19,Nov,999,944,115,7.9,0.0,2021-11-25,2021-11-25,5,,,,0
2021,11,26,6,Nov,249,323,27,6.0,1.04,2021-11-26,2021-11-26,6,,,,0
2021,11,28,21,Nov,1406,907,174,3.8,0.0,2021-11-28,2021-11-28,1,,,,0
2021,11,28,23,Nov,947,660,124,3.4,0.0,2021-11-28,2021-11-28,1,,,,0
2021,11,30,20,Nov,1310,1250,240,3.8,0.0,2021-11-30,2021-11-30,3,,,,0
2021,10,1,2,Oct,460,354,65,11.2,0.0,2021-10-1,2021-10-01,6,,,,0
2021,10,1,10,Oct,858,1020,151,14.9,0.0,2021-10-1,2021-10-01,6,,,,0
2021,10,5,15,Oct,926,906,141,19.8,0.0,2021-10-5,2021-10-05,3,,,,0
2021,10,5,20,Oct,1210,1032,169,17.1,0.0,2021-10-5,2021-10-05,3,,,,0
2021,10,6,15,Oct,907,987,163,20.5,0.0,2021-10-6,2021-10-06,4,,,,0
2021,10,7,22,Oct,1789,1385,256,17.2,0.0,2021-10-7,2021-10-07,5,NYCC,11.0,21.0,0
2021,10,8,14,Oct,1106,1227,204,23.9,0.0,2021-10-8,2021-10-08,6,NYCC,10.0,19.0,1
2021,10,9,7,Oct,400,666,76,15.4,0.0,2021-10-9,2021-10-09,7,NYCC,10.0,19.0,0
2021,10,10,2,Oct,1505,1022,181,17.3,0.0,2021-10-10,2021-10-10,1,NYCC,10.0,17.0,0
2021,10,10,14,Oct,1487,1480,295,18.8,0.46,2021-10-10,2021-10-10,1,NYCC,10.0,17.0,1
2021,10,13,17,Oct,1281,1399,239,20.3,0.0,2021-10-13,2021-10-13,4,,,,0
2021,10,13,19,Oct,1542,1436,252,18.6,0.0,2021-10-13,2021-10-13,4,,,,0
2021,10,15,12,Oct,1133,1095,200,23.9,0.0,2021-10-15,2021-10-15,6,,,,0
2021,10,16,0,Oct,1791,1442,246,19.9,0.0,2021-10-16,2021-10-16,7,,,,0
2021,10,16,11,Oct,1362,1297,228,22.9,0.0,2021-10-16,2021-10-16,7,,,,0
2021,10,17,16,Oct,1347,1524,263,17.5,0.0,2021-10-17,2021-10-17,1,,,,0
2021,10,18,2,Oct,320,177,31,10.8,0.0,2021-10-18,2021-10-18,2,,,,0
2021,10,18,19,Oct,1214,1094,204,11.7,0.0,2021-10-18,2021-10-18,2,,,,0
2021,10,19,6,Oct,607,553,50,8.6,0.0,2021-10-19,2021-10-19,3,,,,0
2021,10,19,23,Oct,873,672,115,15.9,0.0,2021-10-19,2021-10-19,3,,,,0
2021,10,21,23,Oct,1574,1163,175,16.8,0.0,2021-10-21,2021-10-21,5,,,,0
2021,10,23,8,Oct,645,907,111,11.1,0.0,2021-10-23,2021-10-23,7,,,,0
2021,10,24,1,Oct,1788,1342,242,10.1,0.0,2021-10-24,2021-10-24,1,,,,0
2021,10,24,21,Oct,1523,891,182,13.6,0.0,2021-10-24,2021-10-24,1,,,,0
2021,10,27,13,Oct,911,850,140,16.3,0.0,2021-10-27,2021-10-27,4,,,,0
2021,10,27,14,Oct,850,920,156,16.2,0.0,2021-10-27,2021-10-27,4,,,,0
2021,10,27,15,Oct,1034,880,173,15.7,0.0,2021-10-27,2021-10-27,4,,,,0
2021,10,6,10,Oct,917,840,162,17.2,0.0,2021-10-6,2021-10-06,4,,,,0
2021,10,8,11,Oct,971,1156,206,20.9,0.0,2021-10-8,2021-10-08,6,NYCC,10.0,19.0,1
2021,10,9,17,Oct,1800,1769,342,18.4,0.04,2021-10-9,2021-10-09,7,NYCC,10.0,19.0,1
2021,10,10,0,Oct,1987,1671,288,17.0,0.0,2021-10-10,2021-10-10,1,NYCC,10.0,17.0,0
2021,10,12,1,Oct,287,184,44,16.3,0.0,2021-10-12,2021-10-12,3,,,,0
2021,10,12,4,Oct,176,113,14,15.8,0.0,2021-10-12,2021-10-12,3,,,,0
2021,10,12,5,Oct,270,318,15,15.9,0.0,2021-10-12,2021-10-12,3,,,,0
2021,10,13,20,Oct,1321,1210,164,18.9,0.0,2021-10-13,2021-10-13,4,,,,0
2021,10,14,1,Oct,380,305,56,16.7,0.0,2021-10-14,2021-10-14,5,,,,0
2021,10,16,9,Oct,927,1155,167,20.2,0.0,2021-10-16,2021-10-16,7,,,,0
2021,10,16,14,Oct,1343,1506,278,24.6,0.0,2021-10-16,2021-10-16,7,,,,0
2021,10,16,18,Oct,2094,2272,416,20.2,2.62,2021-10-16,2021-10-16,7,,,,0
2021,10,17,4,Oct,813,409,96,12.2,0.0,2021-10-17,2021-10-17,1,,,,0
2021,10,17,6,Oct,353,562,47,11.6,0.0,2021-10-17,2021-10-17,1,,,,0
2021,10,17,7,Oct,444,527,43,11.3,0.0,2021-10-17,2021-10-17,1,,,,0
2021,10,18,22,Oct,1056,784,118,9.9,0.0,2021-10-18,2021-10-18,2,,,,0
2021,10,19,22,Oct,1248,974,130,16.0,0.0,2021-10-19,2021-10-19,3,,,,0
2021,10,20,22,Oct,2030,1057,216,17.4,0.0,2021-10-20,2021-10-20,4,,,,0
2021,10,24,2,Oct,1502,1071,206,9.3,0.0,2021-10-24,2021-10-24,1,,,,0
2021,10,24,6,Oct,352,465,34,8.0,0.0,2021-10-24,2021-10-24,1,,,,0
2021,10,25,12,Oct,840,779,132,20.8,0.0,2021-10-25,2021-10-25,2,,,,0
2021,10,25,21,Oct,1256,968,155,19.0,0.54,2021-10-25,2021-10-25,2,,,,0
2021,10,26,8,Oct,1102,1196,278,15.1,3.98,2021-10-26,2021-10-26,3,,,,0
2021,10,27,12,Oct,895,855,143,15.8,0.0,2021-10-27,2021-10-27,4,,,,0
2021,10,29,11,Oct,1064,1045,156,12.4,0.0,2021-10-29,2021-10-29,6,,,,0
2021,10,29,19,Oct,2458,2241,491,13.0,0.0,2021-10-29,2021-10-29,6,,,,0
2021,10,30,6,Oct,415,597,71,15.4,0.0,2021-10-30,2021-10-30,7,,,,0
2021,10,31,18,Oct,1371,1683,276,15.3,0.0,2021-10-31,2021-10-31,1,,,,0
2021,10,2,5,Oct,321,366,39,11.3,0.0,2021-10-2,2021-10-02,7,,,,0
2021,10,2,18,Oct,1872,1872,349,21.2,0.0,2021-10-2,2021-10-02,7,,,,0
2021,10,4,19,Oct,1175,1335,265,19.1,0.92,2021-10-4,2021-10-04,2,,,,0
2021,10,5,8,Oct,1340,1138,184,15.3,0.0,2021-10-5,2021-10-05,3,,,,0
2021,10,6,19,Oct,1537,1384,213,19.4,0.0,2021-10-6,2021-10-06,4,,,,0
2021,10,6,21,Oct,1531,1187,216,17.5,0.0,2021-10-6,2021-10-06,4,,,,0
2021,10,7,0,Oct,618,490,99,17.5,0.0,2021-10-7,2021-10-07,5,NYCC,11.0,21.0,0
2021,10,7,1,Oct,430,274,74,17.4,0.0,2021-10-7,2021-10-07,5,NYCC,11.0,21.0,0
2021,10,7,12,Oct,976,984,172,21.2,0.04,2021-10-7,2021-10-07,5,NYCC,11.0,21.0,1
2021,10,9,6,Oct,315,608,73,15.5,0.0,2021-10-9,2021-10-09,7,NYCC,10.0,19.0,0
2021,10,13,15,Oct,966,919,191,21.8,0.0,2021-10-13,2021-10-13,4,,,,0
2021,10,16,23,Oct,2304,2046,407,15.2,1.7,2021-10-16,2021-10-16,7,,,,0
2021,10,19,10,Oct,875,908,148,12.1,0.0,2021-10-19,2021-10-19,3,,,,0
2021,10,20,11,Oct,874,985,144,20.4,0.0,2021-10-20,2021-10-20,4,,,,0
2021,10,21,12,Oct,1064,871,152,21.5,0.0,2021-10-21,2021-10-21,5,,,,0
2021,10,22,6,Oct,606,665,63,16.4,0.0,2021-10-22,2021-10-22,6,,,,0
2021,10,22,13,Oct,1098,1172,161,20.2,0.0,2021-10-22,2021-10-22,6,,,,0
2021,10,22,16,Oct,1138,1348,206,20.2,0.0,2021-10-22,2021-10-22,6,,,,0
2021,10,27,19,Oct,1592,1403,268,13.9,0.0,2021-10-27,2021-10-27,4,,,,0
2021,10,28,4,Oct,224,191,23,9.3,0.0,2021-10-28,2021-10-28,5,,,,0
2021,10,28,15,Oct,1144,1063,192,15.3,0.0,2021-10-28,2021-10-28,5,,,,0
2021,10,29,22,Oct,2623,2773,556,11.3,5.5,2021-10-29,2021-10-29,6,,,,0
2021,10,30,3,Oct,1662,1030,293,14.5,0.16,2021-10-30,2021-10-30,7,,,,0
2021,10,30,4,Oct,975,762,166,15.1,0.8,2021-10-30,2021-10-30,7,,,,0
2021,10,30,12,Oct,1363,1293,235,17.8,0.1,2021-10-30,2021-10-30,7,,,,0
2021,10,1,12,Oct,1031,920,157,17.5,0.0,2021-10-1,2021-10-01,6,,,,0
2021,10,2,0,Oct,1785,1390,248,11.7,0.0,2021-10-2,2021-10-02,7,,,,0
2021,10,2,14,Oct,1224,1235,219,23.3,0.0,2021-10-2,2021-10-02,7,,,,0
2021,10,2,17,Oct,1589,1727,316,23.4,0.0,2021-10-2,2021-10-02,7,,,,0
2021,10,3,1,Oct,1635,1306,204,15.1,0.0,2021-10-3,2021-10-03,1,,,,0
2021,10,3,18,Oct,1436,1459,263,22.0,0.0,2021-10-3,2021-10-03,1,,,,0
2021,10,4,23,Oct,910,505,100,16.7,0.0,2021-10-4,2021-10-04,2,,,,0
2021,10,5,0,Oct,408,311,45,16.5,0.0,2021-10-5,2021-10-05,3,,,,0
2021,10,7,8,Oct,1365,1233,227,17.0,0.0,2021-10-7,2021-10-07,5,NYCC,11.0,21.0,0
2021,10,10,8,Oct,500,860,111,16.4,0.0,2021-10-10,2021-10-10,1,NYCC,10.0,17.0,0
2021,10,10,12,Oct,1636,1873,390,18.2,0.0,2021-10-10,2021-10-10,1,NYCC,10.0,17.0,1
2021,10,10,23,Oct,887,743,144,17.0,0.0,2021-10-10,2021-10-10,1,NYCC,10.0,17.0,0
2021,10,11,23,Oct,598,582,76,17.2,0.0,2021-10-11,2021-10-11,2,,,,0
2021,10,13,5,Oct,258,298,19,15.4,0.0,2021-10-13,2021-10-13,4,,,,0
2021,10,16,22,Oct,2460,2328,490,15.6,2.66,2021-10-16,2021-10-16,7,,,,0
2021,10,17,1,Oct,1756,1340,252,14.1,0.0,2021-10-17,2021-10-17,1,,,,0
2021,10,20,15,Oct,1081,1058,176,24.3,0.0,2021-10-20,2021-10-20,4,,,,0
2021,10,20,23,Oct,1430,806,192,16.7,0.0,2021-10-20,2021-10-20,4,,,,0
2021,10,27,23,Oct,1130,884,136,12.5,0.0,2021-10-27,2021-10-27,4,,,,0
2021,10,28,23,Oct,1519,1608,202,10.5,0.0,2021-10-28,2021-10-28,5,,,,0
2021,10,29,2,Oct,951,460,126,11.1,0.0,2021-10-29,2021-10-29,6,,,,0
2021,10,29,13,Oct,1082,1143,180,13.5,0.0,2021-10-29,2021-10-29,6,,,,0
2021,10,30,23,Oct,2934,2968,588,14.0,0.2,2021-10-30,2021-10-30,7,,,,0
2021,10,31,1,Oct,2814,2115,427,13.6,0.68,2021-10-31,2021-10-31,1,,,,0
2021,10,31,3,Oct,2280,1348,307,13.2,1.76,2021-10-31,2021-10-31,1,,,,0
2021,10,2,4,Oct,575,439,66,11.1,0.0,2021-10-2,2021-10-02,7,,,,0
2021,10,3,13,Oct,1088,1075,194,24.8,0.0,2021-10-3,2021-10-03,1,,,,0
2021,10,3,21,Oct,1249,983,201,20.0,0.0,2021-10-3,2021-10-03,1,,,,0
2021,10,5,4,Oct,146,168,20,15.9,0.0,2021-10-5,2021-10-05,3,,,,0
2021,10,5,22,Oct,1178,962,125,16.8,0.0,2021-10-5,2021-10-05,3,,,,0
2021,10,6,9,Oct,1085,1020,184,16.9,0.0,2021-10-6,2021-10-06,4,,,,0
2021,10,7,3,Oct,225,114,26,17.5,0.0,2021-10-7,2021-10-07,5,NYCC,11.0,21.0,0
2021,10,7,6,Oct,591,626,57,16.9,0.0,2021-10-7,2021-10-07,5,NYCC,11.0,21.0,0
2021,10,8,5,Oct,352,343,36,14.5,0.0,2021-10-8,2021-10-08,6,NYCC,10.0,19.0,0
2021,10,10,18,Oct,1594,1397,328,18.0,0.0,2021-10-10,2021-10-10,1,NYCC,10.0,17.0,0
2021,10,11,0,Oct,689,487,109,16.9,0.0,2021-10-11,2021-10-11,2,,,,0
2021,10,11,8,Oct,1088,975,176,16.5,0.0,2021-10-11,2021-10-11,2,,,,0
2021,10,12,14,Oct,829,851,138,21.7,0.0,2021-10-12,2021-10-12,3,,,,0
2021,10,13,7,Oct,987,883,120,16.0,0.0,2021-10-13,2021-10-13,4,,,,0
2021,10,16,10,Oct,1154,1370,215,21.1,0.0,2021-10-16,2021-10-16,7,,,,0
2021,10,18,6,Oct,628,613,54,9.6,0.0,2021-10-18,2021-10-18,2,,,,0
2021,10,19,3,Oct,133,91,14,9.3,0.0,2021-10-19,2021-10-19,3,,,,0
2021,10,21,6,Oct,619,630,67,12.4,0.0,2021-10-21,2021-10-21,5,,,,0
2021,10,21,14,Oct,985,1076,166,23.2,0.0,2021-10-21,2021-10-21,5,,,,0
2021,10,21,19,Oct,1754,1691,305,18.1,0.0,2021-10-21,2021-10-21,5,,,,0
2021,10,22,18,Oct,1870,1797,318,18.3,0.0,2021-10-22,2021-10-22,6,,,,0
2021,10,23,0,Oct,1762,1446,267,14.3,0.0,2021-10-23,2021-10-23,7,,,,0
2021,10,26,0,Oct,483,379,61,16.4,3.62,2021-10-26,2021-10-26,3,,,,0
2021,10,26,19,Oct,1560,1709,348,15.3,0.0,2021-10-26,2021-10-26,3,,,,0
2021,10,26,22,Oct,1276,1092,209,14.4,5.2,2021-10-26,2021-10-26,3,,,,0
2021,10,27,1,Oct,293,223,66,12.7,0.84,2021-10-27,2021-10-27,4,,,,0
2021,10,27,4,Oct,196,164,23,12.3,1.38,2021-10-27,2021-10-27,4,,,,0
2021,10,29,20,Oct,2548,2529,578,11.5,0.18,2021-10-29,2021-10-29,6,,,,0
2021,10,31,0,Oct,2853,2473,458,13.7,0.52,2021-10-31,2021-10-31,1,,,,0
2021,10,6,13,Oct,891,854,150,19.3,0.0,2021-10-6,2021-10-06,4,,,,0
2021,10,12,11,Oct,858,761,140,19.4,0.0,2021-10-12,2021-10-12,3,,,,0
2021,10,12,18,Oct,1393,1281,221,18.8,0.0,2021-10-12,2021-10-12,3,,,,0
2021,10,14,14,Oct,1004,1038,170,25.0,0.0,2021-10-14,2021-10-14,5,,,,0
2021,10,15,20,Oct,1772,1747,327,20.4,0.0,2021-10-15,2021-10-15,6,,,,0
2021,10,17,12,Oct,1286,1344,198,16.6,0.1,2021-10-17,2021-10-17,1,,,,0
2021,10,18,18,Oct,1205,1234,229,12.8,0.0,2021-10-18,2021-10-18,2,,,,0
2021,10,19,9,Oct,1123,1012,191,10.5,0.0,2021-10-19,2021-10-19,3,,,,0
2021,10,20,14,Oct,964,1001,170,24.2,0.0,2021-10-20,2021-10-20,4,,,,0
2021,10,21,7,Oct,1025,956,128,12.1,0.0,2021-10-21,2021-10-21,5,,,,0
2021,10,22,21,Oct,1734,1538,290,15.4,0.0,2021-10-22,2021-10-22,6,,,,0
2021,10,24,11,Oct,1210,1274,217,12.7,0.0,2021-10-24,2021-10-24,1,,,,0
2021,10,27,18,Oct,1583,1565,262,14.5,0.0,2021-10-27,2021-10-27,4,,,,0
2021,10,28,12,Oct,1045,926,174,14.0,0.0,2021-10-28,2021-10-28,5,,,,0
2021,10,29,9,Oct,1043,1104,172,10.4,0.0,2021-10-29,2021-10-29,6,,,,0
2021,10,2,13,Oct,1242,1228,186,22.5,0.0,2021-10-2,2021-10-02,7,,,,0
2021,10,4,14,Oct,822,843,120,20.8,0.9,2021-10-4,2021-10-04,2,,,,0
2021,10,5,10,Oct,892,791,134,16.0,0.0,2021-10-5,2021-10-05,3,,,,0
2021,10,7,13,Oct,1015,1010,175,21.9,0.1,2021-10-7,2021-10-07,5,NYCC,11.0,21.0,1
2021,10,9,9,Oct,873,1398,214,16.7,0.0,2021-10-9,2021-10-09,7,NYCC,10.0,19.0,0
2021,10,12,17,Oct,1132,1168,207,20.0,0.0,2021-10-12,2021-10-12,3,,,,0
2021,10,13,14,Oct,864,977,149,21.9,0.0,2021-10-13,2021-10-13,4,,,,0
2021,10,14,8,Oct,1288,1199,207,17.2,0.0,2021-10-14,2021-10-14,5,,,,0
2021,10,18,12,Oct,910,765,163,15.1,0.0,2021-10-18,2021-10-18,2,,,,0
2021,10,19,4,Oct,169,153,24,8.9,0.0,2021-10-19,2021-10-19,3,,,,0
2021,10,20,3,Oct,164,90,20,14.0,0.0,2021-10-20,2021-10-20,4,,,,0
2021,10,21,13,Oct,997,977,157,22.7,0.0,2021-10-21,2021-10-21,5,,,,0
2021,10,23,18,Oct,1797,2048,339,14.5,0.12,2021-10-23,2021-10-23,7,,,,0
2021,10,24,3,Oct,1087,678,129,8.8,0.0,2021-10-24,2021-10-24,1,,,,0
2021,10,24,19,Oct,1341,1288,242,14.6,0.0,2021-10-24,2021-10-24,1,,,,0
2021,10,25,13,Oct,865,761,128,21.9,0.0,2021-10-25,2021-10-25,2,,,,0
2021,10,28,7,Oct,977,911,149,8.2,0.0,2021-10-28,2021-10-28,5,,,,0
2021,10,31,12,Oct,1305,1346,209,17.3,0.0,2021-10-31,2021-10-31,1,,,,0
2021,10,1,1,Oct,712,490,98,11.9,0.0,2021-10-1,2021-10-01,6,,,,0
2021,10,3,8,Oct,549,737,82,14.9,0.0,2021-10-3,2021-10-03,1,,,,0
2021,10,5,11,Oct,803,734,122,16.4,0.0,2021-10-5,2021-10-05,3,,,,0
2021,10,6,4,Oct,190,154,15,16.3,0.0,2021-10-6,2021-10-06,4,,,,0
2021,10,6,16,Oct,948,1086,183,20.5,0.0,2021-10-6,2021-10-06,4,,,,0
2021,10,6,17,Oct,1316,1450,221,20.5,0.06,2021-10-6,2021-10-06,4,,,,0
2021,10,12,16,Oct,894,1025,166,21.0,0.0,2021-10-12,2021-10-12,3,,,,0
2021,10,20,6,Oct,601,570,60,14.3,0.0,2021-10-20,2021-10-20,4,,,,0
2021,10,23,15,Oct,1241,1390,229,15.2,0.0,2021-10-23,2021-10-23,7,,,,0
2021,10,23,23,Oct,2089,2004,361,12.2,0.0,2021-10-23,2021-10-23,7,,,,0
2021,10,24,12,Oct,1398,1201,195,13.5,0.0,2021-10-24,2021-10-24,1,,,,0
2021,10,26,2,Oct,237,180,46,15.2,3.74,2021-10-26,2021-10-26,3,,,,0
2021,10,27,2,Oct,206,171,25,12.4,1.02,2021-10-27,2021-10-27,4,,,,0
2021,10,29,17,Oct,1571,1813,304,13.3,0.0,2021-10-29,2021-10-29,6,,,,0
2021,10,30,2,Oct,2271,1384,336,14.2,1.12,2021-10-30,2021-10-30,7,,,,0
2021,10,30,18,Oct,1966,2230,411,15.4,0.0,2021-10-30,2021-10-30,7,,,,0
2021,10,31,21,Oct,1109,1201,238,14.0,0.0,2021-10-31,2021-10-31,1,,,,0
2021,10,6,12,Oct,940,842,141,18.6,0.0,2021-10-6,2021-10-06,4,,,,0
2021,10,7,2,Oct,334,221,43,17.2,0.0,2021-10-7,2021-10-07,5,NYCC,11.0,21.0,0
2021,10,8,21,Oct,1712,1474,302,19.3,0.0,2021-10-8,2021-10-08,6,NYCC,10.0,19.0,0
2021,10,9,13,Oct,1393,1304,262,19.9,0.18,2021-10-9,2021-10-09,7,NYCC,10.0,19.0,1
2021,10,10,3,Oct,1110,710,138,17.1,0.0,2021-10-10,2021-10-10,1,NYCC,10.0,17.0,0
2021,10,11,3,Oct,237,128,46,16.7,0.0,2021-10-11,2021-10-11,2,,,,0
2021,10,17,15,Oct,1312,1377,236,17.5,0.0,2021-10-17,2021-10-17,1,,,,0
2021,10,19,20,Oct,1208,1076,178,16.6,0.0,2021-10-19,2021-10-19,3,,,,0
2021,10,20,21,Oct,1611,1156,200,17.8,0.0,2021-10-20,2021-10-20,4,,,,0
2021,10,22,22,Oct,1860,1756,295,15.0,0.0,2021-10-22,2021-10-22,6,,,,0
2021,10,23,11,Oct,1290,1242,205,11.9,0.0,2021-10-23,2021-10-23,7,,,,0
2021,10,24,20,Oct,1275,1139,197,13.7,0.0,2021-10-24,2021-10-24,1,,,,0
2021,10,27,16,Oct,977,1098,185,15.5,0.0,2021-10-27,2021-10-27,4,,,,0
2021,10,29,3,Oct,756,308,82,10.8,0.0,2021-10-29,2021-10-29,6,,,,0
2021,10,30,11,Oct,1295,1188,214,17.0,0.1,2021-10-30,2021-10-30,7,,,,0
2021,10,31,17,Oct,1293,1393,244,16.6,0.06,2021-10-31,2021-10-31,1,,,,0
2021,10,31,20,Oct,1265,1515,277,14.4,0.0,2021-10-31,2021-10-31,1,,,,0
2021,10,1,13,Oct,1005,981,187,18.4,0.0,2021-10-1,2021-10-01,6,,,,0
2021,10,3,14,Oct,1120,1163,219,25.7,0.0,2021-10-3,2021-10-03,1,,,,0
2021,10,3,19,Oct,1359,1415,290,20.4,0.0,2021-10-3,2021-10-03,1,,,,0
2021,10,4,7,Oct,972,857,101,18.7,0.0,2021-10-4,2021-10-04,2,,,,0
2021,10,5,1,Oct,248,198,29,16.4,0.0,2021-10-5,2021-10-05,3,,,,0
2021,10,8,18,Oct,1776,1787,347,20.9,0.0,2021-10-8,2021-10-08,6,NYCC,10.0,19.0,1
2021,10,9,0,Oct,1977,1534,320,18.0,0.0,2021-10-9,2021-10-09,7,NYCC,10.0,19.0,0
2021,10,11,11,Oct,1011,870,137,19.2,0.0,2021-10-11,2021-10-11,2,,,,0
2021,10,13,2,Oct,211,180,43,16.2,0.0,2021-10-13,2021-10-13,4,,,,0
2021,10,15,15,Oct,1082,1136,203,24.9,0.0,2021-10-15,2021-10-15,6,,,,0
2021,10,16,6,Oct,301,563,45,19.1,0.0,2021-10-16,2021-10-16,7,,,,0
2021,10,16,20,Oct,2441,2356,590,19.0,2.98,2021-10-16,2021-10-16,7,,,,0
2021,10,17,2,Oct,1457,1101,203,13.2,0.0,2021-10-17,2021-10-17,1,,,,0
2021,10,19,1,Oct,261,170,44,10.0,0.0,2021-10-19,2021-10-19,3,,,,0
2021,10,21,1,Oct,498,364,74,15.6,0.0,2021-10-21,2021-10-21,5,,,,0
2021,10,21,16,Oct,1109,1278,209,22.2,0.0,2021-10-21,2021-10-21,5,,,,0
2021,10,22,8,Oct,1125,1091,148,15.7,0.0,2021-10-22,2021-10-22,6,,,,0
2021,10,22,11,Oct,1000,1065,176,19.0,0.0,2021-10-22,2021-10-22,6,,,,0
2021,10,22,17,Oct,1484,1586,314,19.6,0.0,2021-10-22,2021-10-22,6,,,,0
2021,10,22,23,Oct,2081,1773,303,14.6,0.0,2021-10-22,2021-10-22,6,,,,0
2021,10,23,7,Oct,462,665,72,10.7,0.0,2021-10-23,2021-10-23,7,,,,0
2021,10,24,5,Oct,436,340,50,8.2,0.0,2021-10-24,2021-10-24,1,,,,0
2021,10,28,1,Oct,485,388,68,10.6,0.0,2021-10-28,2021-10-28,5,,,,0
2021,10,31,7,Oct,537,562,75,12.6,0.04,2021-10-31,2021-10-31,1,,,,0
2021,10,31,8,Oct,638,765,91,12.7,0.0,2021-10-31,2021-10-31,1,,,,0
2021,10,31,13,Oct,1330,1388,222,18.1,0.0,2021-10-31,2021-10-31,1,,,,0
2021,10,5,18,Oct,1388,1446,217,19.3,0.0,2021-10-5,2021-10-05,3,,,,0
2021,10,6,3,Oct,163,103,27,16.6,0.0,2021-10-6,2021-10-06,4,,,,0
2021,10,8,8,Oct,1107,1161,189,16.5,0.0,2021-10-8,2021-10-08,6,NYCC,10.0,19.0,0
2021,10,9,5,Oct,336,364,46,16.2,0.0,2021-10-9,2021-10-09,7,NYCC,10.0,19.0,0
2021,10,12,9,Oct,1057,1060,183,16.7,0.0,2021-10-12,2021-10-12,3,,,,0
2021,10,15,7,Oct,822,848,116,14.9,0.0,2021-10-15,2021-10-15,6,,,,0
2021,10,16,8,Oct,629,881,111,19.0,0.0,2021-10-16,2021-10-16,7,,,,0
2021,10,16,17,Oct,2115,2119,480,22.5,0.0,2021-10-16,2021-10-16,7,,,,0
2021,10,17,8,Oct,576,794,93,12.2,0.0,2021-10-17,2021-10-17,1,,,,0
2021,10,18,23,Oct,649,540,96,10.2,0.0,2021-10-18,2021-10-18,2,,,,0
2021,10,20,16,Oct,1029,1227,231,24.1,0.0,2021-10-20,2021-10-20,4,,,,0
2021,10,20,20,Oct,1528,1226,214,18.0,0.0,2021-10-20,2021-10-20,4,,,,0
2021,10,21,3,Oct,252,129,27,14.4,0.0,2021-10-21,2021-10-21,5,,,,0
2021,10,21,17,Oct,1466,1775,278,20.3,0.0,2021-10-21,2021-10-21,5,,,,0
2021,10,22,9,Oct,1099,1028,162,16.6,0.0,2021-10-22,2021-10-22,6,,,,0
2021,10,24,4,Oct,721,396,80,8.5,0.0,2021-10-24,2021-10-24,1,,,,0
2021,10,24,23,Oct,909,697,142,13.9,0.7,2021-10-24,2021-10-24,1,,,,0
2021,10,26,5,Oct,293,365,47,15.8,7.72,2021-10-26,2021-10-26,3,,,,0
2021,10,28,8,Oct,1401,1271,225,9.0,0.0,2021-10-28,2021-10-28,5,,,,0
2021,10,28,19,Oct,1739,1709,262,12.7,0.0,2021-10-28,2021-10-28,5,,,,0
2021,10,28,20,Oct,1761,1534,225,12.1,0.0,2021-10-28,2021-10-28,5,,,,0
2021,10,29,8,Oct,1142,1031,205,9.1,0.0,2021-10-29,2021-10-29,6,,,,0
2021,10,1,15,Oct,1019,1049,225,19.6,0.0,2021-10-1,2021-10-01,6,,,,0
2021,10,3,22,Oct,1254,844,156,19.8,0.0,2021-10-3,2021-10-03,1,,,,0
2021,10,4,3,Oct,185,121,22,20.2,0.14,2021-10-4,2021-10-04,2,,,,0
2021,10,6,20,Oct,1326,1093,195,18.6,0.0,2021-10-6,2021-10-06,4,,,,0
2021,10,6,22,Oct,1406,1092,192,16.9,0.0,2021-10-6,2021-10-06,4,,,,0
2021,10,9,12,Oct,1343,1425,237,19.4,0.18,2021-10-9,2021-10-09,7,NYCC,10.0,19.0,1
2021,10,11,19,Oct,1257,968,167,18.5,0.0,2021-10-11,2021-10-11,2,,,,0
2021,10,14,13,Oct,932,996,129,24.5,0.0,2021-10-14,2021-10-14,5,,,,0
2021,10,16,4,Oct,599,399,74,19.1,0.0,2021-10-16,2021-10-16,7,,,,0
2021,10,17,18,Oct,1562,1610,335,14.6,0.0,2021-10-17,2021-10-17,1,,,,0
2021,10,19,0,Oct,383,307,55,10.4,0.0,2021-10-19,2021-10-19,3,,,,0
2021,10,20,4,Oct,176,173,21,13.9,0.0,2021-10-20,2021-10-20,4,,,,0
2021,10,21,9,Oct,1224,1120,202,15.0,0.0,2021-10-21,2021-10-21,5,,,,0
2021,10,22,2,Oct,522,383,69,17.2,0.0,2021-10-22,2021-10-22,6,,,,0
2021,10,22,19,Oct,1956,2001,349,17.6,0.0,2021-10-22,2021-10-22,6,,,,0
2021,10,23,9,Oct,998,1132,156,11.0,0.0,2021-10-23,2021-10-23,7,,,,0
2021,10,25,15,Oct,919,900,134,23.1,0.06,2021-10-25,2021-10-25,2,,,,0
2021,10,26,20,Oct,1402,1504,318,15.0,2.62,2021-10-26,2021-10-26,3,,,,0
2021,10,1,3,Oct,316,214,43,10.7,0.0,2021-10-1,2021-10-01,6,,,,0
2021,10,3,20,Oct,1195,1123,302,20.2,0.0,2021-10-3,2021-10-03,1,,,,0
2021,10,5,2,Oct,191,136,20,16.1,0.0,2021-10-5,2021-10-05,3,,,,0
2021,10,5,17,Oct,1214,1358,216,19.9,0.0,2021-10-5,2021-10-05,3,,,,0
2021,10,6,1,Oct,322,246,41,16.8,0.0,2021-10-6,2021-10-06,4,,,,0
2021,10,8,13,Oct,1095,1133,198,23.2,0.0,2021-10-8,2021-10-08,6,NYCC,10.0,19.0,1
2021,10,9,1,Oct,1586,1232,242,17.3,0.0,2021-10-9,2021-10-09,7,NYCC,10.0,19.0,0
2021,10,10,22,Oct,1190,1005,173,17.2,0.0,2021-10-10,2021-10-10,1,NYCC,10.0,17.0,0
2021,10,11,14,Oct,911,902,137,21.4,0.0,2021-10-11,2021-10-11,2,,,,0
2021,10,11,21,Oct,979,843,133,17.2,0.0,2021-10-11,2021-10-11,2,,,,0
2021,10,12,12,Oct,893,743,138,20.3,0.0,2021-10-12,2021-10-12,3,,,,0
2021,10,13,12,Oct,868,806,156,20.8,0.0,2021-10-13,2021-10-13,4,,,,0
2021,10,13,21,Oct,1560,1162,198,17.9,0.0,2021-10-13,2021-10-13,4,,,,0
2021,10,14,0,Oct,663,548,89,16.9,0.0,2021-10-14,2021-10-14,5,,,,0
2021,10,17,17,Oct,1569,1399,265,16.1,0.0,2021-10-17,2021-10-17,1,,,,0
2021,10,18,15,Oct,989,920,168,15.8,0.0,2021-10-18,2021-10-18,2,,,,0
2021,10,22,0,Oct,1055,778,123,16.6,0.0,2021-10-22,2021-10-22,6,,,,0
2021,10,25,3,Oct,234,112,19,16.3,0.36,2021-10-25,2021-10-25,2,,,,0
2021,10,25,4,Oct,264,147,20,16.5,0.0,2021-10-25,2021-10-25,2,,,,0
2021,10,31,19,Oct,1331,1756,356,14.7,0.0,2021-10-31,2021-10-31,1,,,,0
2021,10,1,18,Oct,1567,1573,271,17.7,0.0,2021-10-1,2021-10-01,6,,,,0
2021,10,1,20,Oct,1637,1600,308,14.9,0.0,2021-10-1,2021-10-01,6,,,,0
2021,10,2,10,Oct,1072,1189,172,17.2,0.0,2021-10-2,2021-10-02,7,,,,0
2021,10,3,5,Oct,356,353,34,13.6,0.0,2021-10-3,2021-10-03,1,,,,0
2021,10,4,0,Oct,632,371,77,20.3,0.0,2021-10-4,2021-10-04,2,,,,0
2021,10,4,4,Oct,219,199,28,19.4,0.74,2021-10-4,2021-10-04,2,,,,0
2021,10,4,5,Oct,318,385,29,19.0,0.6,2021-10-4,2021-10-04,2,,,,0
2021,10,4,11,Oct,846,824,127,19.5,3.56,2021-10-4,2021-10-04,2,,,,0
2021,10,5,6,Oct,549,600,58,15.5,0.0,2021-10-5,2021-10-05,3,,,,0
2021,10,8,12,Oct,1092,1103,207,22.2,0.0,2021-10-8,2021-10-08,6,NYCC,10.0,19.0,1
2021,10,9,4,Oct,593,336,68,16.5,0.0,2021-10-9,2021-10-09,7,NYCC,10.0,19.0,0
2021,10,9,23,Oct,2099,1974,345,17.0,0.0,2021-10-9,2021-10-09,7,NYCC,10.0,19.0,0
2021,10,14,15,Oct,1049,1155,183,25.0,0.0,2021-10-14,2021-10-14,5,,,,0
2021,10,14,20,Oct,1565,1373,240,18.6,0.0,2021-10-14,2021-10-14,5,,,,0
2021,10,15,10,Oct,990,1017,161,20.9,0.0,2021-10-15,2021-10-15,6,,,,0
2021,10,17,3,Oct,1184,686,145,12.6,0.0,2021-10-17,2021-10-17,1,,,,0
2021,10,17,21,Oct,1240,1012,210,12.5,0.0,2021-10-17,2021-10-17,1,,,,0
2021,10,20,5,Oct,308,318,22,14.1,0.0,2021-10-20,2021-10-20,4,,,,0
2021,10,21,0,Oct,850,511,109,16.4,0.0,2021-10-21,2021-10-21,5,,,,0
2021,10,21,4,Oct,250,177,24,13.5,0.0,2021-10-21,2021-10-21,5,,,,0
2021,10,21,10,Oct,981,916,155,17.1,0.0,2021-10-21,2021-10-21,5,,,,0
2021,10,22,3,Oct,414,250,43,17.5,0.0,2021-10-22,2021-10-22,6,,,,0
2021,10,23,4,Oct,569,367,61,11.8,0.0,2021-10-23,2021-10-23,7,,,,0
2021,10,23,22,Oct,2027,1867,317,12.1,0.06,2021-10-23,2021-10-23,7,,,,0
2021,10,24,0,Oct,2134,1573,323,11.1,0.0,2021-10-24,2021-10-24,1,,,,0
2021,10,25,5,Oct,329,329,22,16.4,0.0,2021-10-25,2021-10-25,2,,,,0
2021,10,25,17,Oct,1060,1181,177,21.2,0.0,2021-10-25,2021-10-25,2,,,,0
2021,10,26,10,Oct,925,862,188,16.9,3.66,2021-10-26,2021-10-26,3,,,,0
2021,10,27,0,Oct,540,444,89,13.4,1.26,2021-10-27,2021-10-27,4,,,,0
2021,10,27,20,Oct,1365,1178,209,14.0,0.0,2021-10-27,2021-10-27,4,,,,0
2021,10,29,6,Oct,583,613,51,9.3,0.0,2021-10-29,2021-10-29,6,,,,0
2021,10,30,19,Oct,2196,2462,396,14.7,0.16,2021-10-30,2021-10-30,7,,,,0
2021,10,31,9,Oct,766,971,140,13.7,0.0,2021-10-31,2021-10-31,1,,,,0
2021,10,1,5,Oct,249,321,29,10.1,0.0,2021-10-1,2021-10-01,6,,,,0
2021,10,1,7,Oct,762,792,104,9.8,0.0,2021-10-1,2021-10-01,6,,,,0
2021,10,2,6,Oct,423,613,51,11.4,0.0,2021-10-2,2021-10-02,7,,,,0
2021,10,4,20,Oct,906,991,160,17.8,0.1,2021-10-4,2021-10-04,2,,,,0
2021,10,5,14,Oct,818,856,126,19.3,0.0,2021-10-5,2021-10-05,3,,,,0
2021,10,5,19,Oct,1358,1251,217,18.6,0.0,2021-10-5,2021-10-05,3,,,,0
2021,10,5,21,Oct,1266,1005,189,16.9,0.0,2021-10-5,2021-10-05,3,,,,0
2021,10,6,11,Oct,923,848,121,17.7,0.0,2021-10-6,2021-10-06,4,,,,0
2021,10,7,17,Oct,1250,1469,242,22.0,0.0,2021-10-7,2021-10-07,5,NYCC,11.0,21.0,1
2021,10,9,2,Oct,1476,1020,234,17.0,0.0,2021-10-9,2021-10-09,7,NYCC,10.0,19.0,0
2021,10,10,19,Oct,1406,1263,248,17.7,0.0,2021-10-10,2021-10-10,1,NYCC,10.0,17.0,0
2021,10,14,4,Oct,240,175,14,16.1,0.0,2021-10-14,2021-10-14,5,,,,0
2021,10,14,23,Oct,1660,1101,173,16.7,0.0,2021-10-14,2021-10-14,5,,,,0
2021,10,16,2,Oct,1416,1009,200,19.6,0.1,2021-10-16,2021-10-16,7,,,,0
2021,10,21,8,Oct,1335,1260,211,13.4,0.0,2021-10-21,2021-10-21,5,,,,0
2021,10,21,15,Oct,1067,1078,208,23.0,0.0,2021-10-21,2021-10-21,5,,,,0
2021,10,22,12,Oct,1106,1103,181,19.8,0.0,2021-10-22,2021-10-22,6,,,,0
2021,10,24,16,Oct,1267,1387,251,15.7,0.0,2021-10-24,2021-10-24,1,,,,0
2021,10,28,11,Oct,974,955,142,12.7,0.0,2021-10-28,2021-10-28,5,,,,0
2021,10,2,9,Oct,852,1014,131,14.8,0.0,2021-10-2,2021-10-02,7,,,,0
2021,10,2,15,Oct,1247,1352,253,23.8,0.0,2021-10-2,2021-10-02,7,,,,0
2021,10,3,11,Oct,1204,1217,188,21.9,0.0,2021-10-3,2021-10-03,1,,,,0
2021,10,4,2,Oct,295,167,37,19.7,0.0,2021-10-4,2021-10-04,2,,,,0
2021,10,4,9,Oct,1100,935,173,20.2,3.74,2021-10-4,2021-10-04,2,,,,0
2021,10,5,3,Oct,141,100,17,16.0,0.0,2021-10-5,2021-10-05,3,,,,0
2021,10,6,2,Oct,224,151,36,16.7,0.0,2021-10-6,2021-10-06,4,,,,0
2021,10,9,21,Oct,1820,1695,377,17.2,0.16,2021-10-9,2021-10-09,7,NYCC,10.0,19.0,0
2021,10,10,4,Oct,687,435,71,17.0,0.0,2021-10-10,2021-10-10,1,NYCC,10.0,17.0,0
2021,10,10,5,Oct,367,357,34,16.9,0.0,2021-10-10,2021-10-10,1,NYCC,10.0,17.0,0
2021,10,10,7,Oct,362,487,49,17.1,0.0,2021-10-10,2021-10-10,1,NYCC,10.0,17.0,0
2021,10,10,13,Oct,1605,1699,389,18.8,0.14,2021-10-10,2021-10-10,1,NYCC,10.0,17.0,1
2021,10,12,7,Oct,891,877,111,16.0,0.0,2021-10-12,2021-10-12,3,,,,0
2021,10,13,0,Oct,489,411,78,15.1,0.0,2021-10-13,2021-10-13,4,,,,0
2021,10,17,5,Oct,453,347,53,11.8,0.0,2021-10-17,2021-10-17,1,,,,0
2021,10,18,11,Oct,923,837,144,14.7,0.0,2021-10-18,2021-10-18,2,,,,0
2021,10,20,13,Oct,954,841,149,23.5,0.0,2021-10-20,2021-10-20,4,,,,0
2021,10,24,22,Oct,1319,833,214,13.8,0.0,2021-10-24,2021-10-24,1,,,,0
2021,10,25,0,Oct,577,418,89,13.8,2.1,2021-10-25,2021-10-25,2,,,,0
2021,10,25,6,Oct,636,558,75,16.2,0.08,2021-10-25,2021-10-25,2,,,,0
2021,10,26,1,Oct,334,239,97,15.9,4.82,2021-10-26,2021-10-26,3,,,,0
2021,10,26,23,Oct,871,716,134,13.9,1.78,2021-10-26,2021-10-26,3,,,,0
2021,10,29,5,Oct,373,332,35,10.0,0.0,2021-10-29,2021-10-29,6,,,,0
2021,10,29,12,Oct,1195,1079,197,12.8,0.0,2021-10-29,2021-10-29,6,,,,0
2021,10,30,7,Oct,463,650,70,15.1,0.0,2021-10-30,2021-10-30,7,,,,0
2021,10,30,22,Oct,2647,3280,585,14.2,1.18,2021-10-30,2021-10-30,7,,,,0
2021,10,31,4,Oct,1704,970,228,13.1,0.68,2021-10-31,2021-10-31,1,,,,0
2021,10,1,21,Oct,1634,1553,327,14.7,0.0,2021-10-1,2021-10-01,6,,,,0
2021,10,4,16,Oct,902,1058,194,19.8,1.12,2021-10-4,2021-10-04,2,,,,0
2021,10,7,14,Oct,1067,1047,178,22.3,0.1,2021-10-7,2021-10-07,5,NYCC,11.0,21.0,1
2021,10,8,7,Oct,868,856,100,14.5,0.0,2021-10-8,2021-10-08,6,NYCC,10.0,19.0,0
2021,10,8,16,Oct,1033,1258,223,23.6,0.0,2021-10-8,2021-10-08,6,NYCC,10.0,19.0,1
2021,10,8,19,Oct,2107,1805,382,19.9,0.0,2021-10-8,2021-10-08,6,NYCC,10.0,19.0,0
2021,10,9,11,Oct,1283,1416,230,19.1,0.06,2021-10-9,2021-10-09,7,NYCC,10.0,19.0,1
2021,10,9,14,Oct,1382,1333,233,20.2,0.18,2021-10-9,2021-10-09,7,NYCC,10.0,19.0,1
2021,10,9,20,Oct,1960,1701,376,17.5,0.0,2021-10-9,2021-10-09,7,NYCC,10.0,19.0,0
2021,10,10,6,Oct,325,498,74,16.8,0.0,2021-10-10,2021-10-10,1,NYCC,10.0,17.0,0
2021,10,11,6,Oct,511,544,55,16.5,0.0,2021-10-11,2021-10-11,2,,,,0
2021,10,11,7,Oct,752,760,84,16.6,0.0,2021-10-11,2021-10-11,2,,,,0
2021,10,14,5,Oct,290,310,27,16.1,0.0,2021-10-14,2021-10-14,5,,,,0
2021,10,17,0,Oct,2011,1659,280,14.9,0.1,2021-10-17,2021-10-17,1,,,,0
2021,10,17,19,Oct,1535,1459,297,13.7,0.0,2021-10-17,2021-10-17,1,,,,0
2021,10,18,4,Oct,237,150,24,10.1,0.0,2021-10-18,2021-10-18,2,,,,0
2021,10,18,10,Oct,913,795,124,12.9,0.0,2021-10-18,2021-10-18,2,,,,0
2021,10,19,17,Oct,1265,1293,236,18.6,0.0,2021-10-19,2021-10-19,3,,,,0
2021,10,19,18,Oct,1454,1418,239,17.4,0.0,2021-10-19,2021-10-19,3,,,,0
2021,10,20,0,Oct,540,433,60,15.6,0.0,2021-10-20,2021-10-20,4,,,,0
2021,10,24,17,Oct,1499,1357,220,15.3,0.0,2021-10-24,2021-10-24,1,,,,0
2021,10,24,18,Oct,1396,1634,282,14.9,0.0,2021-10-24,2021-10-24,1,,,,0
2021,10,26,7,Oct,828,896,199,17.1,11.14,2021-10-26,2021-10-26,3,,,,0
2021,10,28,22,Oct,1727,1611,228,10.8,0.0,2021-10-28,2021-10-28,5,,,,0
2021,10,29,21,Oct,2765,2879,666,11.8,0.26,2021-10-29,2021-10-29,6,,,,0
2021,10,29,23,Oct,2630,2490,564,11.4,2.54,2021-10-29,2021-10-29,6,,,,0
2021,10,2,12,Oct,1288,1150,191,21.4,0.0,2021-10-2,2021-10-02,7,,,,0
2021,10,6,23,Oct,1086,813,143,17.1,0.0,2021-10-6,2021-10-06,4,,,,0
2021,10,7,5,Oct,253,321,25,16.0,0.0,2021-10-7,2021-10-07,5,NYCC,11.0,21.0,0
2021,10,11,4,Oct,235,146,23,16.8,0.0,2021-10-11,2021-10-11,2,,,,0
2021,10,11,20,Oct,996,895,147,18.0,0.0,2021-10-11,2021-10-11,2,,,,0
2021,10,12,2,Oct,221,134,11,16.0,0.0,2021-10-12,2021-10-12,3,,,,0
2021,10,13,6,Oct,559,608,66,16.2,0.0,2021-10-13,2021-10-13,4,,,,0
2021,10,17,9,Oct,788,1042,134,13.1,0.0,2021-10-17,2021-10-17,1,,,,0
2021,10,18,5,Oct,359,384,26,9.9,0.0,2021-10-18,2021-10-18,2,,,,0
2021,10,18,16,Oct,876,957,162,15.2,0.0,2021-10-18,2021-10-18,2,,,,0
2021,10,18,17,Oct,1040,1166,225,14.0,0.0,2021-10-18,2021-10-18,2,,,,0
2021,10,19,13,Oct,815,767,157,17.2,0.0,2021-10-19,2021-10-19,3,,,,0
2021,10,23,10,Oct,1265,1275,192,10.9,0.0,2021-10-23,2021-10-23,7,,,,0
2021,10,25,7,Oct,948,806,103,16.0,0.0,2021-10-25,2021-10-25,2,,,,0
2021,10,26,12,Oct,690,673,98,16.1,0.06,2021-10-26,2021-10-26,3,,,,0
2021,10,28,13,Oct,996,894,158,14.6,0.0,2021-10-28,2021-10-28,5,,,,0
2021,10,30,5,Oct,456,555,61,15.6,0.2,2021-10-30,2021-10-30,7,,,,0
2021,10,31,5,Oct,814,644,95,12.8,0.04,2021-10-31,2021-10-31,1,,,,0
2021,10,1,23,Oct,1946,1758,319,12.4,0.0,2021-10-1,2021-10-01,6,,,,0
2021,10,2,21,Oct,1748,1674,306,17.3,0.0,2021-10-2,2021-10-02,7,,,,0
2021,10,3,9,Oct,761,957,125,17.1,0.0,2021-10-3,2021-10-03,1,,,,0
2021,10,4,15,Oct,927,865,160,20.1,1.26,2021-10-4,2021-10-04,2,,,,0
2021,10,6,0,Oct,475,360,70,16.9,0.0,2021-10-6,2021-10-06,4,,,,0
2021,10,6,14,Oct,964,925,164,20.1,0.0,2021-10-6,2021-10-06,4,,,,0
2021,10,11,5,Oct,297,304,20,16.6,0.0,2021-10-11,2021-10-11,2,,,,0
2021,10,11,9,Oct,985,946,184,17.5,0.0,2021-10-11,2021-10-11,2,,,,0
2021,10,13,9,Oct,1147,1083,192,17.7,0.0,2021-10-13,2021-10-13,4,,,,0
2021,10,13,23,Oct,1048,820,116,16.9,0.0,2021-10-13,2021-10-13,4,,,,0
2021,10,16,7,Oct,442,703,76,18.8,0.0,2021-10-16,2021-10-16,7,,,,0
2021,10,17,20,Oct,1253,1164,237,13.2,0.0,2021-10-17,2021-10-17,1,,,,0
2021,10,19,5,Oct,286,281,39,8.8,0.0,2021-10-19,2021-10-19,3,,,,0
2021,10,25,11,Oct,835,774,133,20.0,0.0,2021-10-25,2021-10-25,2,,,,0
2021,10,25,20,Oct,1069,1017,170,19.0,0.0,2021-10-25,2021-10-25,2,,,,0
2021,10,27,9,Oct,1203,1128,226,14.3,0.0,2021-10-27,2021-10-27,4,,,,0
2021,10,29,10,Oct,1077,986,176,11.0,0.0,2021-10-29,2021-10-29,6,,,,0
2021,10,30,9,Oct,846,1108,167,15.3,0.3,2021-10-30,2021-10-30,7,,,,0
2021,10,30,13,Oct,1370,1328,254,18.0,0.0,2021-10-30,2021-10-30,7,,,,0
2021,10,3,6,Oct,329,466,43,13.2,0.0,2021-10-3,2021-10-03,1,,,,0
2021,10,5,7,Oct,1018,876,135,15.7,0.0,2021-10-5,2021-10-05,3,,,,0
2021,10,7,16,Oct,1104,1132,218,22.4,0.06,2021-10-7,2021-10-07,5,NYCC,11.0,21.0,1
2021,10,9,22,Oct,2021,1990,345,17.0,0.0,2021-10-9,2021-10-09,7,NYCC,10.0,19.0,0
2021,10,10,17,Oct,1688,1356,287,18.1,0.24,2021-10-10,2021-10-10,1,NYCC,10.0,17.0,0
2021,10,11,12,Oct,977,814,136,20.8,0.0,2021-10-11,2021-10-11,2,,,,0
2021,10,12,0,Oct,421,323,55,16.8,0.0,2021-10-12,2021-10-12,3,,,,0
2021,10,15,2,Oct,593,361,97,15.9,0.0,2021-10-15,2021-10-15,6,,,,0
2021,10,15,6,Oct,554,677,65,16.6,0.0,2021-10-15,2021-10-15,6,,,,0
2021,10,15,8,Oct,1101,1011,156,16.8,0.0,2021-10-15,2021-10-15,6,,,,0
2021,10,19,2,Oct,193,135,24,9.8,0.0,2021-10-19,2021-10-19,3,,,,0
2021,10,20,7,Oct,967,951,121,14.4,0.0,2021-10-20,2021-10-20,4,,,,0
2021,10,23,14,Oct,1262,1335,217,15.5,0.0,2021-10-23,2021-10-23,7,,,,0
2021,10,23,17,Oct,1648,1822,308,15.8,0.0,2021-10-23,2021-10-23,7,,,,0
2021,10,24,13,Oct,1312,1212,189,14.7,0.0,2021-10-24,2021-10-24,1,,,,0
2021,10,25,1,Oct,322,224,50,14.8,1.32,2021-10-25,2021-10-25,2,,,,0
2021,10,28,0,Oct,755,627,108,11.6,0.0,2021-10-28,2021-10-28,5,,,,0
2021,10,28,14,Oct,1064,1028,179,15.1,0.0,2021-10-28,2021-10-28,5,,,,0
2021,10,29,15,Oct,1135,1170,181,14.2,0.04,2021-10-29,2021-10-29,6,,,,0
2021,10,2,8,Oct,553,739,90,13.1,0.0,2021-10-2,2021-10-02,7,,,,0
2021,10,2,23,Oct,1942,1840,296,16.4,0.0,2021-10-2,2021-10-02,7,,,,0
2021,10,4,10,Oct,996,774,146,19.7,4.0,2021-10-4,2021-10-04,2,,,,0
2021,10,5,5,Oct,239,294,26,15.6,0.0,2021-10-5,2021-10-05,3,,,,0
2021,10,6,18,Oct,1528,1596,273,20.1,0.0,2021-10-6,2021-10-06,4,,,,0
2021,10,8,0,Oct,1004,756,146,16.2,0.0,2021-10-8,2021-10-08,6,NYCC,10.0,19.0,0
2021,10,8,2,Oct,544,393,71,15.4,0.0,2021-10-8,2021-10-08,6,NYCC,10.0,19.0,0
2021,10,8,23,Oct,2284,1826,366,18.6,0.0,2021-10-8,2021-10-08,6,NYCC,10.0,19.0,0
2021,10,11,22,Oct,895,779,115,16.8,0.0,2021-10-11,2021-10-11,2,,,,0
2021,10,12,8,Oct,1379,1121,220,15.4,0.0,2021-10-12,2021-10-12,3,,,,0
2021,10,14,17,Oct,1394,1737,298,24.2,0.0,2021-10-14,2021-10-14,5,,,,0
2021,10,14,18,Oct,1707,1939,350,21.8,0.0,2021-10-14,2021-10-14,5,,,,0
2021,10,15,17,Oct,1435,1550,287,22.7,0.0,2021-10-15,2021-10-15,6,,,,0
2021,10,18,9,Oct,1088,1012,186,11.3,0.0,2021-10-18,2021-10-18,2,,,,0
2021,10,19,8,Oct,1339,1264,238,9.4,0.0,2021-10-19,2021-10-19,3,,,,0
2021,10,20,8,Oct,1402,1318,209,15.5,0.0,2021-10-20,2021-10-20,4,,,,0
2021,10,20,19,Oct,1584,1541,281,18.3,0.0,2021-10-20,2021-10-20,4,,,,0
2021,10,22,1,Oct,758,561,103,16.9,0.0,2021-10-22,2021-10-22,6,,,,0
2021,10,22,15,Oct,1141,1194,227,20.3,0.0,2021-10-22,2021-10-22,6,,,,0
2021,10,25,2,Oct,266,190,21,15.7,0.36,2021-10-25,2021-10-25,2,,,,0
2021,10,26,16,Oct,836,974,170,16.4,0.0,2021-10-26,2021-10-26,3,,,,0
2021,10,27,6,Oct,590,553,59,12.6,0.0,2021-10-27,2021-10-27,4,,,,0
2021,10,28,6,Oct,635,574,56,8.5,0.0,2021-10-28,2021-10-28,5,,,,0
2021,10,28,10,Oct,983,950,173,11.6,0.0,2021-10-28,2021-10-28,5,,,,0
2021,10,29,4,Oct,552,235,46,10.6,0.0,2021-10-29,2021-10-29,6,,,,0
2021,10,29,18,Oct,1942,2111,399,12.8,0.78,2021-10-29,2021-10-29,6,,,,0
2021,10,30,17,Oct,1617,1988,279,16.8,0.0,2021-10-30,2021-10-30,7,,,,0
2021,10,31,14,Oct,1294,1416,221,18.4,0.0,2021-10-31,2021-10-31,1,,,,0
2021,10,1,0,Oct,1046,738,128,12.6,0.0,2021-10-1,2021-10-01,6,,,,0
2021,10,2,2,Oct,1456,942,204,11.2,0.0,2021-10-2,2021-10-02,7,,,,0
2021,10,3,12,Oct,1067,1034,196,23.6,0.0,2021-10-3,2021-10-03,1,,,,0
2021,10,4,22,Oct,969,760,103,17.1,0.0,2021-10-4,2021-10-04,2,,,,0
2021,10,6,5,Oct,259,346,28,16.2,0.0,2021-10-6,2021-10-06,4,,,,0
2021,10,7,21,Oct,1666,1324,251,18.2,0.0,2021-10-7,2021-10-07,5,NYCC,11.0,21.0,0
2021,10,8,4,Oct,314,209,22,14.5,0.0,2021-10-8,2021-10-08,6,NYCC,10.0,19.0,0
2021,10,8,15,Oct,1055,1139,188,23.9,0.0,2021-10-8,2021-10-08,6,NYCC,10.0,19.0,1
2021,10,10,10,Oct,1108,1511,244,17.0,0.34,2021-10-10,2021-10-10,1,NYCC,10.0,17.0,1
2021,10,11,17,Oct,1124,1063,191,21.4,0.0,2021-10-11,2021-10-11,2,,,,0
2021,10,12,22,Oct,1056,983,129,16.8,0.0,2021-10-12,2021-10-12,3,,,,0
2021,10,13,13,Oct,920,816,139,21.5,0.1,2021-10-13,2021-10-13,4,,,,0
2021,10,13,22,Oct,1515,1114,181,16.8,0.0,2021-10-13,2021-10-13,4,,,,0
2021,10,15,1,Oct,848,507,88,16.5,0.0,2021-10-15,2021-10-15,6,,,,0
2021,10,15,18,Oct,1766,1935,367,21.5,0.0,2021-10-15,2021-10-15,6,,,,0
2021,10,15,22,Oct,2223,1772,311,20.1,0.0,2021-10-15,2021-10-15,6,,,,0
2021,10,17,13,Oct,1236,1301,199,17.1,0.0,2021-10-17,2021-10-17,1,,,,0
2021,10,18,20,Oct,1065,977,154,11.1,0.0,2021-10-18,2021-10-18,2,,,,0
2021,10,19,12,Oct,839,799,135,15.8,0.0,2021-10-19,2021-10-19,3,,,,0
2021,10,22,7,Oct,850,832,121,15.6,0.0,2021-10-22,2021-10-22,6,,,,0
2021,10,24,7,Oct,378,485,57,7.6,0.0,2021-10-24,2021-10-24,1,,,,0
2021,10,25,18,Oct,1187,1456,246,19.9,0.0,2021-10-25,2021-10-25,2,,,,0
2021,10,25,22,Oct,1068,752,141,17.8,0.94,2021-10-25,2021-10-25,2,,,,0
2021,10,26,6,Oct,599,574,79,16.7,8.14,2021-10-26,2021-10-26,3,,,,0
2021,10,26,11,Oct,684,731,118,16.3,1.44,2021-10-26,2021-10-26,3,,,,0
2021,10,27,5,Oct,283,295,29,12.5,0.58,2021-10-27,2021-10-27,4,,,,0
2021,10,29,0,Oct,1211,1096,173,11.4,0.0,2021-10-29,2021-10-29,6,,,,0
2021,10,30,1,Oct,2276,1561,298,13.7,0.1,2021-10-30,2021-10-30,7,,,,0
2021,10,1,4,Oct,266,214,28,10.3,0.0,2021-10-1,2021-10-01,6,,,,0
2021,10,1,16,Oct,944,1162,214,19.6,0.0,2021-10-1,2021-10-01,6,,,,0
2021,10,1,19,Oct,1891,1888,350,15.5,0.0,2021-10-1,2021-10-01,6,,,,0
2021,10,2,1,Oct,1645,1128,243,11.4,0.0,2021-10-2,2021-10-02,7,,,,0
2021,10,2,20,Oct,1867,1809,334,17.7,0.0,2021-10-2,2021-10-02,7,,,,0
2021,10,3,17,Oct,1299,1331,245,23.9,0.0,2021-10-3,2021-10-03,1,,,,0
2021,10,4,12,Oct,892,722,128,19.4,0.24,2021-10-4,2021-10-04,2,,,,0
2021,10,4,21,Oct,965,845,143,17.3,0.1,2021-10-4,2021-10-04,2,,,,0
2021,10,6,6,Oct,579,556,57,16.2,0.0,2021-10-6,2021-10-06,4,,,,0
2021,10,7,11,Oct,917,933,173,20.1,0.0,2021-10-7,2021-10-07,5,NYCC,11.0,21.0,1
2021,10,8,17,Oct,1420,1535,259,22.5,0.0,2021-10-8,2021-10-08,6,NYCC,10.0,19.0,1
2021,10,9,3,Oct,1086,599,164,16.5,0.0,2021-10-9,2021-10-09,7,NYCC,10.0,19.0,0
2021,10,9,16,Oct,1568,1461,278,19.3,0.04,2021-10-9,2021-10-09,7,NYCC,10.0,19.0,1
2021,10,9,18,Oct,1983,1883,410,18.0,0.04,2021-10-9,2021-10-09,7,NYCC,10.0,19.0,1
2021,10,12,21,Oct,1143,1047,121,17.3,0.0,2021-10-12,2021-10-12,3,,,,0
2021,10,14,2,Oct,315,241,31,16.4,0.0,2021-10-14,2021-10-14,5,,,,0
2021,10,14,7,Oct,941,912,111,15.5,0.0,2021-10-14,2021-10-14,5,,,,0
2021,10,14,19,Oct,1792,1658,298,19.2,0.0,2021-10-14,2021-10-14,5,,,,0
2021,10,14,22,Oct,2097,1320,243,17.3,0.0,2021-10-14,2021-10-14,5,,,,0
2021,10,16,3,Oct,1105,633,123,19.4,0.0,2021-10-16,2021-10-16,7,,,,0
2021,10,16,21,Oct,2463,2418,604,16.9,5.18,2021-10-16,2021-10-16,7,,,,0
2021,10,20,2,Oct,233,159,27,14.5,0.0,2021-10-20,2021-10-20,4,,,,0
2021,10,23,6,Oct,334,544,58,10.8,0.0,2021-10-23,2021-10-23,7,,,,0
2021,10,23,13,Oct,1229,1258,212,14.4,0.0,2021-10-23,2021-10-23,7,,,,0
2021,10,23,16,Oct,1494,1629,280,16.2,0.0,2021-10-23,2021-10-23,7,,,,0
2021,10,23,20,Oct,1789,1877,352,12.8,0.0,2021-10-23,2021-10-23,7,,,,0
2021,10,27,3,Oct,156,115,23,12.4,1.6,2021-10-27,2021-10-27,4,,,,0
2021,10,27,21,Oct,1525,1300,215,13.8,0.0,2021-10-27,2021-10-27,4,,,,0
2021,10,28,17,Oct,1486,1511,234,14.8,0.0,2021-10-28,2021-10-28,5,,,,0
2021,10,2,3,Oct,1108,642,168,11.0,0.0,2021-10-2,2021-10-02,7,,,,0
2021,10,2,11,Oct,1205,1233,191,19.8,0.0,2021-10-2,2021-10-02,7,,,,0
2021,10,3,10,Oct,968,1246,141,19.6,0.0,2021-10-3,2021-10-03,1,,,,0
2021,10,4,1,Oct,370,212,44,19.6,0.0,2021-10-4,2021-10-04,2,,,,0
2021,10,5,9,Oct,1124,949,156,15.6,0.0,2021-10-5,2021-10-05,3,,,,0
2021,10,6,7,Oct,946,882,101,16.2,0.0,2021-10-6,2021-10-06,4,,,,0
2021,10,7,4,Oct,223,152,20,17.2,0.0,2021-10-7,2021-10-07,5,NYCC,11.0,21.0,0
2021,10,9,19,Oct,2265,2010,423,17.5,0.0,2021-10-9,2021-10-09,7,NYCC,10.0,19.0,0
2021,10,10,9,Oct,738,1170,166,16.7,0.18,2021-10-10,2021-10-10,1,NYCC,10.0,17.0,0
2021,10,11,2,Oct,329,251,51,16.5,0.0,2021-10-11,2021-10-11,2,,,,0
2021,10,12,6,Oct,590,565,79,15.9,0.0,2021-10-12,2021-10-12,3,,,,0
2021,10,12,13,Oct,791,797,121,21.0,0.0,2021-10-12,2021-10-12,3,,,,0
2021,10,13,3,Oct,171,104,18,16.2,0.0,2021-10-13,2021-10-13,4,,,,0
2021,10,15,0,Oct,1204,795,128,17.3,0.0,2021-10-15,2021-10-15,6,,,,0
2021,10,15,19,Oct,1963,2118,433,20.6,0.0,2021-10-15,2021-10-15,6,,,,0
2021,10,18,14,Oct,902,857,134,16.0,0.0,2021-10-18,2021-10-18,2,,,,0
2021,10,19,19,Oct,1436,1241,181,16.8,0.0,2021-10-19,2021-10-19,3,,,,0
2021,10,19,21,Oct,1389,1118,144,16.2,0.0,2021-10-19,2021-10-19,3,,,,0
2021,10,25,9,Oct,1085,910,183,17.6,0.0,2021-10-25,2021-10-25,2,,,,0
2021,10,25,14,Oct,857,817,147,22.4,0.04,2021-10-25,2021-10-25,2,,,,0
2021,10,26,13,Oct,671,605,98,16.3,0.0,2021-10-26,2021-10-26,3,,,,0
2021,10,3,15,Oct,1048,1195,212,26.1,0.0,2021-10-3,2021-10-03,1,,,,0
2021,10,4,8,Oct,1321,1033,160,19.9,0.36,2021-10-4,2021-10-04,2,,,,0
2021,10,5,12,Oct,858,716,141,17.1,0.0,2021-10-5,2021-10-05,3,,,,0
2021,10,8,10,Oct,979,1139,201,19.4,0.0,2021-10-8,2021-10-08,6,NYCC,10.0,19.0,1
2021,10,8,22,Oct,2159,1854,374,18.9,0.0,2021-10-8,2021-10-08,6,NYCC,10.0,19.0,0
2021,10,13,18,Oct,1474,1583,235,19.7,0.0,2021-10-13,2021-10-13,4,,,,0
2021,10,15,5,Oct,289,351,29,16.6,0.0,2021-10-15,2021-10-15,6,,,,0
2021,10,16,1,Oct,1641,1182,252,19.9,0.0,2021-10-16,2021-10-16,7,,,,0
2021,10,16,19,Oct,2081,2329,462,19.8,2.22,2021-10-16,2021-10-16,7,,,,0
2021,10,18,8,Oct,1273,1116,197,10.1,0.0,2021-10-18,2021-10-18,2,,,,0
2021,10,18,21,Oct,1050,952,141,10.4,0.0,2021-10-18,2021-10-18,2,,,,0
2021,10,20,10,Oct,863,962,173,18.4,0.0,2021-10-20,2021-10-20,4,,,,0
2021,10,21,11,Oct,987,906,160,19.5,0.0,2021-10-21,2021-10-21,5,,,,0
2021,10,24,10,Oct,1075,1304,205,11.5,0.0,2021-10-24,2021-10-24,1,,,,0
2021,10,26,4,Oct,165,163,12,15.8,5.4,2021-10-26,2021-10-26,3,,,,0
2021,10,26,14,Oct,652,702,110,16.6,0.0,2021-10-26,2021-10-26,3,,,,0
2021,10,26,18,Oct,1478,1653,291,15.6,0.0,2021-10-26,2021-10-26,3,,,,0
2021,10,31,10,Oct,1005,1180,179,14.7,0.0,2021-10-31,2021-10-31,1,,,,0
2021,10,31,22,Oct,1377,1129,252,13.7,0.0,2021-10-31,2021-10-31,1,,,,0
2021,10,1,9,Oct,973,1047,152,12.8,0.0,2021-10-1,2021-10-01,6,,,,0
2021,10,1,14,Oct,976,1009,167,19.1,0.0,2021-10-1,2021-10-01,6,,,,0
2021,10,3,3,Oct,2344,1741,315,14.6,0.0,2021-10-3,2021-10-03,1,,,,0
2021,10,4,6,Oct,650,589,72,18.9,0.0,2021-10-4,2021-10-04,2,,,,0
2021,10,5,13,Oct,877,743,146,18.2,0.0,2021-10-5,2021-10-05,3,,,,0
2021,10,7,10,Oct,956,1000,208,19.2,0.0,2021-10-7,2021-10-07,5,NYCC,11.0,21.0,0
2021,10,9,8,Oct,598,1057,145,15.7,0.0,2021-10-9,2021-10-09,7,NYCC,10.0,19.0,0
2021,10,9,15,Oct,1433,1281,259,20.4,0.0,2021-10-9,2021-10-09,7,NYCC,10.0,19.0,1
2021,10,11,10,Oct,934,856,137,18.2,0.0,2021-10-11,2021-10-11,2,,,,0
2021,10,11,15,Oct,924,914,156,21.8,0.0,2021-10-11,2021-10-11,2,,,,0
2021,10,11,16,Oct,952,1015,159,21.8,0.0,2021-10-11,2021-10-11,2,,,,0
2021,10,12,10,Oct,894,835,137,18.2,0.0,2021-10-12,2021-10-12,3,,,,0
2021,10,12,20,Oct,1173,1056,147,17.4,0.0,2021-10-12,2021-10-12,3,,,,0
2021,10,14,9,Oct,1160,1006,194,18.8,0.0,2021-10-14,2021-10-14,5,,,,0
2021,10,17,11,Oct,1136,1317,203,15.6,0.0,2021-10-17,2021-10-17,1,,,,0
2021,10,17,23,Oct,1082,625,137,12.0,0.0,2021-10-17,2021-10-17,1,,,,0
2021,10,21,22,Oct,1876,1238,214,16.8,0.0,2021-10-21,2021-10-21,5,,,,0
2021,10,23,2,Oct,1348,972,178,12.9,0.0,2021-10-23,2021-10-23,7,,,,0
2021,10,25,10,Oct,882,772,121,18.9,0.0,2021-10-25,2021-10-25,2,,,,0
2021,10,28,2,Oct,348,273,42,10.1,0.0,2021-10-28,2021-10-28,5,,,,0
2021,10,1,8,Oct,1099,1019,140,11.2,0.0,2021-10-1,2021-10-01,6,,,,0
2021,10,2,19,Oct,2031,2120,431,18.2,0.0,2021-10-2,2021-10-02,7,,,,0
2021,10,7,9,Oct,1143,1197,212,18.0,0.0,2021-10-7,2021-10-07,5,NYCC,11.0,21.0,0
2021,10,8,3,Oct,392,224,49,15.0,0.0,2021-10-8,2021-10-08,6,NYCC,10.0,19.0,0
2021,10,10,21,Oct,1178,1113,235,17.5,0.0,2021-10-10,2021-10-10,1,NYCC,10.0,17.0,0
2021,10,12,15,Oct,974,921,149,21.6,0.0,2021-10-12,2021-10-12,3,,,,0
2021,10,12,23,Oct,792,635,89,16.5,0.0,2021-10-12,2021-10-12,3,,,,0
2021,10,14,11,Oct,918,862,144,22.2,0.0,2021-10-14,2021-10-14,5,,,,0
2021,10,15,21,Oct,1871,1572,312,20.5,0.0,2021-10-15,2021-10-15,6,,,,0
2021,10,15,23,Oct,1976,1762,345,19.7,0.0,2021-10-15,2021-10-15,6,,,,0
2021,10,16,15,Oct,1388,1618,295,23.8,0.1,2021-10-16,2021-10-16,7,,,,0
2021,10,18,7,Oct,976,848,102,9.3,0.0,2021-10-18,2021-10-18,2,,,,0
2021,10,19,14,Oct,936,902,154,18.4,0.0,2021-10-19,2021-10-19,3,,,,0
2021,10,20,18,Oct,1606,2144,336,18.7,0.0,2021-10-20,2021-10-20,4,,,,0
2021,10,22,10,Oct,1028,1050,156,17.8,0.0,2021-10-22,2021-10-22,6,,,,0
2021,10,22,20,Oct,1843,1636,331,16.0,0.0,2021-10-22,2021-10-22,6,,,,0
2021,10,23,19,Oct,1921,2222,430,13.7,0.1,2021-10-23,2021-10-23,7,,,,0
2021,10,25,16,Oct,859,907,151,22.9,0.0,2021-10-25,2021-10-25,2,,,,0
2021,10,25,19,Oct,1059,1099,190,19.6,0.0,2021-10-25,2021-10-25,2,,,,0
2021,10,27,11,Oct,878,809,154,14.9,0.0,2021-10-27,2021-10-27,4,,,,0
2021,10,27,17,Oct,1073,1166,216,15.0,0.0,2021-10-27,2021-10-27,4,,,,0
2021,10,28,5,Oct,307,311,41,8.9,0.0,2021-10-28,2021-10-28,5,,,,0
2021,10,28,21,Oct,1755,1523,259,11.5,0.0,2021-10-28,2021-10-28,5,,,,0
2021,10,29,14,Oct,1226,1133,176,14.0,0.0,2021-10-29,2021-10-29,6,,,,0
2021,10,31,11,Oct,1153,1267,204,15.9,0.0,2021-10-31,2021-10-31,1,,,,0
2021,10,31,15,Oct,1244,1373,237,17.8,0.0,2021-10-31,2021-10-31,1,,,,0
2021,10,1,11,Oct,962,969,176,16.4,0.0,2021-10-1,2021-10-01,6,,,,0
2021,10,1,22,Oct,1726,1797,301,13.3,0.0,2021-10-1,2021-10-01,6,,,,0
2021,10,3,0,Oct,1866,1565,269,15.4,0.0,2021-10-3,2021-10-03,1,,,,0
2021,10,5,16,Oct,932,1004,158,20.1,0.0,2021-10-5,2021-10-05,3,,,,0
2021,10,6,8,Oct,1305,1182,195,16.4,0.0,2021-10-6,2021-10-06,4,,,,0
2021,10,7,23,Oct,1404,1153,187,16.4,0.0,2021-10-7,2021-10-07,5,NYCC,11.0,21.0,0
2021,10,9,10,Oct,1120,1487,228,18.0,0.0,2021-10-9,2021-10-09,7,NYCC,10.0,19.0,1
2021,10,11,18,Oct,1177,1117,189,19.8,0.0,2021-10-11,2021-10-11,2,,,,0
2021,10,13,8,Oct,1408,1168,180,16.8,0.0,2021-10-13,2021-10-13,4,,,,0
2021,10,14,16,Oct,1043,1340,178,25.1,0.0,2021-10-14,2021-10-14,5,,,,0
2021,10,16,5,Oct,369,353,30,18.8,0.0,2021-10-16,2021-10-16,7,,,,0
2021,10,16,13,Oct,1395,1437,273,24.2,0.0,2021-10-16,2021-10-16,7,,,,0
2021,10,17,22,Oct,1443,859,196,12.3,0.0,2021-10-17,2021-10-17,1,,,,0
2021,10,18,3,Oct,226,131,26,10.4,0.0,2021-10-18,2021-10-18,2,,,,0
2021,10,20,17,Oct,1452,1931,301,22.9,0.0,2021-10-20,2021-10-20,4,,,,0
2021,10,22,4,Oct,341,218,27,17.4,0.0,2021-10-22,2021-10-22,6,,,,0
2021,10,22,5,Oct,318,381,33,16.9,0.0,2021-10-22,2021-10-22,6,,,,0
2021,10,23,1,Oct,1565,1194,207,14.4,0.0,2021-10-23,2021-10-23,7,,,,0
2021,10,23,3,Oct,970,642,147,12.3,0.0,2021-10-23,2021-10-23,7,,,,0
2021,10,26,21,Oct,1638,1303,255,15.1,10.04,2021-10-26,2021-10-26,3,,,,0
2021,10,27,22,Oct,1402,1086,176,13.6,0.0,2021-10-27,2021-10-27,4,,,,0
2021,10,28,3,Oct,262,143,30,9.7,0.0,2021-10-28,2021-10-28,5,,,,0
2021,10,29,1,Oct,1157,697,145,11.4,0.0,2021-10-29,2021-10-29,6,,,,0
2021,10,3,7,Oct,374,521,38,13.0,0.0,2021-10-3,2021-10-03,1,,,,0
2021,10,3,16,Oct,1064,1278,238,25.6,0.0,2021-10-3,2021-10-03,1,,,,0
2021,10,3,23,Oct,1140,613,152,20.1,0.0,2021-10-3,2021-10-03,1,,,,0
2021,10,7,15,Oct,1114,1125,205,22.6,0.1,2021-10-7,2021-10-07,5,NYCC,11.0,21.0,1
2021,10,10,1,Oct,1895,1226,263,17.2,0.0,2021-10-10,2021-10-10,1,NYCC,10.0,17.0,0
2021,10,10,11,Oct,1248,1519,242,17.5,0.2,2021-10-10,2021-10-10,1,NYCC,10.0,17.0,1
2021,10,10,20,Oct,1279,1144,200,17.8,0.0,2021-10-10,2021-10-10,1,NYCC,10.0,17.0,0
2021,10,11,1,Oct,465,352,83,16.5,0.0,2021-10-11,2021-10-11,2,,,,0
2021,10,12,19,Oct,1328,1117,165,16.9,0.0,2021-10-12,2021-10-12,3,,,,0
2021,10,13,1,Oct,290,238,40,15.6,0.0,2021-10-13,2021-10-13,4,,,,0
2021,10,14,3,Oct,205,128,29,16.3,0.0,2021-10-14,2021-10-14,5,,,,0
2021,10,14,10,Oct,996,924,137,20.5,0.0,2021-10-14,2021-10-14,5,,,,0
2021,10,14,21,Oct,1817,1449,261,17.8,0.0,2021-10-14,2021-10-14,5,,,,0
2021,10,15,13,Oct,1093,1137,190,24.7,0.0,2021-10-15,2021-10-15,6,,,,0
2021,10,16,16,Oct,1612,1709,328,23.4,0.06,2021-10-16,2021-10-16,7,,,,0
2021,10,17,10,Oct,1006,1170,147,14.3,0.0,2021-10-17,2021-10-17,1,,,,0
2021,10,19,11,Oct,864,853,143,13.8,0.0,2021-10-19,2021-10-19,3,,,,0
2021,10,19,15,Oct,973,914,199,19.1,0.0,2021-10-19,2021-10-19,3,,,,0
2021,10,21,5,Oct,323,328,32,13.0,0.0,2021-10-21,2021-10-21,5,,,,0
2021,10,23,12,Oct,1461,1276,248,13.0,0.0,2021-10-23,2021-10-23,7,,,,0
2021,10,24,8,Oct,553,875,97,9.0,0.0,2021-10-24,2021-10-24,1,,,,0
2021,10,28,9,Oct,1176,1178,243,10.0,0.0,2021-10-28,2021-10-28,5,,,,0
2021,10,28,18,Oct,1570,1634,264,12.9,0.0,2021-10-28,2021-10-28,5,,,,0
2021,10,31,6,Oct,578,659,65,12.6,0.1,2021-10-31,2021-10-31,1,,,,0
2021,10,2,7,Oct,410,665,69,11.4,0.0,2021-10-2,2021-10-02,7,,,,0
2021,10,2,22,Oct,2278,1910,312,16.9,0.0,2021-10-2,2021-10-02,7,,,,0
2021,10,10,16,Oct,1513,1330,250,18.5,0.5,2021-10-10,2021-10-10,1,NYCC,10.0,17.0,1
2021,10,11,13,Oct,890,864,161,21.4,0.0,2021-10-11,2021-10-11,2,,,,0
2021,10,12,3,Oct,148,99,19,15.8,0.0,2021-10-12,2021-10-12,3,,,,0
2021,10,13,10,Oct,895,838,132,19.0,0.0,2021-10-13,2021-10-13,4,,,,0
2021,10,15,4,Oct,334,189,19,15.1,0.0,2021-10-15,2021-10-15,6,,,,0
2021,10,18,0,Oct,561,389,76,11.5,0.0,2021-10-18,2021-10-18,2,,,,0
2021,10,18,1,Oct,353,220,35,11.2,0.0,2021-10-18,2021-10-18,2,,,,0
2021,10,18,13,Oct,971,807,155,16.0,0.0,2021-10-18,2021-10-18,2,,,,0
2021,10,20,1,Oct,299,250,59,15.2,0.0,2021-10-20,2021-10-20,4,,,,0
2021,10,21,20,Oct,1649,1338,229,17.6,0.0,2021-10-21,2021-10-21,5,,,,0
2021,10,27,7,Oct,1005,870,151,12.7,0.0,2021-10-27,2021-10-27,4,,,,0
2021,10,27,8,Oct,1402,1282,232,14.4,0.0,2021-10-27,2021-10-27,4,,,,0
2021,10,30,0,Oct,2357,1917,446,12.3,2.1,2021-10-30,2021-10-30,7,,,,0
2021,10,30,15,Oct,1430,1430,249,17.7,0.0,2021-10-30,2021-10-30,7,,,,0
2021,10,30,20,Oct,2254,2592,482,14.7,0.2,2021-10-30,2021-10-30,7,,,,0
2021,10,1,6,Oct,525,647,58,9.9,0.0,2021-10-1,2021-10-01,6,,,,0
2021,10,2,16,Oct,1366,1493,284,23.9,0.0,2021-10-2,2021-10-02,7,,,,0
2021,10,4,17,Oct,1140,1369,231,19.7,2.0,2021-10-4,2021-10-04,2,,,,0
2021,10,5,23,Oct,866,753,115,16.8,0.0,2021-10-5,2021-10-05,3,,,,0
2021,10,7,19,Oct,1785,1515,323,19.0,0.0,2021-10-7,2021-10-07,5,NYCC,11.0,21.0,1
2021,10,8,1,Oct,728,513,110,15.9,0.0,2021-10-8,2021-10-08,6,NYCC,10.0,19.0,0
2021,10,8,20,Oct,1871,1470,330,19.8,0.0,2021-10-8,2021-10-08,6,NYCC,10.0,19.0,0
2021,10,13,11,Oct,936,839,154,19.8,0.0,2021-10-13,2021-10-13,4,,,,0
2021,10,14,6,Oct,585,579,60,16.1,0.0,2021-10-14,2021-10-14,5,,,,0
2021,10,14,12,Oct,944,869,149,23.6,0.0,2021-10-14,2021-10-14,5,,,,0
2021,10,15,14,Oct,1126,1230,209,25.1,0.0,2021-10-15,2021-10-15,6,,,,0
2021,10,16,12,Oct,1407,1399,247,24.2,0.0,2021-10-16,2021-10-16,7,,,,0
2021,10,19,7,Oct,978,937,144,8.4,0.0,2021-10-19,2021-10-19,3,,,,0
2021,10,20,9,Oct,1162,1234,211,16.6,0.0,2021-10-20,2021-10-20,4,,,,0
2021,10,21,21,Oct,1739,1373,188,17.6,0.0,2021-10-21,2021-10-21,5,,,,0
2021,10,22,14,Oct,1039,1174,160,20.5,0.0,2021-10-22,2021-10-22,6,,,,0
2021,10,23,5,Oct,334,339,26,11.6,0.0,2021-10-23,2021-10-23,7,,,,0
2021,10,23,21,Oct,1839,1711,318,12.4,0.0,2021-10-23,2021-10-23,7,,,,0
2021,10,24,14,Oct,1241,1269,187,14.8,0.0,2021-10-24,2021-10-24,1,,,,0
2021,10,25,8,Oct,1187,1047,162,16.5,0.0,2021-10-25,2021-10-25,2,,,,0
2021,10,26,3,Oct,176,114,30,15.5,3.26,2021-10-26,2021-10-26,3,,,,0
2021,10,26,9,Oct,1122,1039,219,16.5,5.6,2021-10-26,2021-10-26,3,,,,0
2021,10,26,15,Oct,834,826,144,16.5,0.0,2021-10-26,2021-10-26,3,,,,0
2021,10,26,17,Oct,1140,1217,197,16.3,0.0,2021-10-26,2021-10-26,3,,,,0
2021,10,27,10,Oct,912,872,138,14.2,0.0,2021-10-27,2021-10-27,4,,,,0
2021,10,29,16,Oct,1246,1450,276,13.6,0.0,2021-10-29,2021-10-29,6,,,,0
2021,10,30,8,Oct,616,863,102,14.3,0.0,2021-10-30,2021-10-30,7,,,,0
2021,10,30,21,Oct,2483,2793,501,14.7,0.1,2021-10-30,2021-10-30,7,,,,0
2021,10,31,16,Oct,1271,1495,244,17.7,0.22,2021-10-31,2021-10-31,1,,,,0
2021,10,1,17,Oct,1329,1329,279,19.0,0.0,2021-10-1,2021-10-01,6,,,,0
2021,10,3,4,Oct,661,437,71,14.1,0.0,2021-10-3,2021-10-03,1,,,,0
2021,10,4,13,Oct,879,732,120,21.0,0.1,2021-10-4,2021-10-04,2,,,,0
2021,10,4,18,Oct,1275,1515,273,19.5,2.32,2021-10-4,2021-10-04,2,,,,0
2021,10,7,7,Oct,968,947,132,16.1,0.0,2021-10-7,2021-10-07,5,NYCC,11.0,21.0,0
2021,10,7,18,Oct,1567,1660,293,20.4,0.0,2021-10-7,2021-10-07,5,NYCC,11.0,21.0,1
2021,10,7,20,Oct,1571,1269,250,18.7,0.0,2021-10-7,2021-10-07,5,NYCC,11.0,21.0,1
2021,10,8,6,Oct,568,672,71,14.6,0.0,2021-10-8,2021-10-08,6,NYCC,10.0,19.0,0
2021,10,8,9,Oct,976,1245,204,18.1,0.0,2021-10-8,2021-10-08,6,NYCC,10.0,19.0,0
2021,10,10,15,Oct,1441,1360,244,18.6,0.5,2021-10-10,2021-10-10,1,NYCC,10.0,17.0,1
2021,10,13,4,Oct,159,172,22,16.1,0.0,2021-10-13,2021-10-13,4,,,,0
2021,10,13,16,Oct,933,1156,174,21.2,0.0,2021-10-13,2021-10-13,4,,,,0
2021,10,15,3,Oct,374,216,54,15.6,0.0,2021-10-15,2021-10-15,6,,,,0
2021,10,15,9,Oct,1042,1103,171,18.5,0.0,2021-10-15,2021-10-15,6,,,,0
2021,10,15,11,Oct,987,1142,171,22.7,0.0,2021-10-15,2021-10-15,6,,,,0
2021,10,15,16,Oct,1057,1338,220,23.9,0.0,2021-10-15,2021-10-15,6,,,,0
2021,10,17,14,Oct,1303,1382,219,17.3,0.0,2021-10-17,2021-10-17,1,,,,0
2021,10,19,16,Oct,1009,1075,181,19.2,0.0,2021-10-19,2021-10-19,3,,,,0
2021,10,20,12,Oct,956,904,161,22.1,0.0,2021-10-20,2021-10-20,4,,,,0
2021,10,21,2,Oct,305,189,37,15.0,0.0,2021-10-21,2021-10-21,5,,,,0
2021,10,21,18,Oct,1734,1803,355,18.5,0.0,2021-10-21,2021-10-21,5,,,,0
2021,10,24,9,Oct,851,1011,169,10.1,0.0,2021-10-24,2021-10-24,1,,,,0
2021,10,24,15,Oct,1235,1259,206,15.5,0.0,2021-10-24,2021-10-24,1,,,,0
2021,10,25,23,Oct,688,499,102,16.9,4.98,2021-10-25,2021-10-25,2,,,,0
2021,10,28,16,Oct,1079,1200,214,15.4,0.0,2021-10-28,2021-10-28,5,,,,0
2021,10,29,7,Oct,920,835,105,8.6,0.0,2021-10-29,2021-10-29,6,,,,0
2021,10,30,10,Oct,1115,1171,183,16.7,0.48,2021-10-30,2021-10-30,7,,,,0
2021,10,30,14,Oct,1401,1370,213,17.9,0.06,2021-10-30,2021-10-30,7,,,,0
2021,10,30,16,Oct,1608,1563,245,17.4,0.0,2021-10-30,2021-10-30,7,,,,0
2021,10,31,2,Oct,2667,1730,381,13.4,0.48,2021-10-31,2021-10-31,1,,,,0
2022,11,1,5,Nov,426,455,48,14.0,0.68,2022-11-1,2022-11-01,3,,,,0
2022,11,1,21,Nov,1989,1304,197,14.8,0.0,2022-11-1,2022-11-01,3,,,,0
2022,11,2,17,Nov,1592,1701,321,18.6,0.0,2022-11-2,2022-11-02,4,,,,0
2022,11,3,5,Nov,346,493,43,9.2,0.0,2022-11-3,2022-11-03,5,,,,0
2022,11,4,0,Nov,1348,840,156,10.3,0.0,2022-11-4,2022-11-04,6,,,,0
2022,11,4,4,Nov,404,285,31,10.8,0.0,2022-11-4,2022-11-04,6,,,,0
2022,11,5,14,Nov,2009,1725,291,22.6,0.0,2022-11-5,2022-11-05,7,,,,0
2022,11,6,0,Nov,1951,1615,277,18.4,0.0,2022-11-6,2022-11-06,1,,,,0
2022,11,6,2,Nov,978,683,117,18.0,0.0,2022-11-6,2022-11-06,1,,,,0
2022,11,6,3,Nov,717,468,91,18.0,0.0,2022-11-6,2022-11-06,1,,,,0
2022,11,6,5,Nov,534,385,42,18.3,0.0,2022-11-6,2022-11-06,1,,,,0
2022,11,7,7,Nov,1151,1000,148,18.4,0.06,2022-11-7,2022-11-07,2,,,,0
2022,11,14,9,Nov,1308,1575,407,4.0,0.0,2022-11-14,2022-11-14,2,,,,0
2022,11,14,13,Nov,1262,1025,215,7.2,0.0,2022-11-14,2022-11-14,2,,,,0
2022,11,15,14,Nov,1270,1194,202,7.2,0.0,2022-11-15,2022-11-15,3,,,,0
2022,11,16,14,Nov,1266,1159,208,10.9,0.0,2022-11-16,2022-11-16,4,,,,0
2022,11,16,18,Nov,1795,2210,393,8.4,0.0,2022-11-16,2022-11-16,4,,,,0
2022,11,18,21,Nov,2095,1782,322,3.5,0.32,2022-11-18,2022-11-18,6,AnimeNYC,13.0,19.0,0
2022,11,19,1,Nov,1774,1340,245,1.6,0.0,2022-11-19,2022-11-19,7,AnimeNYC,10.0,19.0,0
2022,11,19,12,Nov,1728,1986,382,2.6,0.0,2022-11-19,2022-11-19,7,AnimeNYC,10.0,19.0,1
2022,11,19,20,Nov,2141,1992,427,2.3,0.0,2022-11-19,2022-11-19,7,AnimeNYC,10.0,19.0,0
2022,11,20,3,Nov,1170,751,153,0.3,0.0,2022-11-20,2022-11-20,1,AnimeNYC,10.0,17.0,0
2022,11,20,5,Nov,421,428,53,-0.2,0.0,2022-11-20,2022-11-20,1,AnimeNYC,10.0,17.0,0
2022,11,21,14,Nov,1085,1136,171,3.4,0.0,2022-11-21,2022-11-21,2,,,,0
2022,11,24,12,Nov,689,686,124,8.5,0.0,2022-11-24,2022-11-24,5,,,,0
2022,11,30,23,Nov,1291,918,158,6.4,0.0,2022-11-30,2022-11-30,4,,,,0
2022,11,2,3,Nov,181,157,31,13.4,0.0,2022-11-2,2022-11-02,4,,,,0
2022,11,3,17,Nov,1847,2001,387,15.8,0.0,2022-11-3,2022-11-03,5,,,,0
2022,11,3,20,Nov,2139,1773,312,12.0,0.0,2022-11-3,2022-11-03,5,,,,0
2022,11,9,15,Nov,1207,1215,205,10.6,0.0,2022-11-9,2022-11-09,4,,,,0
2022,11,9,21,Nov,1955,1729,286,8.0,0.0,2022-11-9,2022-11-09,4,,,,0
2022,11,10,10,Nov,1185,1110,187,10.1,0.0,2022-11-10,2022-11-10,5,,,,0
2022,11,11,23,Nov,2264,2005,366,18.9,1.12,2022-11-11,2022-11-11,6,,,,0
2022,11,12,4,Nov,641,383,82,19.7,0.04,2022-11-12,2022-11-12,7,,,,0
2022,11,13,8,Nov,671,1210,293,10.5,0.3,2022-11-13,2022-11-13,1,,,,0
2022,11,14,4,Nov,326,179,35,3.9,0.0,2022-11-14,2022-11-14,2,,,,0
2022,11,14,22,Nov,1445,1125,218,2.7,0.0,2022-11-14,2022-11-14,2,,,,0
2022,11,16,13,Nov,1185,1094,185,10.4,0.0,2022-11-16,2022-11-16,4,,,,0
2022,11,19,4,Nov,788,373,109,-0.3,0.0,2022-11-19,2022-11-19,7,AnimeNYC,10.0,19.0,0
2022,11,20,20,Nov,1553,1406,260,-0.8,0.0,2022-11-20,2022-11-20,1,AnimeNYC,10.0,17.0,0
2022,11,22,13,Nov,1103,1154,149,8.1,0.0,2022-11-22,2022-11-22,3,,,,0
2022,11,22,14,Nov,1095,1209,183,8.8,0.0,2022-11-22,2022-11-22,3,,,,0
2022,11,22,16,Nov,1088,1505,214,9.5,0.0,2022-11-22,2022-11-22,3,,,,0
2022,11,23,15,Nov,1166,1321,218,11.7,0.0,2022-11-23,2022-11-23,4,,,,0
2022,11,24,18,Nov,1029,864,149,6.0,0.0,2022-11-24,2022-11-24,5,,,,0
2022,11,25,12,Nov,1124,986,170,8.9,0.5,2022-11-25,2022-11-25,6,,,,0
2022,11,26,8,Nov,478,612,91,4.6,0.0,2022-11-26,2022-11-26,7,,,,0
2022,11,28,23,Nov,986,648,110,4.8,0.0,2022-11-28,2022-11-28,2,,,,0
2022,11,30,1,Nov,360,259,30,1.1,0.0,2022-11-30,2022-11-30,4,,,,0
2022,11,5,5,Nov,367,354,30,15.0,0.0,2022-11-5,2022-11-05,7,,,,0
2022,11,6,10,Nov,1010,968,182,21.4,0.0,2022-11-6,2022-11-06,1,,,,0
2022,11,7,6,Nov,767,831,76,18.4,0.0,2022-11-7,2022-11-07,2,,,,0
2022,11,8,0,Nov,589,399,70,13.3,0.0,2022-11-8,2022-11-08,3,,,,0
2022,11,9,13,Nov,1062,1047,154,9.5,0.0,2022-11-9,2022-11-09,4,,,,0
2022,11,11,19,Nov,2537,2369,446,17.7,6.04,2022-11-11,2022-11-11,6,,,,0
2022,11,13,9,Nov,979,1744,339,10.2,0.3,2022-11-13,2022-11-13,1,,,,0
2022,11,16,3,Nov,245,143,25,7.7,2.26,2022-11-16,2022-11-16,4,,,,0
2022,11,16,23,Nov,1904,1090,288,5.0,0.0,2022-11-16,2022-11-16,4,,,,0
2022,11,18,5,Nov,471,549,61,0.8,0.0,2022-11-18,2022-11-18,6,AnimeNYC,13.0,19.0,0
2022,11,19,2,Nov,1562,976,204,0.9,0.0,2022-11-19,2022-11-19,7,AnimeNYC,10.0,19.0,0
2022,11,21,11,Nov,1093,1065,209,0.5,0.0,2022-11-21,2022-11-21,2,,,,0
2022,11,22,19,Nov,1448,1471,242,5.8,0.0,2022-11-22,2022-11-22,3,,,,0
2022,11,23,1,Nov,401,326,48,3.5,0.0,2022-11-23,2022-11-23,4,,,,0
2022,11,24,8,Nov,344,562,92,2.2,0.0,2022-11-24,2022-11-24,5,,,,0
2022,11,26,19,Nov,1604,1810,327,8.4,0.0,2022-11-26,2022-11-26,7,,,,0
2022,11,27,21,Nov,1434,901,220,13.9,1.44,2022-11-27,2022-11-27,1,,,,0
2022,11,29,10,Nov,1030,950,171,3.1,0.0,2022-11-29,2022-11-29,3,,,,0
2022,11,30,18,Nov,1814,1918,371,12.8,0.96,2022-11-30,2022-11-30,4,,,,0
2022,11,30,21,Nov,1996,1512,244,9.7,0.0,2022-11-30,2022-11-30,4,,,,0
2022,11,3,7,Nov,1120,1188,192,8.7,0.0,2022-11-3,2022-11-03,5,,,,0
2022,11,4,20,Nov,2060,1726,332,15.9,0.0,2022-11-4,2022-11-04,6,,,,0
2022,11,6,1,Nov,3012,2211,389,18.2,0.0,2022-11-6,2022-11-06,1,,,,0
2022,11,6,18,Nov,1685,1581,280,19.9,0.0,2022-11-6,2022-11-06,1,,,,0
2022,11,6,23,Nov,952,705,98,19.3,0.0,2022-11-6,2022-11-06,1,,,,0
2022,11,10,7,Nov,1223,1061,198,7.0,0.0,2022-11-10,2022-11-10,5,,,,0
2022,11,10,8,Nov,1589,1564,281,7.1,0.0,2022-11-10,2022-11-10,5,,,,0
2022,11,10,13,Nov,1173,1130,154,16.1,0.0,2022-11-10,2022-11-10,5,,,,0
2022,11,11,4,Nov,446,234,36,11.9,0.0,2022-11-11,2022-11-11,6,,,,0
2022,11,11,21,Nov,1905,1704,306,18.8,0.98,2022-11-11,2022-11-11,6,,,,0
2022,11,12,9,Nov,1040,1241,184,19.8,0.0,2022-11-12,2022-11-12,7,,,,0
2022,11,16,10,Nov,1182,1101,203,4.1,0.0,2022-11-16,2022-11-16,4,,,,0
2022,11,18,19,Nov,2596,2391,613,4.0,0.0,2022-11-18,2022-11-18,6,AnimeNYC,13.0,19.0,0
2022,11,19,0,Nov,2167,1782,348,2.2,0.0,2022-11-19,2022-11-19,7,AnimeNYC,10.0,19.0,0
2022,11,21,1,Nov,363,245,57,-2.6,0.0,2022-11-21,2022-11-21,2,,,,0
2022,11,22,11,Nov,1064,1024,164,6.2,0.0,2022-11-22,2022-11-22,3,,,,0
2022,11,26,2,Nov,801,462,113,5.3,0.0,2022-11-26,2022-11-26,7,,,,0
2022,11,26,21,Nov,1474,1261,212,8.3,0.0,2022-11-26,2022-11-26,7,,,,0
2022,11,30,14,Nov,1341,1174,249,12.7,0.86,2022-11-30,2022-11-30,4,,,,0
2022,11,1,8,Nov,1368,1177,232,14.3,0.0,2022-11-1,2022-11-01,3,,,,0
2022,11,3,6,Nov,790,865,97,8.8,0.0,2022-11-3,2022-11-03,5,,,,0
2022,11,3,8,Nov,1503,1698,323,9.8,0.0,2022-11-3,2022-11-03,5,,,,0
2022,11,3,11,Nov,1113,1121,188,15.2,0.0,2022-11-3,2022-11-03,5,,,,0
2022,11,5,7,Nov,513,709,80,15.3,0.0,2022-11-5,2022-11-05,7,,,,0
2022,11,10,5,Nov,412,473,43,6.9,0.0,2022-11-10,2022-11-10,5,,,,0
2022,11,10,23,Nov,1927,1312,274,12.9,0.0,2022-11-10,2022-11-10,5,,,,0
2022,11,11,13,Nov,1351,1298,292,17.6,0.86,2022-11-11,2022-11-11,6,,,,0
2022,11,13,5,Nov,491,376,50,12.1,0.1,2022-11-13,2022-11-13,1,,,,0
2022,11,15,20,Nov,2237,2032,417,5.5,1.08,2022-11-15,2022-11-15,3,,,,0
2022,11,18,6,Nov,750,836,114,0.6,0.0,2022-11-18,2022-11-18,6,AnimeNYC,13.0,19.0,0
2022,11,19,23,Nov,2663,2042,470,1.2,0.0,2022-11-19,2022-11-19,7,AnimeNYC,10.0,19.0,0
2022,11,23,23,Nov,1407,1048,240,4.0,0.0,2022-11-23,2022-11-23,4,,,,0
2022,11,24,2,Nov,599,366,102,2.1,0.0,2022-11-24,2022-11-24,5,,,,0
2022,11,24,3,Nov,555,253,67,2.2,0.0,2022-11-24,2022-11-24,5,,,,0
2022,11,24,11,Nov,699,717,155,6.9,0.0,2022-11-24,2022-11-24,5,,,,0
2022,11,26,13,Nov,1385,1366,264,10.3,0.0,2022-11-26,2022-11-26,7,,,,0
2022,11,28,2,Nov,276,165,42,10.9,0.0,2022-11-28,2022-11-28,2,,,,0
2022,11,29,9,Nov,1314,1256,275,1.9,0.0,2022-11-29,2022-11-29,3,,,,0
2022,11,30,22,Nov,1945,1368,234,8.6,0.0,2022-11-30,2022-11-30,4,,,,0
2022,11,1,4,Nov,593,196,55,13.9,1.88,2022-11-1,2022-11-01,3,,,,0
2022,11,2,18,Nov,1880,1964,306,14.9,0.0,2022-11-2,2022-11-02,4,,,,0
2022,11,4,14,Nov,1411,1358,260,19.7,0.0,2022-11-4,2022-11-04,6,,,,0
2022,11,5,23,Nov,2390,1936,374,18.5,0.0,2022-11-5,2022-11-05,7,,,,0
2022,11,7,3,Nov,273,166,25,18.7,0.2,2022-11-7,2022-11-07,2,,,,0
2022,11,9,6,Nov,756,734,73,4.6,0.0,2022-11-9,2022-11-09,4,,,,0
2022,11,9,22,Nov,1801,1477,242,7.7,0.0,2022-11-9,2022-11-09,4,,,,0
2022,11,11,14,Nov,1366,1282,275,17.8,1.0,2022-11-11,2022-11-11,6,,,,0
2022,11,12,8,Nov,688,971,99,18.8,0.1,2022-11-12,2022-11-12,7,,,,0
2022,11,12,14,Nov,1673,1780,262,20.3,0.0,2022-11-12,2022-11-12,7,,,,0
2022,11,17,8,Nov,1646,1411,273,3.1,0.0,2022-11-17,2022-11-17,5,,,,0
2022,11,18,1,Nov,891,553,123,2.6,0.0,2022-11-18,2022-11-18,6,AnimeNYC,13.0,19.0,0
2022,11,19,7,Nov,521,802,109,-1.7,0.0,2022-11-19,2022-11-19,7,AnimeNYC,10.0,19.0,0
2022,11,21,20,Nov,1248,1320,221,3.2,0.0,2022-11-21,2022-11-21,2,,,,0
2022,11,21,23,Nov,922,697,100,3.2,0.0,2022-11-21,2022-11-21,2,,,,0
2022,11,22,18,Nov,1323,1499,254,6.3,0.0,2022-11-22,2022-11-22,3,,,,0
2022,11,24,23,Nov,782,873,126,5.4,0.0,2022-11-24,2022-11-24,5,,,,0
2022,11,26,18,Nov,1758,1645,284,8.8,0.0,2022-11-26,2022-11-26,7,,,,0
2022,11,28,6,Nov,631,753,75,10.4,0.0,2022-11-28,2022-11-28,2,,,,0
2022,11,29,8,Nov,1481,1449,319,1.3,0.0,2022-11-29,2022-11-29,3,,,,0
2022,11,1,13,Nov,953,885,144,18.7,0.1,2022-11-1,2022-11-01,3,,,,0
2022,11,2,16,Nov,1350,1335,230,20.1,0.0,2022-11-2,2022-11-02,4,,,,0
2022,11,3,10,Nov,1047,1250,205,13.4,0.0,2022-11-3,2022-11-03,5,,,,0
2022,11,5,2,Nov,1454,873,178,15.7,0.0,2022-11-5,2022-11-05,7,,,,0
2022,11,5,4,Nov,569,291,72,15.3,0.0,2022-11-5,2022-11-05,7,,,,0
2022,11,6,20,Nov,1704,1379,246,19.4,0.0,2022-11-6,2022-11-06,1,,,,0
2022,11,7,16,Nov,1187,1261,168,22.7,0.0,2022-11-7,2022-11-07,2,,,,0
2022,11,9,11,Nov,1013,1050,163,7.6,0.0,2022-11-9,2022-11-09,4,,,,0
2022,11,9,17,Nov,1732,1802,309,9.7,0.0,2022-11-9,2022-11-09,4,,,,0
2022,11,10,17,Nov,1637,1948,330,15.1,0.0,2022-11-10,2022-11-10,5,,,,0
2022,11,13,6,Nov,436,579,72,10.9,1.06,2022-11-13,2022-11-13,1,,,,0
2022,11,20,13,Nov,1649,1980,355,2.3,0.0,2022-11-20,2022-11-20,1,AnimeNYC,10.0,17.0,1
2022,11,20,18,Nov,1853,1651,327,0.5,0.0,2022-11-20,2022-11-20,1,AnimeNYC,10.0,17.0,0
2022,11,21,15,Nov,1115,1205,195,4.1,0.0,2022-11-21,2022-11-21,2,,,,0
2022,11,22,15,Nov,1145,1317,165,9.4,0.0,2022-11-22,2022-11-22,3,,,,0
2022,11,24,16,Nov,1067,828,124,10.3,0.0,2022-11-24,2022-11-24,5,,,,0
2022,11,25,20,Nov,1175,1175,202,7.8,0.0,2022-11-25,2022-11-25,6,,,,0
2022,11,28,9,Nov,1164,1082,227,11.3,0.0,2022-11-28,2022-11-28,2,,,,0
2022,11,29,7,Nov,1109,944,158,0.2,0.0,2022-11-29,2022-11-29,3,,,,0
2022,11,29,12,Nov,1026,833,185,5.2,0.0,2022-11-29,2022-11-29,3,,,,0
2022,11,1,11,Nov,995,977,184,16.2,0.22,2022-11-1,2022-11-01,3,,,,0
2022,11,1,19,Nov,1562,1360,236,15.5,0.0,2022-11-1,2022-11-01,3,,,,0
2022,11,4,1,Nov,840,521,110,9.6,0.0,2022-11-4,2022-11-04,6,,,,0
2022,11,4,6,Nov,707,785,77,7.9,0.0,2022-11-4,2022-11-04,6,,,,0
2022,11,4,16,Nov,1592,1660,292,19.3,0.0,2022-11-4,2022-11-04,6,,,,0
2022,11,5,17,Nov,2023,2056,377,20.4,0.0,2022-11-5,2022-11-05,7,,,,0
2022,11,8,17,Nov,1624,1752,289,12.3,0.0,2022-11-8,2022-11-08,3,,,,0
2022,11,9,23,Nov,1398,1039,185,8.2,0.0,2022-11-9,2022-11-09,4,,,,0
2022,11,10,14,Nov,1264,1266,170,17.0,0.0,2022-11-10,2022-11-10,5,,,,0
2022,11,13,10,Nov,1225,1910,304,9.9,0.0,2022-11-13,2022-11-13,1,,,,0
2022,11,14,8,Nov,1446,1387,304,3.9,0.0,2022-11-14,2022-11-14,2,,,,0
2022,11,14,16,Nov,1459,1370,313,7.3,0.0,2022-11-14,2022-11-14,2,,,,0
2022,11,17,9,Nov,1465,1454,293,3.3,0.0,2022-11-17,2022-11-17,5,,,,0
2022,11,18,9,Nov,1285,1295,262,1.9,0.0,2022-11-18,2022-11-18,6,AnimeNYC,13.0,19.0,0
2022,11,19,10,Nov,1303,1776,325,0.5,0.0,2022-11-19,2022-11-19,7,AnimeNYC,10.0,19.0,1
2022,11,20,1,Nov,1709,1350,253,0.9,0.0,2022-11-20,2022-11-20,1,AnimeNYC,10.0,17.0,0
2022,11,22,5,Nov,362,584,51,1.2,0.0,2022-11-22,2022-11-22,3,,,,0
2022,11,22,8,Nov,1278,1082,199,1.1,0.0,2022-11-22,2022-11-22,3,,,,0
2022,11,23,2,Nov,301,239,33,3.3,0.0,2022-11-23,2022-11-23,4,,,,0
2022,11,23,16,Nov,1206,1521,252,11.4,0.0,2022-11-23,2022-11-23,4,,,,0
2022,11,24,7,Nov,386,597,71,1.3,0.0,2022-11-24,2022-11-24,5,,,,0
2022,11,25,18,Nov,1325,1560,262,10.1,0.0,2022-11-25,2022-11-25,6,,,,0
2022,11,26,7,Nov,322,385,45,4.7,0.0,2022-11-26,2022-11-26,7,,,,0
2022,11,28,11,Nov,907,900,150,10.9,0.0,2022-11-28,2022-11-28,2,,,,0
2022,11,29,18,Nov,1737,1830,377,3.7,0.0,2022-11-29,2022-11-29,3,,,,0
2022,11,2,5,Nov,289,466,35,12.4,0.0,2022-11-2,2022-11-02,4,,,,0
2022,11,4,2,Nov,567,345,87,8.9,0.0,2022-11-4,2022-11-04,6,,,,0
2022,11,6,16,Nov,1383,1630,253,21.7,2.74,2022-11-6,2022-11-06,1,,,,0
2022,11,8,22,Nov,1631,1207,229,9.0,0.0,2022-11-8,2022-11-08,3,,,,0
2022,11,9,18,Nov,1878,1802,355,7.5,0.0,2022-11-9,2022-11-09,4,,,,0
2022,11,10,12,Nov,1148,1162,207,14.4,0.0,2022-11-10,2022-11-10,5,,,,0
2022,11,11,11,Nov,1333,1216,268,17.4,0.54,2022-11-11,2022-11-11,6,,,,0
2022,11,11,16,Nov,1799,2021,466,17.4,1.58,2022-11-11,2022-11-11,6,,,,0
2022,11,13,1,Nov,2517,1414,311,13.9,0.0,2022-11-13,2022-11-13,1,,,,0
2022,11,13,4,Nov,880,439,97,13.3,0.0,2022-11-13,2022-11-13,1,,,,0
2022,11,13,13,Nov,1535,1671,293,10.2,0.0,2022-11-13,2022-11-13,1,,,,0
2022,11,13,15,Nov,1693,1582,320,12.1,0.0,2022-11-13,2022-11-13,1,,,,0
2022,11,13,19,Nov,1733,1537,358,8.7,0.0,2022-11-13,2022-11-13,1,,,,0
2022,11,16,15,Nov,1320,1244,225,11.3,0.0,2022-11-16,2022-11-16,4,,,,0
2022,11,17,15,Nov,1309,1322,260,8.3,0.0,2022-11-17,2022-11-17,5,,,,0
2022,11,18,12,Nov,1309,1462,263,5.0,0.0,2022-11-18,2022-11-18,6,AnimeNYC,13.0,19.0,0
2022,11,18,16,Nov,1565,1701,337,6.1,0.0,2022-11-18,2022-11-18,6,AnimeNYC,13.0,19.0,1
2022,11,18,18,Nov,2211,2096,480,4.8,0.0,2022-11-18,2022-11-18,6,AnimeNYC,13.0,19.0,1
2022,11,18,20,Nov,2203,1947,438,3.9,0.06,2022-11-18,2022-11-18,6,AnimeNYC,13.0,19.0,0
2022,11,21,22,Nov,1380,944,138,2.7,0.0,2022-11-21,2022-11-21,2,,,,0
2022,11,23,4,Nov,319,243,16,2.7,0.0,2022-11-23,2022-11-23,4,,,,0
2022,11,24,6,Nov,402,779,94,1.0,0.0,2022-11-24,2022-11-24,5,,,,0
2022,11,25,6,Nov,287,393,33,6.0,0.0,2022-11-25,2022-11-25,6,,,,0
2022,11,27,23,Nov,1000,655,122,13.2,0.0,2022-11-27,2022-11-27,1,,,,0
2022,11,30,0,Nov,655,474,90,1.7,0.0,2022-11-30,2022-11-30,4,,,,0
2022,11,3,14,Nov,1196,1239,177,18.0,0.0,2022-11-3,2022-11-03,5,,,,0
2022,11,4,7,Nov,1003,980,144,8.1,0.0,2022-11-4,2022-11-04,6,,,,0
2022,11,5,6,Nov,379,675,60,15.2,0.0,2022-11-5,2022-11-05,7,,,,0
2022,11,6,14,Nov,1253,1363,251,23.4,0.18,2022-11-6,2022-11-06,1,,,,0
2022,11,7,4,Nov,347,208,13,18.6,0.0,2022-11-7,2022-11-07,2,,,,0
2022,11,7,9,Nov,1246,1150,169,19.8,0.0,2022-11-7,2022-11-07,2,,,,0
2022,11,7,15,Nov,1136,1195,172,23.4,0.0,2022-11-7,2022-11-07,2,,,,0
2022,11,7,17,Nov,1503,1583,267,21.0,0.0,2022-11-7,2022-11-07,2,,,,0
2022,11,9,14,Nov,1239,1265,178,10.2,0.0,2022-11-9,2022-11-09,4,,,,0
2022,11,11,18,Nov,2593,2739,602,17.7,3.42,2022-11-11,2022-11-11,6,,,,0
2022,11,12,2,Nov,1395,912,166,19.5,0.0,2022-11-12,2022-11-12,7,,,,0
2022,11,14,17,Nov,1774,1662,405,6.5,0.0,2022-11-14,2022-11-14,2,,,,0
2022,11,15,0,Nov,555,463,83,2.0,0.0,2022-11-15,2022-11-15,3,,,,0
2022,11,16,7,Nov,1210,1091,208,9.2,0.4,2022-11-16,2022-11-16,4,,,,0
2022,11,16,19,Nov,2048,2177,445,7.8,0.0,2022-11-16,2022-11-16,4,,,,0
2022,11,17,2,Nov,462,254,90,3.6,0.0,2022-11-17,2022-11-17,5,,,,0
2022,11,17,17,Nov,1713,1960,350,6.8,0.0,2022-11-17,2022-11-17,5,,,,0
2022,11,19,18,Nov,2431,2309,450,2.8,0.0,2022-11-19,2022-11-19,7,AnimeNYC,10.0,19.0,1
2022,11,21,4,Nov,294,197,26,-3.2,0.0,2022-11-21,2022-11-21,2,,,,0
2022,11,21,21,Nov,1313,1176,185,2.8,0.0,2022-11-21,2022-11-21,2,,,,0
2022,11,22,7,Nov,1014,946,140,0.2,0.0,2022-11-22,2022-11-22,3,,,,0
2022,11,22,22,Nov,1412,989,150,4.5,0.0,2022-11-22,2022-11-22,3,,,,0
2022,11,24,9,Nov,418,732,107,3.4,0.0,2022-11-24,2022-11-24,5,,,,0
2022,11,25,8,Nov,498,497,93,7.2,0.5,2022-11-25,2022-11-25,6,,,,0
2022,11,25,14,Nov,1089,974,153,10.0,0.0,2022-11-25,2022-11-25,6,,,,0
2022,11,26,0,Nov,1129,904,206,6.1,0.0,2022-11-26,2022-11-26,7,,,,0
2022,11,27,2,Nov,1024,635,133,6.1,0.0,2022-11-27,2022-11-27,1,,,,0
2022,11,28,0,Nov,537,462,80,12.0,0.0,2022-11-28,2022-11-28,2,,,,0
2022,11,28,21,Nov,1667,1231,212,6.0,0.0,2022-11-28,2022-11-28,2,,,,0
2022,11,29,21,Nov,1965,1339,209,2.3,0.0,2022-11-29,2022-11-29,3,,,,0
2022,11,2,10,Nov,1038,1163,191,15.0,0.0,2022-11-2,2022-11-02,4,,,,0
2022,11,8,23,Nov,1176,830,121,8.5,0.0,2022-11-8,2022-11-08,3,,,,0
2022,11,9,10,Nov,1074,1019,171,6.4,0.0,2022-11-9,2022-11-09,4,,,,0
2022,11,15,11,Nov,1143,1033,187,5.1,0.0,2022-11-15,2022-11-15,3,,,,0
2022,11,15,13,Nov,1124,1017,199,6.6,0.0,2022-11-15,2022-11-15,3,,,,0
2022,11,16,17,Nov,1763,1872,360,9.3,0.0,2022-11-16,2022-11-16,4,,,,0
2022,11,16,22,Nov,2186,1563,296,5.4,0.0,2022-11-16,2022-11-16,4,,,,0
2022,11,17,10,Nov,1194,1210,252,4.2,0.0,2022-11-17,2022-11-17,5,,,,0
2022,11,20,11,Nov,1583,1985,337,1.5,0.0,2022-11-20,2022-11-20,1,AnimeNYC,10.0,17.0,1
2022,11,20,17,Nov,1863,1538,361,1.6,0.0,2022-11-20,2022-11-20,1,AnimeNYC,10.0,17.0,0
2022,11,20,22,Nov,1287,1135,179,-1.9,0.0,2022-11-20,2022-11-20,1,AnimeNYC,10.0,17.0,0
2022,11,22,6,Nov,680,864,75,0.8,0.0,2022-11-22,2022-11-22,3,,,,0
2022,11,23,3,Nov,279,234,29,3.0,0.0,2022-11-23,2022-11-23,4,,,,0
2022,11,24,22,Nov,971,1038,139,6.1,0.0,2022-11-24,2022-11-24,5,,,,0
2022,11,25,3,Nov,332,181,37,5.1,0.0,2022-11-25,2022-11-25,6,,,,0
2022,11,26,22,Nov,1994,1420,307,7.7,0.0,2022-11-26,2022-11-26,7,,,,0
2022,11,28,4,Nov,342,186,24,10.6,0.0,2022-11-28,2022-11-28,2,,,,0
2022,11,29,1,Nov,265,202,48,3.4,0.0,2022-11-29,2022-11-29,3,,,,0
2022,11,3,3,Nov,277,197,31,9.3,0.0,2022-11-3,2022-11-03,5,,,,0
2022,11,5,10,Nov,1283,1657,248,19.2,0.0,2022-11-5,2022-11-05,7,,,,0
2022,11,5,16,Nov,1880,1746,347,21.0,0.0,2022-11-5,2022-11-05,7,,,,0
2022,11,7,19,Nov,1336,1535,233,17.8,0.0,2022-11-7,2022-11-07,2,,,,0
2022,11,7,21,Nov,1515,1234,190,16.8,0.0,2022-11-7,2022-11-07,2,,,,0
2022,11,8,18,Nov,1756,1811,325,10.8,0.0,2022-11-8,2022-11-08,3,,,,0
2022,11,9,0,Nov,652,484,70,8.0,0.0,2022-11-9,2022-11-09,4,,,,0
2022,11,11,3,Nov,497,343,58,13.0,0.0,2022-11-11,2022-11-11,6,,,,0
2022,11,12,5,Nov,329,413,37,19.4,0.76,2022-11-12,2022-11-12,7,,,,0
2022,11,12,6,Nov,368,690,58,19.1,0.56,2022-11-12,2022-11-12,7,,,,0
2022,11,13,20,Nov,1656,1330,276,7.9,0.0,2022-11-13,2022-11-13,1,,,,0
2022,11,14,19,Nov,1553,1452,267,4.9,0.0,2022-11-14,2022-11-14,2,,,,0
2022,11,14,20,Nov,1545,1400,253,4.3,0.0,2022-11-14,2022-11-14,2,,,,0
2022,11,15,4,Nov,260,186,16,2.1,0.0,2022-11-15,2022-11-15,3,,,,0
2022,11,16,0,Nov,806,629,114,4.7,1.98,2022-11-16,2022-11-16,4,,,,0
2022,11,17,21,Nov,2398,1854,360,3.6,0.0,2022-11-17,2022-11-17,5,,,,0
2022,11,18,15,Nov,1317,1493,275,6.3,0.0,2022-11-18,2022-11-18,6,AnimeNYC,13.0,19.0,1
2022,11,20,6,Nov,455,719,72,0.9,0.0,2022-11-20,2022-11-20,1,AnimeNYC,10.0,17.0,0
2022,11,23,7,Nov,757,794,106,1.8,0.0,2022-11-23,2022-11-23,4,,,,0
2022,11,24,21,Nov,992,1073,126,6.7,0.0,2022-11-24,2022-11-24,5,,,,0
2022,11,25,16,Nov,1254,1248,221,12.0,0.0,2022-11-25,2022-11-25,6,,,,0
2022,11,27,11,Nov,1156,1124,191,9.6,0.0,2022-11-27,2022-11-27,1,,,,0
2022,11,29,5,Nov,317,417,35,1.4,0.0,2022-11-29,2022-11-29,3,,,,0
2022,11,30,13,Nov,1371,1275,328,12.0,1.52,2022-11-30,2022-11-30,4,,,,0
2022,11,3,1,Nov,488,323,64,10.0,0.0,2022-11-3,2022-11-03,5,,,,0
2022,11,10,21,Nov,2269,1679,266,13.8,0.0,2022-11-10,2022-11-10,5,,,,0
2022,11,12,7,Nov,464,666,90,19.3,0.0,2022-11-12,2022-11-12,7,,,,0
2022,11,12,11,Nov,1540,1631,255,20.2,0.0,2022-11-12,2022-11-12,7,,,,0
2022,11,13,16,Nov,1872,1628,399,11.3,0.0,2022-11-13,2022-11-13,1,,,,0
2022,11,14,6,Nov,805,850,83,3.3,0.0,2022-11-14,2022-11-14,2,,,,0
2022,11,17,14,Nov,1382,1317,248,7.8,0.0,2022-11-17,2022-11-17,5,,,,0
2022,11,18,10,Nov,1274,1286,226,3.0,0.0,2022-11-18,2022-11-18,6,AnimeNYC,13.0,19.0,0
2022,11,18,14,Nov,1301,1361,266,6.4,0.0,2022-11-18,2022-11-18,6,AnimeNYC,13.0,19.0,1
2022,11,21,10,Nov,1099,1018,173,-1.0,0.0,2022-11-21,2022-11-21,2,,,,0
2022,11,23,19,Nov,1330,1646,286,4.6,0.0,2022-11-23,2022-11-23,4,,,,0
2022,11,24,14,Nov,856,680,129,10.4,0.0,2022-11-24,2022-11-24,5,,,,0
2022,11,27,12,Nov,1561,1492,309,9.8,0.0,2022-11-27,2022-11-27,1,,,,0
2022,11,29,17,Nov,1703,1777,354,5.1,0.0,2022-11-29,2022-11-29,3,,,,0
2022,11,1,1,Nov,826,470,139,14.2,0.58,2022-11-1,2022-11-01,3,,,,0
2022,11,1,6,Nov,720,738,66,13.6,0.04,2022-11-1,2022-11-01,3,,,,0
2022,11,2,6,Nov,702,765,99,11.5,0.0,2022-11-2,2022-11-02,4,,,,0
2022,11,4,5,Nov,430,504,45,10.0,0.0,2022-11-4,2022-11-04,6,,,,0
2022,11,4,8,Nov,1141,1371,262,8.9,0.0,2022-11-4,2022-11-04,6,,,,0
2022,11,5,22,Nov,2589,1946,376,18.5,0.0,2022-11-5,2022-11-05,7,,,,0
2022,11,7,23,Nov,1038,721,124,14.5,0.0,2022-11-7,2022-11-07,2,,,,0
2022,11,9,3,Nov,184,161,17,5.9,0.0,2022-11-9,2022-11-09,4,,,,0
2022,11,12,16,Nov,1973,2181,349,20.3,0.0,2022-11-12,2022-11-12,7,,,,0
2022,11,14,12,Nov,1249,1065,250,6.5,0.0,2022-11-14,2022-11-14,2,,,,0
2022,11,15,8,Nov,1689,1492,295,2.1,0.0,2022-11-15,2022-11-15,3,,,,0
2022,11,15,17,Nov,1656,1830,361,7.5,0.04,2022-11-15,2022-11-15,3,,,,0
2022,11,16,2,Nov,341,225,38,6.6,4.08,2022-11-16,2022-11-16,4,,,,0
2022,11,17,4,Nov,392,220,35,2.7,0.0,2022-11-17,2022-11-17,5,,,,0
2022,11,17,22,Nov,2399,1741,322,3.1,0.0,2022-11-17,2022-11-17,5,,,,0
2022,11,18,17,Nov,1757,1916,410,5.8,0.0,2022-11-18,2022-11-18,6,AnimeNYC,13.0,19.0,1
2022,11,20,0,Nov,2162,1719,340,1.0,0.0,2022-11-20,2022-11-20,1,AnimeNYC,10.0,17.0,0
2022,11,22,20,Nov,1279,1194,224,5.5,0.0,2022-11-22,2022-11-22,3,,,,0
2022,11,23,12,Nov,1191,1270,159,10.4,0.0,2022-11-23,2022-11-23,4,,,,0
2022,11,24,0,Nov,885,790,185,2.9,0.0,2022-11-24,2022-11-24,5,,,,0
2022,11,27,17,Nov,1865,1529,373,10.3,1.26,2022-11-27,2022-11-27,1,,,,0
2022,11,28,3,Nov,231,133,32,10.5,0.0,2022-11-28,2022-11-28,2,,,,0
2022,11,29,22,Nov,1601,1118,189,2.1,0.0,2022-11-29,2022-11-29,3,,,,0
2022,11,29,23,Nov,1197,760,141,2.0,0.0,2022-11-29,2022-11-29,3,,,,0
2022,11,2,9,Nov,1388,1242,224,13.0,0.0,2022-11-2,2022-11-02,4,,,,0
2022,11,2,13,Nov,944,982,182,19.3,0.0,2022-11-2,2022-11-02,4,,,,0
2022,11,4,17,Nov,1871,1828,343,18.0,0.0,2022-11-4,2022-11-04,6,,,,0
2022,11,4,18,Nov,2217,2015,360,16.2,0.0,2022-11-4,2022-11-04,6,,,,0
2022,11,5,15,Nov,1826,1689,296,21.8,0.0,2022-11-5,2022-11-05,7,,,,0
2022,11,6,12,Nov,1251,1214,234,23.3,0.0,2022-11-6,2022-11-06,1,,,,0
2022,11,8,8,Nov,1486,1354,274,7.9,0.0,2022-11-8,2022-11-08,3,,,,0
2022,11,10,16,Nov,1366,1604,222,17.3,0.0,2022-11-10,2022-11-10,5,,,,0
2022,11,10,19,Nov,2059,2057,383,12.3,0.0,2022-11-10,2022-11-10,5,,,,0
2022,11,11,2,Nov,695,434,87,13.7,0.0,2022-11-11,2022-11-11,6,,,,0
2022,11,12,22,Nov,2437,2153,403,14.3,0.0,2022-11-12,2022-11-12,7,,,,0
2022,11,13,14,Nov,1674,1651,319,11.6,0.0,2022-11-13,2022-11-13,1,,,,0
2022,11,14,11,Nov,1071,1154,232,5.7,0.0,2022-11-14,2022-11-14,2,,,,0
2022,11,14,18,Nov,1866,1817,379,5.4,0.0,2022-11-14,2022-11-14,2,,,,0
2022,11,14,23,Nov,1034,832,161,2.3,0.0,2022-11-14,2022-11-14,2,,,,0
2022,11,15,5,Nov,396,479,50,2.2,0.0,2022-11-15,2022-11-15,3,,,,0
2022,11,15,21,Nov,2354,2022,388,4.5,1.7,2022-11-15,2022-11-15,3,,,,0
2022,11,16,11,Nov,1065,1093,234,5.8,0.0,2022-11-16,2022-11-16,4,,,,0
2022,11,16,12,Nov,1170,1142,207,7.9,0.0,2022-11-16,2022-11-16,4,,,,0
2022,11,17,12,Nov,1291,1217,204,6.9,0.0,2022-11-17,2022-11-17,5,,,,0
2022,11,20,8,Nov,604,1117,122,0.6,0.0,2022-11-20,2022-11-20,1,AnimeNYC,10.0,17.0,0
2022,11,20,14,Nov,1775,1828,339,2.1,0.0,2022-11-20,2022-11-20,1,AnimeNYC,10.0,17.0,1
2022,11,21,2,Nov,238,194,31,-2.9,0.0,2022-11-21,2022-11-21,2,,,,0
2022,11,30,7,Nov,1190,987,156,5.5,0.0,2022-11-30,2022-11-30,4,,,,0
2022,11,30,15,Nov,1419,1355,342,12.8,1.62,2022-11-30,2022-11-30,4,,,,0
2022,11,1,2,Nov,716,326,105,14.4,0.48,2022-11-1,2022-11-01,3,,,,0
2022,11,2,8,Nov,1508,1448,251,11.6,0.0,2022-11-2,2022-11-02,4,,,,0
2022,11,3,9,Nov,1355,1487,272,11.5,0.0,2022-11-3,2022-11-03,5,,,,0
2022,11,3,13,Nov,1143,1108,205,17.5,0.0,2022-11-3,2022-11-03,5,,,,0
2022,11,4,15,Nov,1636,1525,255,20.0,0.0,2022-11-4,2022-11-04,6,,,,0
2022,11,5,21,Nov,2148,1726,325,18.4,0.0,2022-11-5,2022-11-05,7,,,,0
2022,11,8,3,Nov,173,161,26,9.8,0.0,2022-11-8,2022-11-08,3,,,,0
2022,11,14,3,Nov,279,167,47,4.1,0.0,2022-11-14,2022-11-14,2,,,,0
2022,11,15,18,Nov,1796,2315,469,7.1,0.1,2022-11-15,2022-11-15,3,,,,0
2022,11,17,18,Nov,2022,2289,479,5.5,0.0,2022-11-17,2022-11-17,5,,,,0
2022,11,19,8,Nov,726,1230,152,-1.1,0.0,2022-11-19,2022-11-19,7,AnimeNYC,10.0,19.0,0
2022,11,21,0,Nov,591,455,82,-2.3,0.0,2022-11-21,2022-11-21,2,,,,0
2022,11,26,5,Nov,299,287,25,5.2,0.0,2022-11-26,2022-11-26,7,,,,0
2022,11,26,6,Nov,286,420,40,5.2,0.0,2022-11-26,2022-11-26,7,,,,0
2022,11,27,10,Nov,922,1144,180,8.3,0.0,2022-11-27,2022-11-27,1,,,,0
2022,11,27,14,Nov,1917,1760,452,10.2,0.2,2022-11-27,2022-11-27,1,,,,0
2022,11,28,5,Nov,379,490,39,10.7,0.0,2022-11-28,2022-11-28,2,,,,0
2022,11,28,16,Nov,1152,1114,218,10.3,0.0,2022-11-28,2022-11-28,2,,,,0
2022,11,29,15,Nov,1144,1031,201,6.3,0.0,2022-11-29,2022-11-29,3,,,,0
2022,11,30,6,Nov,697,689,63,4.1,0.0,2022-11-30,2022-11-30,4,,,,0
2022,11,1,7,Nov,979,833,133,13.4,0.0,2022-11-1,2022-11-01,3,,,,0
2022,11,2,2,Nov,217,199,26,13.6,0.0,2022-11-2,2022-11-02,4,,,,0
2022,11,2,22,Nov,1867,1291,239,13.1,0.0,2022-11-2,2022-11-02,4,,,,0
2022,11,3,0,Nov,718,551,113,10.3,0.0,2022-11-3,2022-11-03,5,,,,0
2022,11,7,13,Nov,1069,994,149,23.8,0.0,2022-11-7,2022-11-07,2,,,,0
2022,11,12,23,Nov,2536,2158,372,14.3,0.0,2022-11-12,2022-11-12,7,,,,0
2022,11,15,23,Nov,1407,1147,261,4.4,1.9,2022-11-15,2022-11-15,3,,,,0
2022,11,17,13,Nov,1237,1271,218,7.6,0.0,2022-11-17,2022-11-17,5,,,,0
2022,11,17,19,Nov,2229,2301,440,4.8,0.0,2022-11-17,2022-11-17,5,,,,0
2022,11,18,22,Nov,2693,2103,489,3.3,0.0,2022-11-18,2022-11-18,6,AnimeNYC,13.0,19.0,0
2022,11,19,14,Nov,1764,1744,369,3.9,0.0,2022-11-19,2022-11-19,7,AnimeNYC,10.0,19.0,1
2022,11,22,3,Nov,206,209,22,2.0,0.0,2022-11-22,2022-11-22,3,,,,0
2022,11,22,10,Nov,1039,1102,171,3.8,0.0,2022-11-22,2022-11-22,3,,,,0
2022,11,22,23,Nov,1076,751,114,4.2,0.0,2022-11-22,2022-11-22,3,,,,0
2022,11,24,4,Nov,460,227,54,2.0,0.0,2022-11-24,2022-11-24,5,,,,0
2022,11,24,20,Nov,980,1007,124,7.1,0.0,2022-11-24,2022-11-24,5,,,,0
2022,11,25,17,Nov,1184,1329,248,11.4,0.0,2022-11-25,2022-11-25,6,,,,0
2022,11,26,3,Nov,729,357,106,5.2,0.0,2022-11-26,2022-11-26,7,,,,0
2022,11,27,0,Nov,1400,1119,230,6.9,0.0,2022-11-27,2022-11-27,1,,,,0
2022,11,27,20,Nov,1702,1060,244,13.0,0.6,2022-11-27,2022-11-27,1,,,,0
2022,11,28,12,Nov,1101,879,171,11.1,0.0,2022-11-28,2022-11-28,2,,,,0
2022,11,30,16,Nov,1501,1501,352,12.6,2.6,2022-11-30,2022-11-30,4,,,,0
2022,11,1,12,Nov,1029,910,145,17.2,0.06,2022-11-1,2022-11-01,3,,,,0
2022,11,1,16,Nov,1135,1297,216,19.6,0.0,2022-11-1,2022-11-01,3,,,,0
2022,11,1,18,Nov,1691,1839,300,15.9,0.0,2022-11-1,2022-11-01,3,,,,0
2022,11,2,21,Nov,2153,1447,237,14.7,0.0,2022-11-2,2022-11-02,4,,,,0
2022,11,3,4,Nov,279,205,31,9.0,0.0,2022-11-3,2022-11-03,5,,,,0
2022,11,4,13,Nov,1468,1335,247,18.8,0.0,2022-11-4,2022-11-04,6,,,,0
2022,11,5,11,Nov,1658,1725,269,21.2,0.0,2022-11-5,2022-11-05,7,,,,0
2022,11,6,19,Nov,1932,1537,298,19.3,0.0,2022-11-6,2022-11-06,1,,,,0
2022,11,6,22,Nov,1243,1033,155,19.4,0.0,2022-11-6,2022-11-06,1,,,,0
2022,11,8,7,Nov,1155,987,142,7.9,0.0,2022-11-8,2022-11-08,3,,,,0
2022,11,10,1,Nov,516,354,78,7.4,0.0,2022-11-10,2022-11-10,5,,,,0
2022,11,10,9,Nov,1301,1339,213,8.1,0.0,2022-11-10,2022-11-10,5,,,,0
2022,11,16,8,Nov,1608,1516,340,4.3,0.16,2022-11-16,2022-11-16,4,,,,0
2022,11,17,11,Nov,1227,1206,212,5.6,0.0,2022-11-17,2022-11-17,5,,,,0
2022,11,18,11,Nov,1153,1339,242,4.0,0.0,2022-11-18,2022-11-18,6,AnimeNYC,13.0,19.0,0
2022,11,19,3,Nov,1152,663,147,0.3,0.0,2022-11-19,2022-11-19,7,AnimeNYC,10.0,19.0,0
2022,11,20,21,Nov,1438,1304,229,-1.7,0.0,2022-11-20,2022-11-20,1,AnimeNYC,10.0,17.0,0
2022,11,21,7,Nov,1105,902,150,-3.5,0.0,2022-11-21,2022-11-21,2,,,,0
2022,11,25,0,Nov,618,582,89,5.1,0.0,2022-11-25,2022-11-25,6,,,,0
2022,11,25,2,Nov,328,281,46,4.9,0.0,2022-11-25,2022-11-25,6,,,,0
2022,11,25,4,Nov,243,169,30,5.3,0.0,2022-11-25,2022-11-25,6,,,,0
2022,11,25,5,Nov,229,263,25,5.6,0.0,2022-11-25,2022-11-25,6,,,,0
2022,11,25,9,Nov,652,610,91,7.3,0.54,2022-11-25,2022-11-25,6,,,,0
2022,11,29,2,Nov,195,158,28,2.7,0.0,2022-11-29,2022-11-29,3,,,,0
2022,11,30,9,Nov,1447,1385,314,8.4,0.0,2022-11-30,2022-11-30,4,,,,0
2022,11,30,10,Nov,1114,1125,231,10.4,0.04,2022-11-30,2022-11-30,4,,,,0
2022,11,4,10,Nov,1126,1264,184,12.2,0.0,2022-11-4,2022-11-04,6,,,,0
2022,11,5,8,Nov,799,1038,112,15.9,0.0,2022-11-5,2022-11-05,7,,,,0
2022,11,5,12,Nov,1949,1749,320,22.8,0.0,2022-11-5,2022-11-05,7,,,,0
2022,11,6,6,Nov,547,551,43,18.1,0.0,2022-11-6,2022-11-06,1,,,,0
2022,11,7,11,Nov,1028,992,158,22.4,0.0,2022-11-7,2022-11-07,2,,,,0
2022,11,8,1,Nov,337,220,40,11.8,0.0,2022-11-8,2022-11-08,3,,,,0
2022,11,8,21,Nov,2037,1371,245,9.8,0.0,2022-11-8,2022-11-08,3,,,,0
2022,11,10,4,Nov,358,196,25,7.1,0.0,2022-11-10,2022-11-10,5,,,,0
2022,11,11,12,Nov,1321,1289,322,17.5,1.3,2022-11-11,2022-11-11,6,,,,0
2022,11,13,7,Nov,498,697,88,10.3,1.22,2022-11-13,2022-11-13,1,,,,0
2022,11,13,21,Nov,1872,1327,319,6.8,0.0,2022-11-13,2022-11-13,1,,,,0
2022,11,14,7,Nov,1142,993,170,3.2,0.0,2022-11-14,2022-11-14,2,,,,0
2022,11,18,4,Nov,430,258,35,1.0,0.0,2022-11-18,2022-11-18,6,AnimeNYC,13.0,19.0,0
2022,11,18,8,Nov,1276,1255,253,1.4,0.0,2022-11-18,2022-11-18,6,AnimeNYC,13.0,19.0,0
2022,11,19,17,Nov,2158,2204,457,3.8,0.0,2022-11-19,2022-11-19,7,AnimeNYC,10.0,19.0,1
2022,11,19,22,Nov,2878,2009,429,1.8,0.0,2022-11-19,2022-11-19,7,AnimeNYC,10.0,19.0,0
2022,11,20,4,Nov,756,431,80,-0.3,0.0,2022-11-20,2022-11-20,1,AnimeNYC,10.0,17.0,0
2022,11,23,13,Nov,1124,1254,204,11.0,0.0,2022-11-23,2022-11-23,4,,,,0
2022,11,27,18,Nov,1914,1466,359,11.7,0.2,2022-11-27,2022-11-27,1,,,,0
2022,11,28,22,Nov,1107,958,149,5.5,0.0,2022-11-28,2022-11-28,2,,,,0
2022,11,1,15,Nov,1044,1094,158,19.4,0.0,2022-11-1,2022-11-01,3,,,,0
2022,11,2,11,Nov,1053,1127,180,17.1,0.0,2022-11-2,2022-11-02,4,,,,0
2022,11,2,23,Nov,1325,947,170,10.6,0.0,2022-11-2,2022-11-02,4,,,,0
2022,11,9,20,Nov,1910,1753,284,8.6,0.0,2022-11-9,2022-11-09,4,,,,0
2022,11,10,2,Nov,422,240,42,7.1,0.0,2022-11-10,2022-11-10,5,,,,0
2022,11,17,16,Nov,1381,1647,275,7.8,0.0,2022-11-17,2022-11-17,5,,,,0
2022,11,20,7,Nov,540,680,68,0.5,0.0,2022-11-20,2022-11-20,1,AnimeNYC,10.0,17.0,0
2022,11,22,17,Nov,1265,1520,249,8.2,0.0,2022-11-22,2022-11-22,3,,,,0
2022,11,23,18,Nov,1311,1624,263,5.8,0.0,2022-11-23,2022-11-23,4,,,,0
2022,11,24,5,Nov,421,519,45,1.5,0.0,2022-11-24,2022-11-24,5,,,,0
2022,11,25,21,Nov,1260,1082,217,8.1,0.0,2022-11-25,2022-11-25,6,,,,0
2022,11,27,5,Nov,292,324,22,5.8,0.0,2022-11-27,2022-11-27,1,,,,0
2022,11,27,6,Nov,347,486,41,5.8,0.0,2022-11-27,2022-11-27,1,,,,0
2022,11,28,1,Nov,357,266,45,11.5,0.0,2022-11-28,2022-11-28,2,,,,0
2022,11,28,10,Nov,954,904,181,10.5,0.0,2022-11-28,2022-11-28,2,,,,0
2022,11,29,3,Nov,168,111,22,2.2,0.0,2022-11-29,2022-11-29,3,,,,0
2022,11,30,3,Nov,166,175,14,2.1,0.0,2022-11-30,2022-11-30,4,,,,0
2022,11,1,9,Nov,1321,1220,210,15.2,0.0,2022-11-1,2022-11-01,3,,,,0
2022,11,2,15,Nov,1200,1379,223,20.2,0.0,2022-11-2,2022-11-02,4,,,,0
2022,11,4,9,Nov,1188,1324,220,9.7,0.0,2022-11-4,2022-11-04,6,,,,0
2022,11,4,22,Nov,2455,1958,372,16.2,0.0,2022-11-4,2022-11-04,6,,,,0
2022,11,6,7,Nov,526,529,66,17.7,0.0,2022-11-6,2022-11-06,1,,,,0
2022,11,6,11,Nov,1229,1151,177,22.4,0.0,2022-11-6,2022-11-06,1,,,,0
2022,11,8,4,Nov,223,185,17,9.1,0.0,2022-11-8,2022-11-08,3,,,,0
2022,11,8,16,Nov,1236,1401,224,13.3,0.0,2022-11-8,2022-11-08,3,,,,0
2022,11,10,11,Nov,1132,1103,173,12.3,0.0,2022-11-10,2022-11-10,5,,,,0
2022,11,11,8,Nov,1117,1162,193,16.2,0.0,2022-11-11,2022-11-11,6,,,,0
2022,11,11,10,Nov,1100,1169,227,16.1,0.04,2022-11-11,2022-11-11,6,,,,0
2022,11,11,22,Nov,2604,2024,370,18.9,0.16,2022-11-11,2022-11-11,6,,,,0
2022,11,12,1,Nov,1621,1300,216,19.3,0.0,2022-11-12,2022-11-12,7,,,,0
2022,11,12,10,Nov,1363,1478,237,19.7,0.0,2022-11-12,2022-11-12,7,,,,0
2022,11,13,3,Nov,1349,779,182,13.7,0.0,2022-11-13,2022-11-13,1,,,,0
2022,11,13,11,Nov,1496,1951,302,9.9,0.0,2022-11-13,2022-11-13,1,,,,0
2022,11,13,23,Nov,1112,898,167,6.0,0.0,2022-11-13,2022-11-13,1,,,,0
2022,11,15,22,Nov,2050,1722,379,4.3,1.76,2022-11-15,2022-11-15,3,,,,0
2022,11,16,21,Nov,2154,1796,300,6.3,0.0,2022-11-16,2022-11-16,4,,,,0
2022,11,18,0,Nov,1312,998,158,2.5,0.0,2022-11-18,2022-11-18,6,AnimeNYC,13.0,19.0,0
2022,11,19,9,Nov,1091,1781,239,-0.7,0.0,2022-11-19,2022-11-19,7,AnimeNYC,10.0,19.0,0
2022,11,19,13,Nov,1752,1928,372,3.4,0.0,2022-11-19,2022-11-19,7,AnimeNYC,10.0,19.0,1
2022,11,21,8,Nov,1365,1116,186,-2.7,0.0,2022-11-21,2022-11-21,2,,,,0
2022,11,21,17,Nov,1329,1546,262,3.7,0.0,2022-11-21,2022-11-21,2,,,,0
2022,11,22,0,Nov,543,404,50,3.4,0.0,2022-11-22,2022-11-22,3,,,,0
2022,11,22,21,Nov,1334,1097,170,4.9,0.0,2022-11-22,2022-11-22,3,,,,0
2022,11,23,8,Nov,871,938,146,3.4,0.0,2022-11-23,2022-11-23,4,,,,0
2022,11,24,19,Nov,986,901,120,6.6,0.0,2022-11-24,2022-11-24,5,,,,0
2022,11,26,16,Nov,1715,1452,283,12.3,0.0,2022-11-26,2022-11-26,7,,,,0
2022,11,27,4,Nov,596,287,75,6.1,0.0,2022-11-27,2022-11-27,1,,,,0
2022,11,27,9,Nov,617,988,124,7.1,0.0,2022-11-27,2022-11-27,1,,,,0
2022,11,28,7,Nov,1008,891,175,10.6,0.0,2022-11-28,2022-11-28,2,,,,0
2022,11,29,13,Nov,1082,924,170,5.8,0.0,2022-11-29,2022-11-29,3,,,,0
2022,11,1,17,Nov,1505,1745,243,18.7,0.0,2022-11-1,2022-11-01,3,,,,0
2022,11,3,15,Nov,1415,1284,217,17.9,0.0,2022-11-3,2022-11-03,5,,,,0
2022,11,3,21,Nov,2466,1627,373,12.2,0.0,2022-11-3,2022-11-03,5,,,,0
2022,11,7,8,Nov,1341,1208,220,18.8,0.0,2022-11-7,2022-11-07,2,,,,0
2022,11,8,5,Nov,352,428,38,8.6,0.0,2022-11-8,2022-11-08,3,,,,0
2022,11,8,11,Nov,997,936,163,11.1,0.0,2022-11-8,2022-11-08,3,,,,0
2022,11,10,3,Nov,362,173,32,7.2,0.0,2022-11-10,2022-11-10,5,,,,0
2022,11,10,18,Nov,1969,2111,392,12.8,0.0,2022-11-10,2022-11-10,5,,,,0
2022,11,12,3,Nov,1138,600,154,19.8,0.0,2022-11-12,2022-11-12,7,,,,0
2022,11,12,19,Nov,2332,2526,439,16.4,0.0,2022-11-12,2022-11-12,7,,,,0
2022,11,12,20,Nov,1991,2022,398,15.1,0.0,2022-11-12,2022-11-12,7,,,,0
2022,11,13,17,Nov,2047,1674,493,10.5,0.0,2022-11-13,2022-11-13,1,,,,0
2022,11,14,21,Nov,1622,1440,264,3.3,0.0,2022-11-14,2022-11-14,2,,,,0
2022,11,16,1,Nov,453,301,69,5.8,2.58,2022-11-16,2022-11-16,4,,,,0
2022,11,18,23,Nov,2484,2208,419,2.8,0.0,2022-11-18,2022-11-18,6,AnimeNYC,13.0,19.0,0
2022,11,19,11,Nov,1619,1961,337,1.7,0.0,2022-11-19,2022-11-19,7,AnimeNYC,10.0,19.0,1
2022,11,21,19,Nov,1368,1580,265,2.8,0.0,2022-11-21,2022-11-21,2,,,,0
2022,11,22,1,Nov,360,242,42,2.8,0.0,2022-11-22,2022-11-22,3,,,,0
2022,11,24,1,Nov,713,543,104,2.3,0.0,2022-11-24,2022-11-24,5,,,,0
2022,11,24,17,Nov,1083,869,156,9.0,0.0,2022-11-24,2022-11-24,5,,,,0
2022,11,25,13,Nov,1189,1039,172,8.7,0.3,2022-11-25,2022-11-25,6,,,,0
2022,11,1,3,Nov,658,202,107,14.3,1.22,2022-11-1,2022-11-01,3,,,,0
2022,11,4,12,Nov,1389,1292,223,17.3,0.0,2022-11-4,2022-11-04,6,,,,0
2022,11,5,3,Nov,955,582,113,15.3,0.0,2022-11-5,2022-11-05,7,,,,0
2022,11,5,18,Nov,2230,2305,414,19.5,0.0,2022-11-5,2022-11-05,7,,,,0
2022,11,7,14,Nov,1111,1088,182,23.9,0.0,2022-11-7,2022-11-07,2,,,,0
2022,11,7,18,Nov,1510,1689,273,19.1,0.0,2022-11-7,2022-11-07,2,,,,0
2022,11,7,22,Nov,1752,1001,200,15.8,0.0,2022-11-7,2022-11-07,2,,,,0
2022,11,8,2,Nov,234,165,24,10.6,0.0,2022-11-8,2022-11-08,3,,,,0
2022,11,8,13,Nov,986,933,155,12.8,0.0,2022-11-8,2022-11-08,3,,,,0
2022,11,9,4,Nov,245,180,13,5.3,0.0,2022-11-9,2022-11-09,4,,,,0
2022,11,12,12,Nov,1656,1673,300,19.9,0.0,2022-11-12,2022-11-12,7,,,,0
2022,11,12,21,Nov,2215,2039,379,15.4,0.3,2022-11-12,2022-11-12,7,,,,0
2022,11,15,15,Nov,1254,1271,197,7.6,0.0,2022-11-15,2022-11-15,3,,,,0
2022,11,16,6,Nov,813,812,96,9.9,0.2,2022-11-16,2022-11-16,4,,,,0
2022,11,16,9,Nov,1528,1438,323,4.0,0.2,2022-11-16,2022-11-16,4,,,,0
2022,11,17,7,Nov,1272,1096,173,2.3,0.0,2022-11-17,2022-11-17,5,,,,0
2022,11,19,5,Nov,440,436,39,-0.8,0.0,2022-11-19,2022-11-19,7,AnimeNYC,10.0,19.0,0
2022,11,19,6,Nov,461,739,80,-1.3,0.0,2022-11-19,2022-11-19,7,AnimeNYC,10.0,19.0,0
2022,11,19,16,Nov,2048,1988,391,4.2,0.0,2022-11-19,2022-11-19,7,AnimeNYC,10.0,19.0,1
2022,11,20,12,Nov,1674,2005,341,2.2,0.0,2022-11-20,2022-11-20,1,AnimeNYC,10.0,17.0,1
2022,11,21,3,Nov,281,186,25,-3.0,0.0,2022-11-21,2022-11-21,2,,,,0
2022,11,21,12,Nov,1148,1070,210,1.6,0.0,2022-11-21,2022-11-21,2,,,,0
2022,11,22,12,Nov,1058,1017,182,7.4,0.0,2022-11-22,2022-11-22,3,,,,0
2022,11,23,5,Nov,399,601,50,2.4,0.0,2022-11-23,2022-11-23,4,,,,0
2022,11,23,14,Nov,1068,1289,210,11.4,0.0,2022-11-23,2022-11-23,4,,,,0
2022,11,25,11,Nov,971,934,156,8.2,2.0,2022-11-25,2022-11-25,6,,,,0
2022,11,25,15,Nov,1070,1062,167,11.5,0.0,2022-11-25,2022-11-25,6,,,,0
2022,11,25,23,Nov,1411,1115,252,6.9,0.0,2022-11-25,2022-11-25,6,,,,0
2022,11,26,4,Nov,515,216,59,4.8,0.0,2022-11-26,2022-11-26,7,,,,0
2022,11,26,9,Nov,754,835,150,5.2,0.0,2022-11-26,2022-11-26,7,,,,0
2022,11,26,11,Nov,1125,1281,204,7.8,0.0,2022-11-26,2022-11-26,7,,,,0
2022,11,27,13,Nov,1715,1540,322,10.0,0.44,2022-11-27,2022-11-27,1,,,,0
2022,11,28,19,Nov,1473,1245,246,6.9,0.0,2022-11-28,2022-11-28,2,,,,0
2022,11,30,11,Nov,1376,1290,299,10.3,1.46,2022-11-30,2022-11-30,4,,,,0
2022,11,1,10,Nov,997,1031,142,15.7,0.0,2022-11-1,2022-11-01,3,,,,0
2022,11,3,12,Nov,1123,1098,191,16.6,0.0,2022-11-3,2022-11-03,5,,,,0
2022,11,3,16,Nov,1526,1665,286,17.4,0.0,2022-11-3,2022-11-03,5,,,,0
2022,11,4,3,Nov,412,302,42,11.0,0.0,2022-11-4,2022-11-04,6,,,,0
2022,11,8,9,Nov,1204,1130,207,8.8,0.0,2022-11-8,2022-11-08,3,,,,0
2022,11,9,1,Nov,383,276,33,7.3,0.0,2022-11-9,2022-11-09,4,,,,0
2022,11,9,5,Nov,359,453,45,4.8,0.0,2022-11-9,2022-11-09,4,,,,0
2022,11,9,8,Nov,1561,1365,255,4.7,0.0,2022-11-9,2022-11-09,4,,,,0
2022,11,19,19,Nov,2426,2231,542,2.2,0.0,2022-11-19,2022-11-19,7,AnimeNYC,10.0,19.0,0
2022,11,20,9,Nov,956,1724,253,0.8,0.0,2022-11-20,2022-11-20,1,AnimeNYC,10.0,17.0,0
2022,11,21,6,Nov,717,814,95,-3.3,0.0,2022-11-21,2022-11-21,2,,,,0
2022,11,21,18,Nov,1531,1693,273,3.1,0.0,2022-11-21,2022-11-21,2,,,,0
2022,11,22,2,Nov,224,179,28,2.4,0.0,2022-11-22,2022-11-22,3,,,,0
2022,11,23,21,Nov,1174,1140,233,5.6,0.0,2022-11-23,2022-11-23,4,,,,0
2022,11,26,14,Nov,1255,1182,211,11.4,0.0,2022-11-26,2022-11-26,7,,,,0
2022,11,27,19,Nov,1881,1267,302,13.5,1.28,2022-11-27,2022-11-27,1,,,,0
2022,11,28,15,Nov,1157,990,183,10.7,0.0,2022-11-28,2022-11-28,2,,,,0
2022,11,28,17,Nov,1531,1412,335,9.4,0.0,2022-11-28,2022-11-28,2,,,,0
2022,11,28,18,Nov,1534,1509,296,8.0,0.0,2022-11-28,2022-11-28,2,,,,0
2022,11,29,20,Nov,1761,1374,230,2.8,0.0,2022-11-29,2022-11-29,3,,,,0
2022,11,30,5,Nov,329,378,34,5.8,0.0,2022-11-30,2022-11-30,4,,,,0
2022,11,30,12,Nov,1436,1184,307,11.3,1.46,2022-11-30,2022-11-30,4,,,,0
2022,11,5,0,Nov,1832,1519,297,15.5,0.0,2022-11-5,2022-11-05,7,,,,0
2022,11,6,15,Nov,1226,1392,209,23.0,0.0,2022-11-6,2022-11-06,1,,,,0
2022,11,7,1,Nov,311,230,33,19.2,0.2,2022-11-7,2022-11-07,2,,,,0
2022,11,8,10,Nov,1017,963,202,10.2,0.0,2022-11-8,2022-11-08,3,,,,0
2022,11,11,6,Nov,587,802,83,11.9,0.0,2022-11-11,2022-11-11,6,,,,0
2022,11,11,7,Nov,861,816,108,13.2,0.0,2022-11-11,2022-11-11,6,,,,0
2022,11,13,22,Nov,1526,1212,247,6.4,0.0,2022-11-13,2022-11-13,1,,,,0
2022,11,14,14,Nov,1318,1113,269,7.6,0.0,2022-11-14,2022-11-14,2,,,,0
2022,11,15,19,Nov,2219,2127,531,6.9,0.2,2022-11-15,2022-11-15,3,,,,0
2022,11,16,4,Nov,258,225,23,8.5,0.2,2022-11-16,2022-11-16,4,,,,0
2022,11,16,20,Nov,1964,1953,365,7.1,0.0,2022-11-16,2022-11-16,4,,,,0
2022,11,17,0,Nov,1082,725,183,4.5,0.0,2022-11-17,2022-11-17,5,,,,0
2022,11,20,2,Nov,1409,1034,192,0.7,0.16,2022-11-20,2022-11-20,1,AnimeNYC,10.0,17.0,0
2022,11,20,16,Nov,1814,1785,358,2.0,0.0,2022-11-20,2022-11-20,1,AnimeNYC,10.0,17.0,1
2022,11,21,5,Nov,366,497,42,-3.2,0.0,2022-11-21,2022-11-21,2,,,,0
2022,11,26,17,Nov,1622,1542,297,10.9,0.0,2022-11-26,2022-11-26,7,,,,0
2022,11,1,0,Nov,902,756,179,14.2,1.04,2022-11-1,2022-11-01,3,,,,0
2022,11,1,22,Nov,1545,1168,185,14.8,0.0,2022-11-1,2022-11-01,3,,,,0
2022,11,6,4,Nov,568,349,34,18.3,0.0,2022-11-6,2022-11-06,1,,,,0
2022,11,6,9,Nov,883,963,163,19.8,0.0,2022-11-6,2022-11-06,1,,,,0
2022,11,7,2,Nov,265,169,36,19.1,0.28,2022-11-7,2022-11-07,2,,,,0
2022,11,7,12,Nov,1097,957,170,23.6,0.0,2022-11-7,2022-11-07,2,,,,0
2022,11,8,12,Nov,993,958,162,12.1,0.0,2022-11-8,2022-11-08,3,,,,0
2022,11,9,12,Nov,1046,1020,174,8.6,0.0,2022-11-9,2022-11-09,4,,,,0
2022,11,10,22,Nov,2124,1671,254,13.4,0.0,2022-11-10,2022-11-10,5,,,,0
2022,11,11,20,Nov,2050,1859,377,18.0,1.1,2022-11-11,2022-11-11,6,,,,0
2022,11,12,17,Nov,2227,2452,404,18.9,0.0,2022-11-12,2022-11-12,7,,,,0
2022,11,12,18,Nov,2338,2578,424,16.5,0.0,2022-11-12,2022-11-12,7,,,,0
2022,11,13,18,Nov,1906,1962,452,9.6,0.0,2022-11-13,2022-11-13,1,,,,0
2022,11,15,3,Nov,179,141,27,1.8,0.0,2022-11-15,2022-11-15,3,,,,0
2022,11,20,23,Nov,968,764,125,-2.1,0.0,2022-11-20,2022-11-20,1,AnimeNYC,10.0,17.0,0
2022,11,22,9,Nov,1201,1118,206,1.9,0.0,2022-11-22,2022-11-22,3,,,,0
2022,11,23,9,Nov,928,1149,139,4.7,0.0,2022-11-23,2022-11-23,4,,,,0
2022,11,23,10,Nov,1016,1240,161,6.5,0.0,2022-11-23,2022-11-23,4,,,,0
2022,11,26,10,Nov,874,1036,168,6.7,0.0,2022-11-26,2022-11-26,7,,,,0
2022,11,26,20,Nov,1549,1438,267,8.9,0.0,2022-11-26,2022-11-26,7,,,,0
2022,11,30,2,Nov,223,164,19,2.0,0.0,2022-11-30,2022-11-30,4,,,,0
2022,11,2,1,Nov,347,226,43,14.3,0.0,2022-11-2,2022-11-02,4,,,,0
2022,11,2,20,Nov,1893,1471,256,15.3,0.0,2022-11-2,2022-11-02,4,,,,0
2022,11,4,11,Nov,1205,1201,191,15.0,0.0,2022-11-4,2022-11-04,6,,,,0
2022,11,4,19,Nov,2325,2177,420,16.2,0.0,2022-11-4,2022-11-04,6,,,,0
2022,11,6,21,Nov,1506,1167,226,19.4,0.0,2022-11-6,2022-11-06,1,,,,0
2022,11,8,19,Nov,1727,1479,312,9.9,0.0,2022-11-8,2022-11-08,3,,,,0
2022,11,9,16,Nov,1303,1506,236,10.4,0.0,2022-11-9,2022-11-09,4,,,,0
2022,11,10,6,Nov,777,801,94,7.0,0.0,2022-11-10,2022-11-10,5,,,,0
2022,11,11,1,Nov,957,618,99,11.8,0.0,2022-11-11,2022-11-11,6,,,,0
2022,11,12,0,Nov,1895,1615,295,19.1,0.1,2022-11-12,2022-11-12,7,,,,0
2022,11,12,15,Nov,1667,1828,317,20.5,0.0,2022-11-12,2022-11-12,7,,,,0
2022,11,14,5,Nov,423,526,57,3.6,0.0,2022-11-14,2022-11-14,2,,,,0
2022,11,15,1,Nov,360,235,29,1.8,0.0,2022-11-15,2022-11-15,3,,,,0
2022,11,15,2,Nov,207,161,37,1.7,0.0,2022-11-15,2022-11-15,3,,,,0
2022,11,15,12,Nov,1194,1044,222,5.9,0.0,2022-11-15,2022-11-15,3,,,,0
2022,11,17,23,Nov,1999,1352,256,2.6,0.0,2022-11-17,2022-11-17,5,,,,0
2022,11,18,2,Nov,634,396,80,1.9,0.0,2022-11-18,2022-11-18,6,AnimeNYC,13.0,19.0,0
2022,11,19,15,Nov,1835,1900,372,4.3,0.0,2022-11-19,2022-11-19,7,AnimeNYC,10.0,19.0,1
2022,11,21,13,Nov,1171,1019,159,2.5,0.0,2022-11-21,2022-11-21,2,,,,0
2022,11,23,11,Nov,1058,1157,162,8.7,0.0,2022-11-23,2022-11-23,4,,,,0
2022,11,24,10,Nov,550,780,143,5.2,0.0,2022-11-24,2022-11-24,5,,,,0
2022,11,25,10,Nov,802,813,158,7.5,0.14,2022-11-25,2022-11-25,6,,,,0
2022,11,27,1,Nov,1124,786,181,6.6,0.0,2022-11-27,2022-11-27,1,,,,0
2022,11,27,22,Nov,1152,807,136,14.0,0.56,2022-11-27,2022-11-27,1,,,,0
2022,11,29,19,Nov,1601,1533,272,3.6,0.0,2022-11-29,2022-11-29,3,,,,0
2022,11,30,4,Nov,250,175,12,4.2,0.0,2022-11-30,2022-11-30,4,,,,0
2022,11,30,8,Nov,1621,1501,315,6.8,0.0,2022-11-30,2022-11-30,4,,,,0
2022,11,2,0,Nov,602,435,64,14.5,0.0,2022-11-2,2022-11-02,4,,,,0
2022,11,2,14,Nov,1046,1160,182,19.9,0.0,2022-11-2,2022-11-02,4,,,,0
2022,11,3,2,Nov,355,225,42,9.6,0.0,2022-11-3,2022-11-03,5,,,,0
2022,11,3,22,Nov,2437,1544,332,12.1,0.0,2022-11-3,2022-11-03,5,,,,0
2022,11,5,9,Nov,1016,1502,219,17.4,0.0,2022-11-5,2022-11-05,7,,,,0
2022,11,8,15,Nov,1141,1179,171,13.5,0.0,2022-11-8,2022-11-08,3,,,,0
2022,11,9,9,Nov,1321,1288,248,5.3,0.0,2022-11-9,2022-11-09,4,,,,0
2022,11,12,13,Nov,1680,1721,276,20.1,0.0,2022-11-12,2022-11-12,7,,,,0
2022,11,13,0,Nov,2248,1904,327,13.8,0.1,2022-11-13,2022-11-13,1,,,,0
2022,11,15,9,Nov,1583,1323,289,2.9,0.0,2022-11-15,2022-11-15,3,,,,0
2022,11,15,16,Nov,1350,1559,272,7.4,0.0,2022-11-15,2022-11-15,3,,,,0
2022,11,16,5,Nov,364,499,48,9.4,0.2,2022-11-16,2022-11-16,4,,,,0
2022,11,17,6,Nov,784,844,95,2.3,0.0,2022-11-17,2022-11-17,5,,,,0
2022,11,18,7,Nov,1117,990,178,0.4,0.0,2022-11-18,2022-11-18,6,AnimeNYC,13.0,19.0,0
2022,11,21,9,Nov,1246,1129,200,-2.2,0.0,2022-11-21,2022-11-21,2,,,,0
2022,11,21,16,Nov,1181,1391,222,4.1,0.0,2022-11-21,2022-11-21,2,,,,0
2022,11,27,3,Nov,822,456,93,6.1,0.0,2022-11-27,2022-11-27,1,,,,0
2022,11,30,19,Nov,1693,1631,320,11.8,0.1,2022-11-30,2022-11-30,4,,,,0
2022,11,1,23,Nov,1050,833,134,14.7,0.0,2022-11-1,2022-11-01,3,,,,0
2022,11,2,7,Nov,1120,1046,176,10.8,0.0,2022-11-2,2022-11-02,4,,,,0
2022,11,2,19,Nov,1825,1659,295,14.8,0.0,2022-11-2,2022-11-02,4,,,,0
2022,11,3,19,Nov,2063,2087,468,11.3,0.0,2022-11-3,2022-11-03,5,,,,0
2022,11,5,1,Nov,1569,1154,238,15.7,0.0,2022-11-5,2022-11-05,7,,,,0
2022,11,5,19,Nov,2209,2141,452,18.2,0.0,2022-11-5,2022-11-05,7,,,,0
2022,11,5,20,Nov,2096,1895,339,17.6,0.0,2022-11-5,2022-11-05,7,,,,0
2022,11,7,10,Nov,961,973,174,21.1,0.0,2022-11-7,2022-11-07,2,,,,0
2022,11,8,6,Nov,737,728,70,8.2,0.0,2022-11-8,2022-11-08,3,,,,0
2022,11,8,14,Nov,1085,1091,187,13.2,0.0,2022-11-8,2022-11-08,3,,,,0
2022,11,9,7,Nov,1269,1057,192,4.3,0.0,2022-11-9,2022-11-09,4,,,,0
2022,11,9,19,Nov,1840,1800,323,7.4,0.0,2022-11-9,2022-11-09,4,,,,0
2022,11,10,15,Nov,1437,1308,222,17.5,0.0,2022-11-10,2022-11-10,5,,,,0
2022,11,11,9,Nov,1111,1183,175,15.9,0.0,2022-11-11,2022-11-11,6,,,,0
2022,11,16,16,Nov,1316,1519,279,10.5,0.0,2022-11-16,2022-11-16,4,,,,0
2022,11,17,1,Nov,618,401,125,4.1,0.0,2022-11-17,2022-11-17,5,,,,0
2022,11,18,3,Nov,431,261,52,1.4,0.0,2022-11-18,2022-11-18,6,AnimeNYC,13.0,19.0,0
2022,11,20,19,Nov,1767,1545,301,-0.3,0.0,2022-11-20,2022-11-20,1,AnimeNYC,10.0,17.0,0
2022,11,23,17,Nov,1271,1440,256,9.4,0.0,2022-11-23,2022-11-23,4,,,,0
2022,11,25,7,Nov,383,357,50,6.4,0.0,2022-11-25,2022-11-25,6,,,,0
2022,11,25,19,Nov,1473,1426,329,8.4,0.0,2022-11-25,2022-11-25,6,,,,0
2022,11,25,22,Nov,1828,1242,294,7.4,0.0,2022-11-25,2022-11-25,6,,,,0
2022,11,26,23,Nov,1766,1491,283,7.2,0.0,2022-11-26,2022-11-26,7,,,,0
2022,11,27,8,Nov,444,837,135,6.3,0.0,2022-11-27,2022-11-27,1,,,,0
2022,11,28,14,Nov,1129,982,180,11.0,0.0,2022-11-28,2022-11-28,2,,,,0
2022,11,28,20,Nov,1360,1120,200,5.9,0.0,2022-11-28,2022-11-28,2,,,,0
2022,11,29,11,Nov,1008,907,186,4.4,0.0,2022-11-29,2022-11-29,3,,,,0
2022,11,29,14,Nov,1004,977,198,6.2,0.0,2022-11-29,2022-11-29,3,,,,0
2022,11,2,12,Nov,1015,997,183,18.4,0.0,2022-11-2,2022-11-02,4,,,,0
2022,11,3,18,Nov,2089,2381,496,12.9,0.0,2022-11-3,2022-11-03,5,,,,0
2022,11,6,13,Nov,1266,1340,199,23.6,0.0,2022-11-6,2022-11-06,1,,,,0
2022,11,7,5,Nov,420,546,49,18.5,0.0,2022-11-7,2022-11-07,2,,,,0
2022,11,10,0,Nov,910,582,121,8.3,0.0,2022-11-10,2022-11-10,5,,,,0
2022,11,11,0,Nov,1352,896,141,12.1,0.0,2022-11-11,2022-11-11,6,,,,0
2022,11,11,5,Nov,404,490,39,11.8,0.0,2022-11-11,2022-11-11,6,,,,0
2022,11,11,17,Nov,2216,2354,560,17.5,2.04,2022-11-11,2022-11-11,6,,,,0
2022,11,13,2,Nov,1805,1108,231,13.8,0.0,2022-11-13,2022-11-13,1,,,,0
2022,11,13,12,Nov,1585,1725,316,9.2,0.0,2022-11-13,2022-11-13,1,,,,0
2022,11,14,1,Nov,363,286,58,4.8,0.0,2022-11-14,2022-11-14,2,,,,0
2022,11,14,2,Nov,308,244,66,4.3,0.0,2022-11-14,2022-11-14,2,,,,0
2022,11,15,6,Nov,795,821,86,2.0,0.0,2022-11-15,2022-11-15,3,,,,0
2022,11,17,20,Nov,2310,1924,366,4.4,0.0,2022-11-17,2022-11-17,5,,,,0
2022,11,19,21,Nov,2059,1824,381,2.4,0.0,2022-11-19,2022-11-19,7,AnimeNYC,10.0,19.0,0
2022,11,23,6,Nov,607,869,97,2.0,0.0,2022-11-23,2022-11-23,4,,,,0
2022,11,23,20,Nov,1129,1113,197,6.0,0.0,2022-11-23,2022-11-23,4,,,,0
2022,11,23,22,Nov,1467,1151,277,4.9,0.0,2022-11-23,2022-11-23,4,,,,0
2022,11,24,13,Nov,735,692,119,9.7,0.0,2022-11-24,2022-11-24,5,,,,0
2022,11,25,1,Nov,443,402,78,4.9,0.0,2022-11-25,2022-11-25,6,,,,0
2022,11,26,15,Nov,1360,1157,246,12.1,0.0,2022-11-26,2022-11-26,7,,,,0
2022,11,28,8,Nov,1252,1282,251,11.2,0.0,2022-11-28,2022-11-28,2,,,,0
2022,11,28,13,Nov,1048,890,157,11.2,0.0,2022-11-28,2022-11-28,2,,,,0
2022,11,29,6,Nov,695,686,79,0.7,0.0,2022-11-29,2022-11-29,3,,,,0
2022,11,3,23,Nov,1834,1138,243,11.7,0.0,2022-11-3,2022-11-03,5,,,,0
2022,11,4,23,Nov,2250,1986,351,15.5,0.0,2022-11-4,2022-11-04,6,,,,0
2022,11,5,13,Nov,1848,1751,353,22.9,0.0,2022-11-5,2022-11-05,7,,,,0
2022,11,6,17,Nov,1549,1599,282,21.3,0.06,2022-11-6,2022-11-06,1,,,,0
2022,11,10,20,Nov,1973,1670,285,13.3,0.0,2022-11-10,2022-11-10,5,,,,0
2022,11,14,0,Nov,727,556,120,5.5,0.0,2022-11-14,2022-11-14,2,,,,0
2022,11,14,15,Nov,1424,1181,285,7.6,0.0,2022-11-14,2022-11-14,2,,,,0
2022,11,17,5,Nov,424,521,58,2.3,0.0,2022-11-17,2022-11-17,5,,,,0
2022,11,18,13,Nov,1344,1301,235,6.1,0.0,2022-11-18,2022-11-18,6,AnimeNYC,13.0,19.0,1
2022,11,23,0,Nov,692,491,90,4.0,0.0,2022-11-23,2022-11-23,4,,,,0
2022,11,24,15,Nov,921,778,102,10.6,0.0,2022-11-24,2022-11-24,5,,,,0
2022,11,26,12,Nov,1146,1327,228,9.1,0.0,2022-11-26,2022-11-26,7,,,,0
2022,11,27,16,Nov,1616,1405,275,9.9,3.42,2022-11-27,2022-11-27,1,,,,0
2022,11,1,14,Nov,1004,992,145,19.2,0.06,2022-11-1,2022-11-01,3,,,,0
2022,11,1,20,Nov,1652,1255,238,15.0,0.0,2022-11-1,2022-11-01,3,,,,0
2022,11,2,4,Nov,205,181,13,13.1,0.0,2022-11-2,2022-11-02,4,,,,0
2022,11,4,21,Nov,2039,1642,302,16.2,0.0,2022-11-4,2022-11-04,6,,,,0
2022,11,6,8,Nov,672,781,107,18.4,0.0,2022-11-6,2022-11-06,1,,,,0
2022,11,7,0,Nov,544,416,68,19.5,0.0,2022-11-7,2022-11-07,2,,,,0
2022,11,7,20,Nov,1337,1344,206,17.2,0.0,2022-11-7,2022-11-07,2,,,,0
2022,11,8,20,Nov,1774,1427,273,10.4,0.0,2022-11-8,2022-11-08,3,,,,0
2022,11,9,2,Nov,297,192,20,6.5,0.0,2022-11-9,2022-11-09,4,,,,0
2022,11,11,15,Nov,1542,1491,356,17.7,3.08,2022-11-11,2022-11-11,6,,,,0
2022,11,14,10,Nov,1076,1328,320,4.6,0.0,2022-11-14,2022-11-14,2,,,,0
2022,11,15,7,Nov,1342,1071,208,1.7,0.0,2022-11-15,2022-11-15,3,,,,0
2022,11,15,10,Nov,1202,1067,237,4.1,0.0,2022-11-15,2022-11-15,3,,,,0
2022,11,17,3,Nov,406,174,77,3.3,0.0,2022-11-17,2022-11-17,5,,,,0
2022,11,20,10,Nov,1317,1838,336,1.0,0.0,2022-11-20,2022-11-20,1,AnimeNYC,10.0,17.0,1
2022,11,20,15,Nov,1767,1695,341,2.1,0.0,2022-11-20,2022-11-20,1,AnimeNYC,10.0,17.0,1
2022,11,22,4,Nov,294,201,18,1.5,0.0,2022-11-22,2022-11-22,3,,,,0
2022,11,26,1,Nov,894,598,148,5.7,0.0,2022-11-26,2022-11-26,7,,,,0
2022,11,27,7,Nov,316,570,62,5.3,0.0,2022-11-27,2022-11-27,1,,,,0
2022,11,27,15,Nov,1774,1545,420,10.0,1.84,2022-11-27,2022-11-27,1,,,,0
2022,11,29,0,Nov,499,437,75,4.1,0.0,2022-11-29,2022-11-29,3,,,,0
2022,11,29,4,Nov,199,152,13,2.0,0.0,2022-11-29,2022-11-29,3,,,,0
2022,11,29,16,Nov,1237,1348,275,6.0,0.0,2022-11-29,2022-11-29,3,,,,0
2022,11,30,17,Nov,1816,1697,385,13.0,3.5,2022-11-30,2022-11-30,4,,,,0
2022,11,30,20,Nov,1717,1396,257,10.6,0.0,2022-11-30,2022-11-30,4,,,,0
2025,11,2,18,Nov,1521,1596,286,11.8,0.0,2025-11-2,2025-11-02,1,,,,0
2025,11,3,4,Nov,321,437,32,6.3,0.0,2025-11-3,2025-11-03,2,,,,0
2025,11,3,12,Nov,990,823,163,13.6,0.0,2025-11-3,2025-11-03,2,,,,0
2025,11,4,5,Nov,447,480,61,8.7,0.0,2025-11-4,2025-11-04,3,,,,0
2025,11,6,19,Nov,2264,1814,416,7.8,0.0,2025-11-6,2025-11-06,5,,,,0
2025,11,8,11,Nov,1308,1585,282,15.5,0.0,2025-11-8,2025-11-08,7,,,,0
2025,11,1,2,Nov,2475,1488,278,9.5,0.0,2025-11-1,2025-11-01,7,,,,0
2025,11,1,23,Nov,2214,2070,344,7.9,0.0,2025-11-1,2025-11-01,7,,,,0
2025,11,2,7,Nov,568,686,91,4.2,0.0,2025-11-2,2025-11-02,1,,,,0
2025,11,3,21,Nov,1963,1190,221,12.3,0.04,2025-11-3,2025-11-03,2,,,,0
2025,11,4,4,Nov,280,326,41,9.0,0.0,2025-11-4,2025-11-04,3,,,,0
2025,11,8,5,Nov,375,408,33,12.2,1.04,2025-11-8,2025-11-08,7,,,,0
2025,11,3,17,Nov,1483,1633,288,12.8,0.0,2025-11-3,2025-11-03,2,,,,0
2025,11,4,11,Nov,1030,1033,183,11.9,0.0,2025-11-4,2025-11-04,3,,,,0
2025,11,5,15,Nov,1239,1115,215,17.8,0.0,2025-11-5,2025-11-05,4,,,,0
2025,11,5,18,Nov,1782,1917,347,15.9,0.0,2025-11-5,2025-11-05,4,,,,0
2025,11,7,23,Nov,1993,1704,332,13.3,0.0,2025-11-7,2025-11-07,6,,,,0
2025,11,8,4,Nov,539,354,70,12.2,1.06,2025-11-8,2025-11-08,7,,,,0
2025,11,1,9,Nov,986,1330,202,9.5,0.0,2025-11-1,2025-11-01,7,,,,0
2025,11,3,0,Nov,623,393,71,8.9,0.0,2025-11-3,2025-11-03,2,,,,0
2025,11,4,18,Nov,1724,1763,361,12.2,0.0,2025-11-4,2025-11-04,3,,,,0
2025,11,5,1,Nov,407,252,53,7.1,0.0,2025-11-5,2025-11-05,4,,,,0
2025,11,7,1,Nov,810,474,83,4.2,0.0,2025-11-7,2025-11-07,6,,,,0
2025,11,7,4,Nov,449,476,63,2.2,0.0,2025-11-7,2025-11-07,6,,,,0
2025,11,8,10,Nov,1210,1408,249,13.8,0.0,2025-11-8,2025-11-08,7,,,,0
2025,11,1,0,Nov,2364,1704,404,10.0,0.0,2025-11-1,2025-11-01,7,,,,0
2025,10,31,23,Oct,2264,1883,518,10.5,0.0,2025-10-31,2025-10-31,6,,,,0
2025,11,3,6,Nov,728,869,104,6.7,0.0,2025-11-3,2025-11-03,2,,,,0
2025,11,4,7,Nov,1072,1190,200,8.1,0.0,2025-11-4,2025-11-04,3,,,,0
2025,11,6,14,Nov,1290,1071,215,11.5,0.0,2025-11-6,2025-11-06,5,,,,0
2025,11,7,12,Nov,1197,1042,217,10.8,0.0,2025-11-7,2025-11-07,6,,,,0
2025,11,7,22,Nov,2102,1785,301,13.1,0.0,2025-11-7,2025-11-07,6,,,,0
2025,11,1,6,Nov,584,741,94,7.9,0.0,2025-11-1,2025-11-01,7,,,,0
2025,11,2,3,Nov,1218,612,116,5.5,0.0,2025-11-2,2025-11-02,1,,,,0
2025,11,4,6,Nov,747,796,86,8.4,0.0,2025-11-4,2025-11-04,3,,,,0
2025,11,4,13,Nov,1048,949,151,13.3,0.0,2025-11-4,2025-11-04,3,,,,0
2025,11,5,12,Nov,1036,1035,187,12.2,0.0,2025-11-5,2025-11-05,4,,,,0
2025,11,8,9,Nov,1105,1224,203,12.9,0.0,2025-11-8,2025-11-08,7,,,,0
2025,11,2,4,Nov,839,702,97,5.2,0.0,2025-11-2,2025-11-02,1,,,,0
2025,11,2,23,Nov,836,685,125,9.2,0.0,2025-11-2,2025-11-02,1,,,,0
2025,11,3,1,Nov,318,219,37,8.1,0.0,2025-11-3,2025-11-03,2,,,,0
2025,11,4,12,Nov,974,966,157,12.7,0.0,2025-11-4,2025-11-04,3,,,,0
2025,11,5,23,Nov,1240,861,162,15.4,0.06,2025-11-5,2025-11-05,4,,,,0
2025,11,6,16,Nov,1516,1653,314,10.9,0.0,2025-11-6,2025-11-06,5,,,,0
2025,11,7,17,Nov,1712,1577,339,14.0,0.0,2025-11-7,2025-11-07,6,,,,0
2025,11,8,1,Nov,1683,1089,195,13.0,0.1,2025-11-8,2025-11-08,7,,,,0
2025,11,8,8,Nov,735,972,168,12.1,0.14,2025-11-8,2025-11-08,7,,,,0
2025,11,2,10,Nov,1008,1066,182,7.6,0.0,2025-11-2,2025-11-02,1,,,,0
2025,11,2,20,Nov,1551,1375,224,10.2,0.0,2025-11-2,2025-11-02,1,,,,0
2025,11,6,2,Nov,335,196,43,11.4,0.0,2025-11-6,2025-11-06,5,,,,0
2025,11,3,10,Nov,983,1064,157,9.6,0.0,2025-11-3,2025-11-03,2,,,,0
2025,11,3,20,Nov,1328,1151,193,12.3,0.0,2025-11-3,2025-11-03,2,,,,0
2025,11,5,10,Nov,1043,1081,228,7.4,0.0,2025-11-5,2025-11-05,4,,,,0
2025,11,5,14,Nov,1185,1088,206,16.9,0.0,2025-11-5,2025-11-05,4,,,,0
2025,11,5,19,Nov,1878,1511,292,15.5,0.0,2025-11-5,2025-11-05,4,,,,0
2025,11,5,21,Nov,2200,1351,259,16.1,0.0,2025-11-5,2025-11-05,4,,,,0
2025,11,6,17,Nov,1763,1991,441,10.3,0.0,2025-11-6,2025-11-06,5,,,,0
2025,11,7,7,Nov,1023,1110,228,1.7,0.0,2025-11-7,2025-11-07,6,,,,0
2025,11,1,5,Nov,841,630,149,8.2,0.0,2025-11-1,2025-11-01,7,,,,0
2025,11,1,17,Nov,1993,1888,343,13.0,0.0,2025-11-1,2025-11-01,7,,,,0
2025,11,2,2,Nov,1614,901,196,6.3,0.0,2025-11-2,2025-11-02,1,,,,0
2025,11,6,1,Nov,439,290,69,12.5,0.0,2025-11-6,2025-11-06,5,,,,0
2025,11,6,10,Nov,1094,1063,228,9.4,0.0,2025-11-6,2025-11-06,5,,,,0
2025,11,8,6,Nov,444,637,54,12.1,0.4,2025-11-8,2025-11-08,7,,,,0
2025,11,8,13,Nov,1330,1494,279,17.2,0.0,2025-11-8,2025-11-08,7,,,,0
2025,11,1,1,Nov,2485,1586,317,9.5,0.0,2025-11-1,2025-11-01,7,,,,0
2025,11,1,3,Nov,2087,1160,236,9.1,0.0,2025-11-1,2025-11-01,7,,,,0
2025,11,3,14,Nov,1123,973,188,13.9,0.0,2025-11-3,2025-11-03,2,,,,0
2025,11,3,18,Nov,1494,1607,304,11.4,0.0,2025-11-3,2025-11-03,2,,,,0
2025,11,4,21,Nov,2089,1252,239,10.0,0.0,2025-11-4,2025-11-04,3,,,,0
2025,11,6,23,Nov,1895,1140,213,5.2,0.0,2025-11-6,2025-11-06,5,,,,0
2025,11,7,19,Nov,2007,1937,376,12.9,0.0,2025-11-7,2025-11-07,6,,,,0
2025,11,1,10,Nov,1272,1548,217,10.8,0.0,2025-11-1,2025-11-01,7,,,,0
2025,11,1,19,Nov,2000,2011,366,9.8,0.0,2025-11-1,2025-11-01,7,,,,0
2025,11,2,12,Nov,1110,1107,227,11.2,0.0,2025-11-2,2025-11-02,1,,,,0
2025,11,2,15,Nov,1057,1233,228,14.6,0.0,2025-11-2,2025-11-02,1,,,,0
2025,11,3,3,Nov,293,207,23,6.3,0.0,2025-11-3,2025-11-03,2,,,,0
2025,11,4,15,Nov,1188,1163,213,14.8,0.0,2025-11-4,2025-11-04,3,,,,0
2025,11,7,18,Nov,1969,1806,367,13.2,0.0,2025-11-7,2025-11-07,6,,,,0
2025,11,8,0,Nov,1820,1464,344,13.5,0.0,2025-11-8,2025-11-08,7,,,,0
2025,11,1,16,Nov,1901,1768,340,14.0,0.0,2025-11-1,2025-11-01,7,,,,0
2025,11,3,19,Nov,1487,1383,271,11.5,0.0,2025-11-3,2025-11-03,2,,,,0
2025,11,4,17,Nov,1668,1606,308,14.0,0.0,2025-11-4,2025-11-04,3,,,,0
2025,11,5,20,Nov,2049,1347,242,15.6,0.0,2025-11-5,2025-11-05,4,,,,0
2025,11,6,18,Nov,2041,1989,477,8.9,0.0,2025-11-6,2025-11-06,5,,,,0
2025,11,4,16,Nov,1325,1325,242,14.7,0.0,2025-11-4,2025-11-04,3,,,,0
2025,11,4,23,Nov,1022,711,141,8.4,0.0,2025-11-4,2025-11-04,3,,,,0
2025,11,5,11,Nov,985,1083,179,9.4,0.0,2025-11-5,2025-11-05,4,,,,0
2025,11,1,4,Nov,1519,917,160,8.6,0.0,2025-11-1,2025-11-01,7,,,,0
2025,11,2,16,Nov,1287,1463,230,14.9,0.0,2025-11-2,2025-11-02,1,,,,0
2025,11,5,4,Nov,286,325,36,5.3,0.0,2025-11-5,2025-11-05,4,,,,0
2025,11,6,22,Nov,2310,1437,271,6.0,0.0,2025-11-6,2025-11-06,5,,,,0
2025,11,2,6,Nov,576,803,115,4.5,0.0,2025-11-2,2025-11-02,1,,,,0
2025,11,2,9,Nov,841,886,105,5.4,0.0,2025-11-2,2025-11-02,1,,,,0
2025,11,3,23,Nov,824,636,97,11.3,0.0,2025-11-3,2025-11-03,2,,,,0
2025,11,4,1,Nov,254,204,38,10.2,0.0,2025-11-4,2025-11-04,3,,,,0
2025,11,5,9,Nov,1254,1445,272,6.5,0.0,2025-11-5,2025-11-05,4,,,,0
2025,11,5,22,Nov,2026,1211,223,16.3,0.0,2025-11-5,2025-11-05,4,,,,0
2025,11,7,13,Nov,1357,1099,206,12.8,0.0,2025-11-7,2025-11-07,6,,,,0
2025,11,1,8,Nov,793,1090,144,8.5,0.0,2025-11-1,2025-11-01,7,,,,0
2025,11,3,11,Nov,1007,979,178,12.3,0.0,2025-11-3,2025-11-03,2,,,,0
2025,11,4,0,Nov,529,424,84,10.6,0.0,2025-11-4,2025-11-04,3,,,,0
2025,11,4,2,Nov,203,145,44,10.1,0.0,2025-11-4,2025-11-04,3,,,,0
2025,11,5,0,Nov,635,506,83,7.8,0.0,2025-11-5,2025-11-05,4,,,,0
2025,11,5,5,Nov,417,547,39,4.9,0.0,2025-11-5,2025-11-05,4,,,,0
2025,11,7,11,Nov,1169,1217,183,8.7,0.0,2025-11-7,2025-11-07,6,,,,0
2025,11,2,5,Nov,729,768,86,4.8,0.0,2025-11-2,2025-11-02,1,,,,0
2025,11,2,17,Nov,1456,1478,273,14.0,0.0,2025-11-2,2025-11-02,1,,,,0
2025,11,3,8,Nov,1250,1354,248,6.7,0.0,2025-11-3,2025-11-03,2,,,,0
2025,11,4,9,Nov,1163,1237,240,9.5,0.0,2025-11-4,2025-11-04,3,,,,0
2025,11,7,5,Nov,457,579,59,2.2,0.0,2025-11-7,2025-11-07,6,,,,0
2025,11,7,10,Nov,1152,1111,175,6.5,0.0,2025-11-7,2025-11-07,6,,,,0
2025,11,7,15,Nov,1363,1223,240,15.1,0.0,2025-11-7,2025-11-07,6,,,,0
2025,11,8,2,Nov,1192,763,121,12.3,0.46,2025-11-8,2025-11-08,7,,,,0
2025,11,8,12,Nov,1463,1483,261,16.5,0.0,2025-11-8,2025-11-08,7,,,,0
2025,11,1,12,Nov,1719,1587,264,12.6,0.0,2025-11-1,2025-11-01,7,,,,0
2025,11,1,18,Nov,2021,2170,356,11.4,0.0,2025-11-1,2025-11-01,7,,,,0
2025,11,1,21,Nov,2069,2199,389,8.6,0.0,2025-11-1,2025-11-01,7,,,,0
2025,11,2,11,Nov,1120,1093,220,9.6,0.0,2025-11-2,2025-11-02,1,,,,0
2025,11,3,2,Nov,235,166,31,7.2,0.0,2025-11-3,2025-11-03,2,,,,0
2025,11,3,16,Nov,1221,1205,200,13.0,0.0,2025-11-3,2025-11-03,2,,,,0
2025,11,4,10,Nov,998,1009,174,10.9,0.0,2025-11-4,2025-11-04,3,,,,0
2025,11,5,3,Nov,216,176,25,5.7,0.0,2025-11-5,2025-11-05,4,,,,0
2025,11,5,16,Nov,1392,1430,258,18.0,0.0,2025-11-5,2025-11-05,4,,,,0
2025,11,2,21,Nov,1791,1168,210,10.0,0.0,2025-11-2,2025-11-02,1,,,,0
2025,11,4,8,Nov,1440,1533,292,8.6,0.0,2025-11-4,2025-11-04,3,,,,0
2025,11,4,22,Nov,1607,1072,182,9.2,0.0,2025-11-4,2025-11-04,3,,,,0
2025,11,5,2,Nov,253,171,27,6.3,0.0,2025-11-5,2025-11-05,4,,,,0
2025,11,7,21,Nov,1937,1627,290,12.8,0.0,2025-11-7,2025-11-07,6,,,,0
2025,11,1,11,Nov,1511,1548,286,11.7,0.0,2025-11-1,2025-11-01,7,,,,0
2025,11,1,14,Nov,1679,1653,291,14.1,0.0,2025-11-1,2025-11-01,7,,,,0
2025,11,2,13,Nov,1104,1101,199,12.4,0.0,2025-11-2,2025-11-02,1,,,,0
2025,11,6,9,Nov,1344,1482,274,8.7,0.0,2025-11-6,2025-11-06,5,,,,0
2025,11,8,3,Nov,990,557,108,12.2,2.04,2025-11-8,2025-11-08,7,,,,0
2025,11,3,13,Nov,1056,995,137,13.4,0.0,2025-11-3,2025-11-03,2,,,,0
2025,11,4,14,Nov,1122,1029,166,14.6,0.0,2025-11-4,2025-11-04,3,,,,0
2025,11,6,4,Nov,356,386,46,9.1,0.0,2025-11-6,2025-11-06,5,,,,0
2025,11,7,0,Nov,1225,721,124,4.8,0.0,2025-11-7,2025-11-07,6,,,,0
2025,11,7,9,Nov,1113,1309,217,4.2,0.0,2025-11-7,2025-11-07,6,,,,0
2025,11,2,8,Nov,674,770,126,4.1,0.0,2025-11-2,2025-11-02,1,,,,0
2025,11,2,22,Nov,1179,983,182,9.8,0.0,2025-11-2,2025-11-02,1,,,,0
2025,11,4,19,Nov,1662,1379,248,11.5,0.0,2025-11-4,2025-11-04,3,,,,0
2025,11,5,17,Nov,1781,1764,354,17.1,0.0,2025-11-5,2025-11-05,4,,,,0
2025,11,7,8,Nov,1240,1291,275,2.7,0.0,2025-11-7,2025-11-07,6,,,,0
2025,11,1,7,Nov,599,800,121,7.7,0.0,2025-11-1,2025-11-01,7,,,,0
2025,11,3,5,Nov,467,559,47,6.7,0.0,2025-11-3,2025-11-03,2,,,,0
2025,11,4,3,Nov,206,135,32,9.5,0.0,2025-11-4,2025-11-04,3,,,,0
2025,11,5,13,Nov,1152,984,209,14.6,0.0,2025-11-5,2025-11-05,4,,,,0
2025,11,6,0,Nov,817,530,121,13.6,1.18,2025-11-6,2025-11-06,5,,,,0
2025,11,6,12,Nov,1128,1009,168,11.1,0.0,2025-11-6,2025-11-06,5,,,,0
2025,11,7,14,Nov,1400,1129,215,14.3,0.0,2025-11-7,2025-11-07,6,,,,0
2025,11,2,19,Nov,1549,1392,240,10.6,0.0,2025-11-2,2025-11-02,1,,,,0
2025,11,6,13,Nov,1262,1081,187,11.3,0.0,2025-11-6,2025-11-06,5,,,,0
2025,11,6,15,Nov,1400,1226,232,11.2,0.0,2025-11-6,2025-11-06,5,,,,0
2025,11,1,13,Nov,1888,1697,317,13.9,0.0,2025-11-1,2025-11-01,7,,,,0
2025,11,1,15,Nov,1776,1700,293,14.4,0.0,2025-11-1,2025-11-01,7,,,,0
2025,11,4,20,Nov,1889,1360,273,10.7,0.0,2025-11-4,2025-11-04,3,,,,0
2025,11,5,8,Nov,1524,1704,358,5.0,0.0,2025-11-5,2025-11-05,4,,,,0
2025,11,7,3,Nov,444,273,38,2.6,0.0,2025-11-7,2025-11-07,6,,,,0
2025,11,7,6,Nov,718,887,101,1.9,0.0,2025-11-7,2025-11-07,6,,,,0
2025,11,2,0,Nov,2341,1890,337,7.8,0.0,2025-11-2,2025-11-02,1,,,,0
2025,11,6,3,Nov,264,197,32,10.1,0.0,2025-11-6,2025-11-06,5,,,,0
2025,11,7,2,Nov,507,289,69,3.3,0.0,2025-11-7,2025-11-07,6,,,,0
2025,11,7,20,Nov,1868,1652,310,12.7,0.0,2025-11-7,2025-11-07,6,,,,0
2025,11,2,1,Nov,4201,2912,530,7.2,0.0,2025-11-2,2025-11-02,1,,,,0
2025,11,3,22,Nov,1393,899,166,12.1,0.0,2025-11-3,2025-11-03,2,,,,0
2025,11,5,7,Nov,1161,1249,276,4.4,0.0,2025-11-5,2025-11-05,4,,,,0
2025,11,1,22,Nov,2640,2279,369,8.2,0.0,2025-11-1,2025-11-01,7,,,,0
2025,11,2,14,Nov,1113,1132,207,14.0,0.0,2025-11-2,2025-11-02,1,,,,0
2025,11,7,16,Nov,1497,1450,245,15.2,0.0,2025-11-7,2025-11-07,6,,,,0
2025,11,3,9,Nov,1167,1195,208,7.3,0.0,2025-11-3,2025-11-03,2,,,,0
2025,11,3,7,Nov,1075,1129,180,6.5,0.0,2025-11-3,2025-11-03,2,,,,0
2025,11,3,15,Nov,1139,1049,203,13.4,0.0,2025-11-3,2025-11-03,2,,,,0
2025,11,5,6,Nov,765,845,104,4.4,0.0,2025-11-5,2025-11-05,4,,,,0
2025,11,6,5,Nov,434,497,61,8.5,0.0,2025-11-6,2025-11-06,5,,,,0
2025,11,6,6,Nov,733,855,112,7.9,0.0,2025-11-6,2025-11-06,5,,,,0
2025,11,6,7,Nov,1216,1411,285,7.6,0.0,2025-11-6,2025-11-06,5,,,,0
2025,11,6,8,Nov,1421,1783,375,7.9,0.0,2025-11-6,2025-11-06,5,,,,0
2025,11,6,20,Nov,2590,1652,404,7.1,0.0,2025-11-6,2025-11-06,5,,,,0
2025,11,6,21,Nov,2670,1688,334,6.6,0.0,2025-11-6,2025-11-06,5,,,,0
2025,11,1,20,Nov,1932,1914,304,9.0,0.0,2025-11-1,2025-11-01,7,,,,0
2025,11,6,11,Nov,1149,1127,201,10.3,0.0,2025-11-6,2025-11-06,5,,,,0
2025,11,8,7,Nov,533,740,104,11.7,0.4,2025-11-8,2025-11-08,7,,,,0
2025,11,8,20,Nov,1596,1694,327,13.0,0.0,2025-11-8,2025-11-08,7,,,,0
2025,11,10,0,Nov,737,534,132,13.7,0.1,2025-11-10,2025-11-10,2,,,,0
2025,11,10,14,Nov,1289,1061,267,10.3,0.42,2025-11-10,2025-11-10,2,,,,0
2025,11,11,5,Nov,420,500,46,0.9,0.0,2025-11-11,2025-11-11,3,,,,0
2025,11,13,13,Nov,1218,1035,188,8.1,0.2,2025-11-13,2025-11-13,5,,,,0
2025,11,13,17,Nov,1938,1764,428,8.9,0.0,2025-11-13,2025-11-13,5,,,,0
2025,11,14,11,Nov,1226,1153,201,7.6,0.0,2025-11-14,2025-11-14,6,,,,0
2025,11,14,18,Nov,2082,2240,439,8.0,0.0,2025-11-14,2025-11-14,6,,,,0
2025,11,16,7,Nov,552,695,80,11.3,0.0,2025-11-16,2025-11-16,1,,,,0
2025,11,17,7,Nov,1106,1149,208,1.4,0.0,2025-11-17,2025-11-17,2,,,,0
2025,11,11,6,Nov,625,829,109,1.1,0.0,2025-11-11,2025-11-11,3,,,,0
2025,11,12,8,Nov,1671,1779,462,2.2,0.0,2025-11-12,2025-11-12,4,,,,0
2025,11,12,19,Nov,1775,1443,328,7.7,0.0,2025-11-12,2025-11-12,4,,,,0
2025,11,12,23,Nov,1263,936,175,8.1,0.0,2025-11-12,2025-11-12,4,,,,0
2025,11,15,8,Nov,766,976,114,1.2,0.0,2025-11-15,2025-11-15,7,,,,0
2025,11,10,11,Nov,1083,1115,252,12.3,0.08,2025-11-10,2025-11-10,2,,,,0
2025,11,12,20,Nov,2128,1368,288,7.4,0.0,2025-11-12,2025-11-12,4,,,,0
2025,11,13,2,Nov,304,202,31,6.7,0.0,2025-11-13,2025-11-13,5,,,,0
2025,11,13,23,Nov,1834,1176,224,5.2,0.0,2025-11-13,2025-11-13,5,,,,0
2025,11,16,16,Nov,1486,1553,271,10.1,0.0,2025-11-16,2025-11-16,1,,,,0
2025,11,9,5,Nov,405,392,29,8.4,0.0,2025-11-9,2025-11-09,1,,,,0
2025,11,9,17,Nov,1718,1736,444,15.5,0.04,2025-11-9,2025-11-09,1,,,,0
2025,11,10,1,Nov,352,325,70,13.4,0.94,2025-11-10,2025-11-10,2,,,,0
2025,11,11,7,Nov,1114,1324,226,1.2,0.0,2025-11-11,2025-11-11,3,,,,0
2025,11,11,17,Nov,1714,1538,404,4.4,0.0,2025-11-11,2025-11-11,3,,,,0
2025,11,12,6,Nov,717,879,117,2.6,0.0,2025-11-12,2025-11-12,4,,,,0
2025,11,13,3,Nov,287,240,28,6.6,0.0,2025-11-13,2025-11-13,5,,,,0
2025,11,17,6,Nov,709,755,101,1.6,0.0,2025-11-17,2025-11-17,2,,,,0
2025,11,8,14,Nov,1420,1386,260,18.1,0.0,2025-11-8,2025-11-08,7,,,,0
2025,11,9,20,Nov,1386,1116,203,14.5,0.0,2025-11-9,2025-11-09,1,,,,0
2025,11,12,7,Nov,1169,1452,307,2.6,0.0,2025-11-12,2025-11-12,4,,,,0
2025,11,15,13,Nov,1485,1581,228,7.7,0.0,2025-11-15,2025-11-15,7,,,,0
2025,11,11,11,Nov,1092,976,268,2.5,0.04,2025-11-11,2025-11-11,3,,,,0
2025,11,12,14,Nov,1200,1036,197,9.0,0.0,2025-11-12,2025-11-12,4,,,,0
2025,11,8,19,Nov,1823,1874,372,14.1,0.0,2025-11-8,2025-11-08,7,,,,0
2025,11,11,16,Nov,1292,1162,319,4.1,0.06,2025-11-11,2025-11-11,3,,,,0
2025,11,12,4,Nov,262,372,38,2.7,0.0,2025-11-12,2025-11-12,4,,,,0
2025,11,13,16,Nov,1477,1456,289,9.8,0.0,2025-11-13,2025-11-13,5,,,,0
2025,11,14,4,Nov,489,475,52,4.3,0.0,2025-11-14,2025-11-14,6,,,,0
2025,11,15,10,Nov,1261,1265,204,3.6,0.0,2025-11-15,2025-11-15,7,,,,0
2025,11,9,3,Nov,975,577,98,9.4,0.0,2025-11-9,2025-11-09,1,,,,0
2025,11,9,4,Nov,683,382,78,8.9,0.0,2025-11-9,2025-11-09,1,,,,0
2025,11,9,21,Nov,1192,1012,167,14.1,0.0,2025-11-9,2025-11-09,1,,,,0
2025,11,13,0,Nov,832,498,112,7.5,0.0,2025-11-13,2025-11-13,5,,,,0
2025,11,13,20,Nov,2332,1757,308,6.8,0.0,2025-11-13,2025-11-13,5,,,,0
2025,11,15,4,Nov,613,370,64,3.9,0.0,2025-11-15,2025-11-15,7,,,,0
2025,11,17,5,Nov,432,609,60,1.8,0.0,2025-11-17,2025-11-17,2,,,,0
2025,11,10,20,Nov,1839,1390,248,4.3,0.0,2025-11-10,2025-11-10,2,,,,0
2025,11,10,21,Nov,2015,1282,304,3.4,0.0,2025-11-10,2025-11-10,2,,,,0
2025,11,11,13,Nov,1040,897,231,2.5,0.1,2025-11-11,2025-11-11,3,,,,0
2025,11,13,6,Nov,760,916,110,6.3,0.0,2025-11-13,2025-11-13,5,,,,0
2025,11,13,10,Nov,1125,1301,227,8.9,0.0,2025-11-13,2025-11-13,5,,,,0
2025,11,13,18,Nov,2037,1810,475,7.7,0.0,2025-11-13,2025-11-13,5,,,,0
2025,11,15,16,Nov,1791,1806,312,8.6,0.0,2025-11-15,2025-11-15,7,,,,0
2025,11,15,17,Nov,1873,1978,374,8.0,0.0,2025-11-15,2025-11-15,7,,,,0
2025,11,16,20,Nov,1264,1255,253,5.6,0.0,2025-11-16,2025-11-16,1,,,,0
2025,11,10,7,Nov,1021,1092,164,12.0,0.56,2025-11-10,2025-11-10,2,,,,0
2025,11,13,8,Nov,1565,1863,409,6.9,0.0,2025-11-13,2025-11-13,5,,,,0
2025,11,14,14,Nov,1297,1214,250,9.5,0.0,2025-11-14,2025-11-14,6,,,,0
2025,11,14,15,Nov,1302,1275,248,10.0,0.0,2025-11-14,2025-11-14,6,,,,0
2025,11,15,3,Nov,969,600,117,4.3,0.0,2025-11-15,2025-11-15,7,,,,0
2025,11,15,22,Nov,2247,1859,320,7.9,0.08,2025-11-15,2025-11-15,7,,,,0
2025,11,16,0,Nov,1772,1323,301,8.9,0.0,2025-11-16,2025-11-16,1,,,,0
2025,11,16,1,Nov,1973,1064,163,9.3,0.06,2025-11-16,2025-11-16,1,,,,0
2025,11,10,9,Nov,1084,1524,370,12.2,0.0,2025-11-10,2025-11-10,2,,,,0
2025,11,10,22,Nov,1420,1262,199,2.7,0.0,2025-11-10,2025-11-10,2,,,,0
2025,11,15,11,Nov,1437,1325,225,5.3,0.0,2025-11-15,2025-11-15,7,,,,0
2025,11,16,5,Nov,460,438,40,10.6,0.0,2025-11-16,2025-11-16,1,,,,0
2025,11,16,14,Nov,1330,1373,232,11.4,0.0,2025-11-16,2025-11-16,1,,,,0
2025,11,8,16,Nov,1679,1667,302,18.1,0.0,2025-11-8,2025-11-08,7,,,,0
2025,11,8,21,Nov,1978,1613,361,12.4,0.0,2025-11-8,2025-11-08,7,,,,0
2025,11,10,8,Nov,1306,1470,293,12.0,0.3,2025-11-10,2025-11-10,2,,,,0
2025,11,10,16,Nov,1331,1260,286,10.5,0.0,2025-11-10,2025-11-10,2,,,,0
2025,11,11,18,Nov,1901,1967,433,4.1,0.0,2025-11-11,2025-11-11,3,,,,0
2025,11,12,13,Nov,1083,1032,192,7.0,0.0,2025-11-12,2025-11-12,4,,,,0
2025,11,12,18,Nov,1993,1638,442,8.2,0.0,2025-11-12,2025-11-12,4,,,,0
2025,11,12,22,Nov,1855,1189,234,8.5,0.06,2025-11-12,2025-11-12,4,,,,0
2025,11,13,21,Nov,2411,1581,297,6.4,0.0,2025-11-13,2025-11-13,5,,,,0
2025,11,15,18,Nov,1992,1884,351,7.0,0.0,2025-11-15,2025-11-15,7,,,,0
2025,11,16,22,Nov,1175,977,206,4.7,0.0,2025-11-16,2025-11-16,1,,,,0
2025,11,12,9,Nov,1356,1435,313,3.3,0.0,2025-11-12,2025-11-12,4,,,,0
2025,11,12,21,Nov,2575,1371,270,8.4,0.0,2025-11-12,2025-11-12,4,,,,0
2025,11,14,6,Nov,801,805,97,3.5,0.0,2025-11-14,2025-11-14,6,,,,0
2025,11,15,23,Nov,2201,1781,308,8.2,0.0,2025-11-15,2025-11-15,7,,,,0
2025,11,17,0,Nov,674,443,112,3.9,0.0,2025-11-17,2025-11-17,2,,,,0
2025,11,17,2,Nov,369,141,52,3.5,0.0,2025-11-17,2025-11-17,2,,,,0
2025,11,10,4,Nov,393,326,38,12.9,0.78,2025-11-10,2025-11-10,2,,,,0
2025,11,11,23,Nov,1091,734,134,3.5,0.0,2025-11-11,2025-11-11,3,,,,0
2025,11,14,0,Nov,1353,866,183,4.7,0.0,2025-11-14,2025-11-14,6,,,,0
2025,11,14,1,Nov,914,498,122,4.7,0.0,2025-11-14,2025-11-14,6,,,,0
2025,11,14,2,Nov,594,350,74,4.7,0.0,2025-11-14,2025-11-14,6,,,,0
2025,11,14,7,Nov,1076,1127,189,3.1,0.0,2025-11-14,2025-11-14,6,,,,0
2025,11,14,10,Nov,1103,1109,188,5.9,0.0,2025-11-14,2025-11-14,6,,,,0
2025,11,15,1,Nov,1510,1166,220,4.4,0.0,2025-11-15,2025-11-15,7,,,,0
2025,11,9,6,Nov,429,563,59,9.0,0.0,2025-11-9,2025-11-09,1,,,,0
2025,11,9,9,Nov,877,1425,253,10.5,0.0,2025-11-9,2025-11-09,1,,,,0
2025,11,9,23,Nov,819,734,130,13.5,0.0,2025-11-9,2025-11-09,1,,,,0
2025,11,10,12,Nov,1233,1185,338,12.0,1.28,2025-11-10,2025-11-10,2,,,,0
2025,11,12,17,Nov,1816,1789,404,8.1,0.0,2025-11-12,2025-11-12,4,,,,0
2025,11,16,6,Nov,495,666,53,11.0,0.0,2025-11-16,2025-11-16,1,,,,0
2025,11,8,23,Nov,2030,1645,287,11.7,0.0,2025-11-8,2025-11-08,7,,,,0
2025,11,9,8,Nov,619,1000,186,9.4,0.0,2025-11-9,2025-11-09,1,,,,0
2025,11,10,17,Nov,1856,1590,364,8.9,0.0,2025-11-10,2025-11-10,2,,,,0
2025,11,10,19,Nov,1538,1300,261,5.1,0.0,2025-11-10,2025-11-10,2,,,,0
2025,11,11,19,Nov,1782,1610,379,3.7,0.0,2025-11-11,2025-11-11,3,,,,0
2025,11,14,9,Nov,1224,1337,211,4.2,0.0,2025-11-14,2025-11-14,6,,,,0
2025,11,14,17,Nov,1798,1833,379,9.2,0.0,2025-11-14,2025-11-14,6,,,,0
2025,11,14,20,Nov,1967,1865,324,6.9,0.0,2025-11-14,2025-11-14,6,,,,0
2025,11,16,13,Nov,1396,1456,245,11.8,0.0,2025-11-16,2025-11-16,1,,,,0
2025,11,9,13,Nov,1277,1433,263,15.1,0.0,2025-11-9,2025-11-09,1,,,,0
2025,11,10,2,Nov,300,209,30,13.6,1.34,2025-11-10,2025-11-10,2,,,,0
2025,11,11,2,Nov,267,220,34,1.2,0.0,2025-11-11,2025-11-11,3,,,,0
2025,11,12,2,Nov,216,171,30,2.7,0.0,2025-11-12,2025-11-12,4,,,,0
2025,11,14,19,Nov,2009,1931,392,7.7,0.0,2025-11-14,2025-11-14,6,,,,0
2025,11,16,11,Nov,1428,1543,221,12.8,0.0,2025-11-16,2025-11-16,1,,,,0
2025,11,9,18,Nov,1621,1227,293,14.9,0.0,2025-11-9,2025-11-09,1,,,,0
2025,11,9,19,Nov,1374,1117,241,14.8,0.1,2025-11-9,2025-11-09,1,,,,0
2025,11,10,23,Nov,989,863,147,2.2,0.0,2025-11-10,2025-11-10,2,,,,0
2025,11,11,0,Nov,731,503,108,1.7,0.0,2025-11-11,2025-11-11,3,,,,0
2025,11,12,11,Nov,1114,1123,240,4.9,0.0,2025-11-12,2025-11-12,4,,,,0
2025,11,13,12,Nov,1184,1118,261,7.3,0.54,2025-11-13,2025-11-13,5,,,,0
2025,11,9,10,Nov,1057,1425,255,12.9,0.0,2025-11-9,2025-11-09,1,,,,0
2025,11,11,3,Nov,271,163,31,0.8,0.0,2025-11-11,2025-11-11,3,,,,0
2025,11,11,15,Nov,1205,996,290,3.2,0.26,2025-11-11,2025-11-11,3,,,,0
2025,11,12,5,Nov,404,612,48,2.6,0.0,2025-11-12,2025-11-12,4,,,,0
2025,11,13,1,Nov,466,316,68,6.7,0.0,2025-11-13,2025-11-13,5,,,,0
2025,11,13,7,Nov,1257,1458,313,5.9,0.0,2025-11-13,2025-11-13,5,,,,0
2025,11,14,5,Nov,521,621,56,3.8,0.0,2025-11-14,2025-11-14,6,,,,0
2025,11,15,2,Nov,1218,897,177,4.6,0.0,2025-11-15,2025-11-15,7,,,,0
2025,11,8,15,Nov,1473,1484,284,18.3,0.0,2025-11-8,2025-11-08,7,,,,0
2025,11,8,22,Nov,2392,1855,384,11.9,0.0,2025-11-8,2025-11-08,7,,,,0
2025,11,10,15,Nov,1336,1123,292,10.4,1.52,2025-11-10,2025-11-10,2,,,,0
2025,11,11,20,Nov,1826,1361,310,3.7,0.0,2025-11-11,2025-11-11,3,,,,0
2025,11,12,10,Nov,1106,1114,261,4.1,0.0,2025-11-12,2025-11-12,4,,,,0
2025,11,14,23,Nov,2289,1609,357,6.1,0.0,2025-11-14,2025-11-14,6,,,,0
2025,11,15,7,Nov,553,719,59,2.0,0.0,2025-11-15,2025-11-15,7,,,,0
2025,11,15,20,Nov,2015,2094,467,8.2,0.0,2025-11-15,2025-11-15,7,,,,0
2025,11,17,1,Nov,440,283,63,3.7,0.06,2025-11-17,2025-11-17,2,,,,0
2025,11,9,12,Nov,1305,1478,244,15.4,0.0,2025-11-9,2025-11-09,1,,,,0
2025,11,10,3,Nov,304,189,33,13.0,2.12,2025-11-10,2025-11-10,2,,,,0
2025,11,10,5,Nov,435,529,67,12.6,0.1,2025-11-10,2025-11-10,2,,,,0
2025,11,14,12,Nov,1199,1126,214,9.0,0.0,2025-11-14,2025-11-14,6,,,,0
2025,11,15,9,Nov,1055,1159,142,2.5,0.0,2025-11-15,2025-11-15,7,,,,0
2025,11,16,4,Nov,779,446,63,10.4,0.0,2025-11-16,2025-11-16,1,,,,0
2025,11,10,10,Nov,964,1170,271,13.0,0.22,2025-11-10,2025-11-10,2,,,,0
2025,11,11,14,Nov,1113,928,239,3.4,0.0,2025-11-11,2025-11-11,3,,,,0
2025,11,12,0,Nov,613,490,87,3.0,0.0,2025-11-12,2025-11-12,4,,,,0
2025,11,12,1,Nov,310,239,36,2.6,0.0,2025-11-12,2025-11-12,4,,,,0
2025,11,13,4,Nov,333,414,31,6.6,0.0,2025-11-13,2025-11-13,5,,,,0
2025,11,13,9,Nov,1340,1534,297,7.6,0.0,2025-11-13,2025-11-13,5,,,,0
2025,11,15,19,Nov,2096,2167,396,7.0,0.0,2025-11-15,2025-11-15,7,,,,0
2025,11,16,8,Nov,678,912,98,11.8,0.0,2025-11-16,2025-11-16,1,,,,0
2025,11,9,22,Nov,1337,975,185,13.7,0.0,2025-11-9,2025-11-09,1,,,,0
2025,11,10,18,Nov,1782,1541,357,6.6,0.0,2025-11-10,2025-11-10,2,,,,0
2025,11,11,21,Nov,2160,1451,259,4.0,0.0,2025-11-11,2025-11-11,3,,,,0
2025,11,12,3,Nov,187,185,22,2.6,0.0,2025-11-12,2025-11-12,4,,,,0
2025,11,15,12,Nov,1551,1453,225,6.6,0.0,2025-11-15,2025-11-15,7,,,,0
2025,11,15,15,Nov,1505,1457,255,8.6,0.0,2025-11-15,2025-11-15,7,,,,0
2025,11,9,15,Nov,1571,1488,449,16.3,0.0,2025-11-9,2025-11-09,1,,,,0
2025,11,10,13,Nov,1444,1162,348,11.1,2.92,2025-11-10,2025-11-10,2,,,,0
2025,11,11,10,Nov,969,909,268,2.0,0.0,2025-11-11,2025-11-11,3,,,,0
2025,11,11,12,Nov,1049,892,229,2.6,0.1,2025-11-11,2025-11-11,3,,,,0
2025,11,14,3,Nov,488,305,44,4.7,0.0,2025-11-14,2025-11-14,6,,,,0
2025,11,14,8,Nov,1262,1368,307,3.0,0.0,2025-11-14,2025-11-14,6,,,,0
2025,11,16,12,Nov,1501,1370,236,12.2,0.0,2025-11-16,2025-11-16,1,,,,0
2025,11,17,9,Nov,1306,1176,246,3.0,0.0,2025-11-17,2025-11-17,2,,,,0
2025,11,9,14,Nov,1741,1721,500,15.1,0.0,2025-11-9,2025-11-09,1,,,,0
2025,11,12,15,Nov,1205,1108,235,9.1,0.0,2025-11-12,2025-11-12,4,,,,0
2025,11,13,19,Nov,2030,1759,389,6.9,0.0,2025-11-13,2025-11-13,5,,,,0
2025,11,14,13,Nov,1303,1144,194,9.4,0.0,2025-11-14,2025-11-14,6,,,,0
2025,11,16,2,Nov,1495,963,165,8.9,0.04,2025-11-16,2025-11-16,1,,,,0
2025,11,16,9,Nov,949,1241,129,12.0,0.0,2025-11-16,2025-11-16,1,,,,0
2025,11,16,10,Nov,1179,1406,187,12.6,0.0,2025-11-16,2025-11-16,1,,,,0
2025,11,17,3,Nov,258,151,33,2.8,0.0,2025-11-17,2025-11-17,2,,,,0
2025,11,9,7,Nov,473,701,89,9.2,0.0,2025-11-9,2025-11-09,1,,,,0
2025,11,11,4,Nov,321,318,30,0.8,0.0,2025-11-11,2025-11-11,3,,,,0
2025,11,11,22,Nov,1937,1113,222,3.9,0.0,2025-11-11,2025-11-11,3,,,,0
2025,11,15,0,Nov,1871,1404,238,5.4,0.0,2025-11-15,2025-11-15,7,,,,0
2025,11,15,6,Nov,499,675,57,2.8,0.0,2025-11-15,2025-11-15,7,,,,0
2025,11,16,23,Nov,1086,684,174,4.6,0.0,2025-11-16,2025-11-16,1,,,,0
2025,11,9,1,Nov,1664,1046,200,11.0,0.0,2025-11-9,2025-11-09,1,,,,0
2025,11,9,2,Nov,1296,803,153,10.3,0.0,2025-11-9,2025-11-09,1,,,,0
2025,11,9,16,Nov,1706,1737,452,15.9,0.06,2025-11-9,2025-11-09,1,,,,0
2025,11,10,6,Nov,633,794,92,12.1,0.0,2025-11-10,2025-11-10,2,,,,0
2025,11,13,22,Nov,2367,1473,265,6.1,0.0,2025-11-13,2025-11-13,5,,,,0
2025,11,15,21,Nov,1925,1718,313,7.8,2.88,2025-11-15,2025-11-15,7,,,,0
2025,11,16,3,Nov,1103,619,100,9.8,0.0,2025-11-16,2025-11-16,1,,,,0
2025,11,17,8,Nov,1411,1405,280,2.0,0.0,2025-11-17,2025-11-17,2,,,,0
2025,11,13,15,Nov,1356,1182,239,10.4,0.0,2025-11-13,2025-11-13,5,,,,0
2025,11,16,15,Nov,1363,1457,246,10.5,0.04,2025-11-16,2025-11-16,1,,,,0
2025,11,16,18,Nov,1542,1495,328,7.2,0.0,2025-11-16,2025-11-16,1,,,,0
2025,11,16,21,Nov,1462,1238,259,4.8,0.0,2025-11-16,2025-11-16,1,,,,0
2025,11,8,17,Nov,1852,2076,386,16.8,0.0,2025-11-8,2025-11-08,7,,,,0
2025,11,8,18,Nov,1853,2081,445,15.2,0.0,2025-11-8,2025-11-08,7,,,,0
2025,11,11,1,Nov,377,304,61,1.3,0.0,2025-11-11,2025-11-11,3,,,,0
2025,11,11,8,Nov,1523,1575,408,1.2,0.0,2025-11-11,2025-11-11,3,,,,0
2025,11,15,5,Nov,424,437,50,3.4,0.0,2025-11-15,2025-11-15,7,,,,0
2025,11,15,14,Nov,1328,1499,243,8.2,0.0,2025-11-15,2025-11-15,7,,,,0
2025,11,16,19,Nov,1472,1283,254,6.3,0.0,2025-11-16,2025-11-16,1,,,,0
2025,11,11,9,Nov,1284,1236,364,1.5,0.0,2025-11-11,2025-11-11,3,,,,0
2025,11,13,5,Nov,462,581,56,6.6,0.0,2025-11-13,2025-11-13,5,,,,0
2025,11,13,14,Nov,1301,1057,207,9.9,0.0,2025-11-13,2025-11-13,5,,,,0
2025,11,14,21,Nov,2322,1699,312,6.6,0.0,2025-11-14,2025-11-14,6,,,,0
2025,11,16,17,Nov,1739,1540,322,8.7,0.0,2025-11-16,2025-11-16,1,,,,0
2025,11,17,4,Nov,351,395,34,2.3,0.0,2025-11-17,2025-11-17,2,,,,0
2025,11,9,11,Nov,1361,1534,257,13.9,0.0,2025-11-9,2025-11-09,1,,,,0
2025,11,12,12,Nov,1034,954,210,5.9,0.0,2025-11-12,2025-11-12,4,,,,0
2025,11,12,16,Nov,1312,1423,298,8.1,0.0,2025-11-12,2025-11-12,4,,,,0
2025,11,14,16,Nov,1409,1480,273,9.6,0.0,2025-11-14,2025-11-14,6,,,,0
2025,11,9,0,Nov,1836,1378,245,11.3,0.0,2025-11-9,2025-11-09,1,,,,0
2025,11,13,11,Nov,1267,1288,252,7.8,0.1,2025-11-13,2025-11-13,5,,,,0
2025,11,14,22,Nov,2552,1698,321,6.5,0.0,2025-11-14,2025-11-14,6,,,,0
2025,11,22,2,Nov,1268,787,135,7.7,0.0,2025-11-22,2025-11-22,7,,,,0
2025,11,22,18,Nov,1752,1797,328,8.6,0.0,2025-11-22,2025-11-22,7,,,,0
2025,11,23,5,Nov,425,459,39,0.2,0.0,2025-11-23,2025-11-23,1,,,,0
2025,11,18,0,Nov,628,462,90,3.2,0.0,2025-11-18,2025-11-18,3,,,,0
2025,11,20,17,Nov,1634,1719,325,6.7,0.0,2025-11-20,2025-11-20,5,,,,0
2025,11,21,11,Nov,1081,1113,173,7.8,0.0,2025-11-21,2025-11-21,6,,,,0
2025,11,21,16,Nov,1329,1338,262,10.9,0.0,2025-11-21,2025-11-21,6,,,,0
2025,11,22,7,Nov,671,831,114,7.4,1.88,2025-11-22,2025-11-22,7,,,,0
2025,11,23,15,Nov,1219,1192,211,7.2,0.0,2025-11-23,2025-11-23,1,,,,0
2025,11,23,17,Nov,1323,1230,244,7.6,0.0,2025-11-23,2025-11-23,1,,,,0
2025,11,24,8,Nov,1166,1070,205,4.7,0.0,2025-11-24,2025-11-24,2,,,,0
2025,11,17,12,Nov,1055,894,161,5.4,0.0,2025-11-17,2025-11-17,2,,,,0
2025,11,17,16,Nov,1254,1282,226,6.0,0.0,2025-11-17,2025-11-17,2,,,,0
2025,11,17,18,Nov,1612,1610,331,4.8,0.0,2025-11-17,2025-11-17,2,,,,0
2025,11,19,7,Nov,1421,1531,394,2.4,0.82,2025-11-19,2025-11-19,4,,,,0
2025,11,19,10,Nov,1223,1147,244,3.5,0.38,2025-11-19,2025-11-19,4,,,,0
2025,11,20,20,Nov,2172,1464,288,3.5,0.0,2025-11-20,2025-11-20,5,,,,0
2025,11,22,21,Nov,1738,1551,277,5.7,0.0,2025-11-22,2025-11-22,7,,,,0
2025,11,23,22,Nov,939,911,135,5.8,0.0,2025-11-23,2025-11-23,1,,,,0
2025,11,24,5,Nov,356,521,54,4.4,0.0,2025-11-24,2025-11-24,2,,,,0
2025,11,17,11,Nov,1023,995,186,4.9,0.0,2025-11-17,2025-11-17,2,,,,0
2025,11,19,1,Nov,464,224,43,4.6,0.0,2025-11-19,2025-11-19,4,,,,0
2025,11,20,4,Nov,395,419,43,0.8,0.0,2025-11-20,2025-11-20,5,,,,0
2025,11,20,23,Nov,1808,1112,202,2.6,0.0,2025-11-20,2025-11-20,5,,,,0
2025,11,21,22,Nov,2091,1558,262,8.3,0.0,2025-11-21,2025-11-21,6,,,,0
2025,11,21,23,Nov,1833,1613,290,7.9,0.0,2025-11-21,2025-11-21,6,,,,0
2025,11,22,10,Nov,1224,1354,225,7.9,0.24,2025-11-22,2025-11-22,7,,,,0
2025,11,24,18,Nov,1253,1325,295,8.2,0.0,2025-11-24,2025-11-24,2,,,,0
2025,11,18,15,Nov,1241,1184,226,7.8,0.0,2025-11-18,2025-11-18,3,,,,0
2025,11,21,20,Nov,1820,1578,265,8.6,0.0,2025-11-21,2025-11-21,6,,,,0
2025,11,18,2,Nov,189,146,35,3.1,0.0,2025-11-18,2025-11-18,3,,,,0
2025,11,18,10,Nov,1049,1089,199,3.7,0.0,2025-11-18,2025-11-18,3,,,,0
2025,11,19,4,Nov,309,368,35,4.2,0.16,2025-11-19,2025-11-19,4,,,,0
2025,11,20,2,Nov,349,232,54,1.5,0.0,2025-11-20,2025-11-20,5,,,,0
2025,11,20,8,Nov,1630,1622,379,0.1,0.0,2025-11-20,2025-11-20,5,,,,0
2025,11,23,21,Nov,1092,938,163,6.1,0.0,2025-11-23,2025-11-23,1,,,,0
2025,11,22,1,Nov,1406,1015,157,7.0,0.0,2025-11-22,2025-11-22,7,,,,0
2025,11,23,11,Nov,1271,1394,217,4.1,0.0,2025-11-23,2025-11-23,1,,,,0
2025,11,23,13,Nov,1240,1317,222,5.3,0.0,2025-11-23,2025-11-23,1,,,,0
2025,11,23,18,Nov,1273,1288,227,7.1,0.0,2025-11-23,2025-11-23,1,,,,0
2025,11,19,11,Nov,1182,1105,214,4.4,0.1,2025-11-19,2025-11-19,4,,,,0
2025,11,20,0,Nov,906,567,139,2.0,0.0,2025-11-20,2025-11-20,5,,,,0
2025,11,21,6,Nov,732,843,100,3.7,0.0,2025-11-21,2025-11-21,6,,,,0
2025,11,18,22,Nov,1933,1053,217,4.7,0.0,2025-11-18,2025-11-18,3,,,,0
2025,11,20,7,Nov,1279,1364,278,0.3,0.0,2025-11-20,2025-11-20,5,,,,0
2025,11,22,11,Nov,1407,1415,275,8.4,0.06,2025-11-22,2025-11-22,7,,,,0
2025,11,22,19,Nov,1768,2105,342,7.3,0.0,2025-11-22,2025-11-22,7,,,,0
2025,11,17,21,Nov,1869,1295,292,3.8,0.0,2025-11-17,2025-11-17,2,,,,0
2025,11,18,3,Nov,197,138,31,2.8,0.0,2025-11-18,2025-11-18,3,,,,0
2025,11,19,3,Nov,226,178,31,4.5,0.12,2025-11-19,2025-11-19,4,,,,0
2025,11,19,5,Nov,449,570,55,3.9,0.2,2025-11-19,2025-11-19,4,,,,0
2025,11,20,6,Nov,767,871,103,0.6,0.0,2025-11-20,2025-11-20,5,,,,0
2025,11,21,2,Nov,580,343,53,2.9,0.0,2025-11-21,2025-11-21,6,,,,0
2025,11,21,9,Nov,1154,1263,220,4.9,0.0,2025-11-21,2025-11-21,6,,,,0
2025,11,24,14,Nov,901,889,170,10.8,0.0,2025-11-24,2025-11-24,2,,,,0
2025,11,17,23,Nov,1189,703,128,3.4,0.0,2025-11-17,2025-11-17,2,,,,0
2025,11,19,23,Nov,1310,919,183,2.4,0.0,2025-11-19,2025-11-19,4,,,,0
2025,11,20,1,Nov,502,327,60,1.5,0.0,2025-11-20,2025-11-20,5,,,,0
2025,11,21,13,Nov,1185,1028,199,10.8,0.0,2025-11-21,2025-11-21,6,,,,0
2025,11,21,17,Nov,1587,1597,299,10.5,0.0,2025-11-21,2025-11-21,6,,,,0
2025,11,22,6,Nov,542,645,57,7.4,0.62,2025-11-22,2025-11-22,7,,,,0
2025,11,17,17,Nov,1631,1701,346,5.7,0.0,2025-11-17,2025-11-17,2,,,,0
2025,11,21,21,Nov,2032,1416,277,8.4,0.0,2025-11-21,2025-11-21,6,,,,0
2025,11,22,15,Nov,1313,1403,216,10.9,0.0,2025-11-22,2025-11-22,7,,,,0
2025,11,23,23,Nov,732,674,86,5.4,0.0,2025-11-23,2025-11-23,1,,,,0
2025,11,24,2,Nov,211,144,31,4.9,0.0,2025-11-24,2025-11-24,2,,,,0
2025,11,17,10,Nov,1015,1018,195,4.1,0.0,2025-11-17,2025-11-17,2,,,,0
2025,11,21,0,Nov,1225,667,148,3.0,0.0,2025-11-21,2025-11-21,6,,,,0
2025,11,22,14,Nov,1303,1311,202,10.0,0.0,2025-11-22,2025-11-22,7,,,,0
2025,11,24,1,Nov,347,211,35,4.9,0.0,2025-11-24,2025-11-24,2,,,,0
2025,11,17,19,Nov,1451,1355,266,4.3,0.0,2025-11-17,2025-11-17,2,,,,0
2025,11,20,13,Nov,1235,1079,178,6.4,0.0,2025-11-20,2025-11-20,5,,,,0
2025,11,23,19,Nov,1196,1114,206,6.7,0.0,2025-11-23,2025-11-23,1,,,,0
2025,11,24,3,Nov,235,163,24,4.9,0.0,2025-11-24,2025-11-24,2,,,,0
2025,11,24,9,Nov,1025,1024,182,5.9,0.0,2025-11-24,2025-11-24,2,,,,0
2025,11,24,10,Nov,872,948,147,7.4,0.0,2025-11-24,2025-11-24,2,,,,0
2025,11,18,23,Nov,1573,717,147,4.1,0.0,2025-11-18,2025-11-18,3,,,,0
2025,11,19,13,Nov,1112,991,194,6.2,0.0,2025-11-19,2025-11-19,4,,,,0
2025,11,20,3,Nov,295,202,28,1.2,0.0,2025-11-20,2025-11-20,5,,,,0
2025,11,20,11,Nov,1136,1192,189,3.2,0.0,2025-11-20,2025-11-20,5,,,,0
2025,11,20,14,Nov,1349,1059,207,7.2,0.0,2025-11-20,2025-11-20,5,,,,0
2025,11,20,21,Nov,2448,1458,304,3.0,0.0,2025-11-20,2025-11-20,5,,,,0
2025,11,21,10,Nov,1079,1104,184,6.4,0.0,2025-11-21,2025-11-21,6,,,,0
2025,11,24,6,Nov,605,636,88,4.4,0.0,2025-11-24,2025-11-24,2,,,,0
2025,11,24,15,Nov,906,1055,140,11.3,0.0,2025-11-24,2025-11-24,2,,,,0
2025,11,18,5,Nov,390,554,58,1.9,0.0,2025-11-18,2025-11-18,3,,,,0
2025,11,20,16,Nov,1386,1342,252,7.6,0.0,2025-11-20,2025-11-20,5,,,,0
2025,11,22,9,Nov,1069,1158,166,7.4,0.48,2025-11-22,2025-11-22,7,,,,0
2025,11,24,7,Nov,925,916,157,4.2,0.0,2025-11-24,2025-11-24,2,,,,0
2025,11,24,16,Nov,968,1158,199,11.2,0.0,2025-11-24,2025-11-24,2,,,,0
2025,11,17,13,Nov,1043,988,170,6.0,0.0,2025-11-17,2025-11-17,2,,,,0
2025,11,20,18,Nov,1859,1866,370,5.0,0.0,2025-11-20,2025-11-20,5,,,,0
2025,11,21,3,Nov,442,311,43,2.7,0.0,2025-11-21,2025-11-21,6,,,,0
2025,11,21,14,Nov,1170,1021,223,10.2,0.0,2025-11-21,2025-11-21,6,,,,0
2025,11,21,18,Nov,1843,1748,351,9.9,0.0,2025-11-21,2025-11-21,6,,,,0
2025,11,18,6,Nov,697,856,100,1.5,0.0,2025-11-18,2025-11-18,3,,,,0
2025,11,18,12,Nov,1001,956,178,6.2,0.0,2025-11-18,2025-11-18,3,,,,0
2025,11,18,13,Nov,1070,1043,210,7.2,0.0,2025-11-18,2025-11-18,3,,,,0
2025,11,19,20,Nov,1975,1438,305,4.1,0.0,2025-11-19,2025-11-19,4,,,,0
2025,11,22,17,Nov,1534,1666,278,10.3,0.0,2025-11-22,2025-11-22,7,,,,0
2025,11,23,16,Nov,1232,1250,219,7.3,0.0,2025-11-23,2025-11-23,1,,,,0
2025,11,24,11,Nov,862,863,117,8.2,0.0,2025-11-24,2025-11-24,2,,,,0
2025,11,24,13,Nov,935,912,141,9.6,0.0,2025-11-24,2025-11-24,2,,,,0
2025,11,20,9,Nov,1285,1486,341,1.0,0.0,2025-11-20,2025-11-20,5,,,,0
2025,11,22,3,Nov,884,558,92,7.9,0.44,2025-11-22,2025-11-22,7,,,,0
2025,11,23,2,Nov,1418,802,160,1.7,0.0,2025-11-23,2025-11-23,1,,,,0
2025,11,24,17,Nov,1141,1246,223,10.1,0.0,2025-11-24,2025-11-24,2,,,,0
2025,11,21,8,Nov,1280,1313,236,4.1,0.0,2025-11-21,2025-11-21,6,,,,0
2025,11,21,12,Nov,1144,1054,164,8.9,0.0,2025-11-21,2025-11-21,6,,,,0
2025,11,17,22,Nov,1651,1048,227,3.6,0.0,2025-11-17,2025-11-17,2,,,,0
2025,11,18,19,Nov,1666,1444,315,6.5,0.0,2025-11-18,2025-11-18,3,,,,0
2025,11,19,19,Nov,1765,1583,331,5.6,0.0,2025-11-19,2025-11-19,4,,,,0
2025,11,20,15,Nov,1401,1107,219,7.8,0.0,2025-11-20,2025-11-20,5,,,,0
2025,11,21,15,Nov,1212,1141,209,10.6,0.0,2025-11-21,2025-11-21,6,,,,0
2025,11,23,0,Nov,1799,1314,266,3.4,0.0,2025-11-23,2025-11-23,1,,,,0
2025,11,23,6,Nov,478,618,53,0.0,0.0,2025-11-23,2025-11-23,1,,,,0
2025,11,18,14,Nov,1109,1066,202,7.4,0.0,2025-11-18,2025-11-18,3,,,,0
2025,11,19,21,Nov,2314,1393,284,3.4,0.0,2025-11-19,2025-11-19,4,,,,0
2025,11,20,5,Nov,456,578,66,0.7,0.0,2025-11-20,2025-11-20,5,,,,0
2025,11,22,4,Nov,643,394,56,7.7,0.24,2025-11-22,2025-11-22,7,,,,0
2025,11,22,8,Nov,842,1185,173,7.1,0.68,2025-11-22,2025-11-22,7,,,,0
2025,11,22,12,Nov,1391,1359,243,9.0,0.2,2025-11-22,2025-11-22,7,,,,0
2025,11,23,7,Nov,529,723,71,-0.3,0.0,2025-11-23,2025-11-23,1,,,,0
2025,11,17,20,Nov,1695,1365,242,3.9,0.0,2025-11-17,2025-11-17,2,,,,0
2025,11,18,1,Nov,308,240,44,2.9,0.0,2025-11-18,2025-11-18,3,,,,0
2025,11,18,7,Nov,1153,1327,279,1.2,0.0,2025-11-18,2025-11-18,3,,,,0
2025,11,18,16,Nov,1369,1401,292,7.6,0.0,2025-11-18,2025-11-18,3,,,,0
2025,11,22,23,Nov,2194,1694,348,4.3,0.0,2025-11-22,2025-11-22,7,,,,0
2025,11,24,0,Nov,473,358,77,5.1,0.0,2025-11-24,2025-11-24,2,,,,0
2025,11,18,8,Nov,1540,1688,372,1.0,0.0,2025-11-18,2025-11-18,3,,,,0
2025,11,18,17,Nov,1736,1884,450,7.0,0.0,2025-11-18,2025-11-18,3,,,,0
2025,11,19,9,Nov,1675,1644,493,3.1,0.32,2025-11-19,2025-11-19,4,,,,0
2025,11,20,19,Nov,1941,1763,328,4.4,0.0,2025-11-20,2025-11-20,5,,,,0
2025,11,18,18,Nov,1843,1830,394,6.6,0.0,2025-11-18,2025-11-18,3,,,,0
2025,11,18,21,Nov,2225,1328,241,5.7,0.0,2025-11-18,2025-11-18,3,,,,0
2025,11,19,6,Nov,833,916,152,3.9,0.34,2025-11-19,2025-11-19,4,,,,0
2025,11,19,14,Nov,1171,1037,216,7.7,0.0,2025-11-19,2025-11-19,4,,,,0
2025,11,19,16,Nov,1393,1342,265,8.2,0.0,2025-11-19,2025-11-19,4,,,,0
2025,11,22,20,Nov,1564,1749,319,6.4,0.0,2025-11-22,2025-11-22,7,,,,0
2025,11,23,4,Nov,706,359,50,0.6,0.0,2025-11-23,2025-11-23,1,,,,0
2025,11,19,0,Nov,859,473,89,4.3,0.0,2025-11-19,2025-11-19,4,,,,0
2025,11,19,17,Nov,1737,1707,406,7.9,0.0,2025-11-19,2025-11-19,4,,,,0
2025,11,20,22,Nov,2321,1382,275,2.6,0.0,2025-11-20,2025-11-20,5,,,,0
2025,11,21,1,Nov,778,439,91,3.5,0.0,2025-11-21,2025-11-21,6,,,,0
2025,11,23,1,Nov,1478,1053,215,2.6,0.0,2025-11-23,2025-11-23,1,,,,0
2025,11,23,3,Nov,1086,546,119,1.1,0.0,2025-11-23,2025-11-23,1,,,,0
2025,11,24,4,Nov,288,384,40,4.5,0.0,2025-11-24,2025-11-24,2,,,,0
2025,11,19,12,Nov,1094,1030,199,5.3,0.0,2025-11-19,2025-11-19,4,,,,0
2025,11,20,10,Nov,1147,1142,229,2.1,0.0,2025-11-20,2025-11-20,5,,,,0
2025,11,23,20,Nov,1150,1052,182,6.3,0.0,2025-11-23,2025-11-23,1,,,,0
2025,11,17,14,Nov,1103,1050,193,6.1,0.0,2025-11-17,2025-11-17,2,,,,0
2025,11,18,9,Nov,1310,1448,301,2.1,0.0,2025-11-18,2025-11-18,3,,,,0
2025,11,22,0,Nov,1692,1308,231,7.0,0.0,2025-11-22,2025-11-22,7,,,,0
2025,11,22,22,Nov,2033,1672,300,5.1,0.0,2025-11-22,2025-11-22,7,,,,0
2025,11,24,12,Nov,892,849,136,9.0,0.0,2025-11-24,2025-11-24,2,,,,0
2025,11,18,4,Nov,255,338,26,2.3,0.0,2025-11-18,2025-11-18,3,,,,0
2025,11,18,11,Nov,1059,972,199,5.3,0.0,2025-11-18,2025-11-18,3,,,,0
2025,11,19,22,Nov,2080,1225,256,2.8,0.0,2025-11-19,2025-11-19,4,,,,0
2025,11,21,4,Nov,461,404,32,2.9,0.0,2025-11-21,2025-11-21,6,,,,0
2025,11,21,19,Nov,1977,1716,298,9.3,0.0,2025-11-21,2025-11-21,6,,,,0
2025,11,22,16,Nov,1472,1544,270,10.8,0.0,2025-11-22,2025-11-22,7,,,,0
2025,11,23,9,Nov,838,1064,111,0.3,0.0,2025-11-23,2025-11-23,1,,,,0
2025,11,23,10,Nov,1126,1381,194,1.6,0.0,2025-11-23,2025-11-23,1,,,,0
2025,11,17,15,Nov,1088,1192,187,5.8,0.0,2025-11-17,2025-11-17,2,,,,0
2025,11,19,8,Nov,1703,1798,609,2.9,1.56,2025-11-19,2025-11-19,4,,,,0
2025,11,19,18,Nov,1772,1647,353,6.7,0.0,2025-11-19,2025-11-19,4,,,,0
2025,11,21,5,Nov,552,627,62,3.2,0.0,2025-11-21,2025-11-21,6,,,,0
2025,11,23,14,Nov,1190,1321,195,7.2,0.0,2025-11-23,2025-11-23,1,,,,0
2025,11,18,20,Nov,2203,1526,286,6.1,0.0,2025-11-18,2025-11-18,3,,,,0
2025,11,19,15,Nov,1265,1145,231,8.3,0.0,2025-11-19,2025-11-19,4,,,,0
2025,11,20,12,Nov,1124,999,175,4.8,0.0,2025-11-20,2025-11-20,5,,,,0
2025,11,22,5,Nov,434,467,49,7.5,0.62,2025-11-22,2025-11-22,7,,,,0
2025,11,23,12,Nov,1287,1388,236,4.5,0.0,2025-11-23,2025-11-23,1,,,,0
2025,11,19,2,Nov,245,197,38,4.7,0.0,2025-11-19,2025-11-19,4,,,,0
2025,11,21,7,Nov,986,1002,199,3.9,0.0,2025-11-21,2025-11-21,6,,,,0
2025,11,22,13,Nov,1386,1450,248,9.3,0.0,2025-11-22,2025-11-22,7,,,,0
2025,11,23,8,Nov,685,814,79,-0.8,0.0,2025-11-23,2025-11-23,1,,,,0
2024,10,31,23,Oct,1966,1734,331,21.6,0.0,2024-10-31,2024-10-31,5,,,,0
2024,11,1,5,Nov,530,617,68,19.5,0.0,2024-11-1,2024-11-01,6,,,,0
2024,11,1,15,Nov,1346,1394,247,26.1,0.0,2024-11-1,2024-11-01,6,,,,0
2024,11,2,15,Nov,1798,1591,292,15.8,0.0,2024-11-2,2024-11-02,7,,,,0
2024,11,2,20,Nov,1980,1835,313,10.6,0.0,2024-11-2,2024-11-02,7,,,,0
2024,11,4,7,Nov,1026,1035,187,4.5,0.0,2024-11-4,2024-11-04,2,,,,0
2024,11,4,15,Nov,1087,1086,164,14.2,0.0,2024-11-4,2024-11-04,2,,,,0
2024,11,4,18,Nov,1325,1435,271,13.3,0.0,2024-11-4,2024-11-04,2,,,,0
2024,11,5,21,Nov,1324,1078,193,18.5,0.0,2024-11-5,2024-11-05,3,,,,0
2024,11,5,22,Nov,1332,1069,189,18.0,0.0,2024-11-5,2024-11-05,3,,,,0
2024,11,7,15,Nov,1283,1191,227,22.4,0.0,2024-11-7,2024-11-07,5,,,,0
2024,11,8,0,Nov,1146,752,127,11.3,0.0,2024-11-8,2024-11-08,6,,,,0
2024,11,8,3,Nov,427,331,60,8.8,0.0,2024-11-8,2024-11-08,6,,,,0
2024,11,8,7,Nov,928,1030,183,7.1,0.0,2024-11-8,2024-11-08,6,,,,0
2024,11,8,12,Nov,1149,1114,176,17.4,0.0,2024-11-8,2024-11-08,6,,,,0
2024,11,5,1,Nov,310,210,41,10.4,0.0,2024-11-5,2024-11-05,3,,,,0
2024,11,6,6,Nov,682,806,105,16.9,0.0,2024-11-6,2024-11-06,4,,,,0
2024,11,3,16,Nov,1162,1232,212,13.1,0.0,2024-11-3,2024-11-03,1,,,,0
2024,11,5,6,Nov,677,783,84,9.2,0.0,2024-11-5,2024-11-05,3,,,,0
2024,11,7,3,Nov,273,214,39,17.0,0.0,2024-11-7,2024-11-07,5,,,,0
2024,11,7,17,Nov,1758,1853,331,19.8,0.0,2024-11-7,2024-11-07,5,,,,0
2024,11,8,4,Nov,483,448,44,8.1,0.0,2024-11-8,2024-11-08,6,,,,0
2024,11,8,14,Nov,1201,1221,216,20.3,0.0,2024-11-8,2024-11-08,6,,,,0
2024,11,2,6,Nov,401,682,59,10.1,0.0,2024-11-2,2024-11-02,7,,,,0
2024,11,3,1,Nov,3231,2464,441,6.6,0.0,2024-11-3,2024-11-03,1,,,,0
2024,11,3,23,Nov,875,663,116,5.0,0.0,2024-11-3,2024-11-03,1,,,,0
2024,11,5,15,Nov,1028,1023,179,22.5,0.0,2024-11-5,2024-11-05,3,,,,0
2024,11,6,14,Nov,992,966,175,25.9,0.0,2024-11-6,2024-11-06,4,,,,0
2024,11,6,19,Nov,1532,1334,236,22.9,0.0,2024-11-6,2024-11-06,4,,,,0
2024,11,7,10,Nov,1097,1407,230,20.4,0.0,2024-11-7,2024-11-07,5,,,,0
2024,11,8,21,Nov,2106,1700,295,16.1,0.0,2024-11-8,2024-11-08,6,,,,0
2024,11,8,23,Nov,2130,1652,305,13.2,0.0,2024-11-8,2024-11-08,6,,,,0
2024,11,1,8,Nov,1129,1259,189,19.3,0.0,2024-11-1,2024-11-01,6,,,,0
2024,11,4,10,Nov,1034,1114,180,9.9,0.0,2024-11-4,2024-11-04,2,,,,0
2024,11,6,17,Nov,1599,1535,310,26.1,0.0,2024-11-6,2024-11-06,4,,,,0
2024,11,8,11,Nov,1119,1148,199,15.1,0.0,2024-11-8,2024-11-08,6,,,,0
2024,11,1,6,Nov,623,722,68,19.6,0.06,2024-11-1,2024-11-01,6,,,,0
2024,11,3,8,Nov,777,817,128,3.8,0.0,2024-11-3,2024-11-03,1,,,,0
2024,11,4,13,Nov,909,935,176,14.0,0.0,2024-11-4,2024-11-04,2,,,,0
2024,11,6,12,Nov,959,914,149,23.3,0.0,2024-11-6,2024-11-06,4,,,,0
2024,11,7,12,Nov,1036,1016,161,22.1,0.0,2024-11-7,2024-11-07,5,,,,0
2024,11,2,10,Nov,1276,1572,236,12.4,0.0,2024-11-2,2024-11-02,7,,,,0
2024,11,3,4,Nov,732,404,55,4.8,0.0,2024-11-3,2024-11-03,1,,,,0
2024,11,4,2,Nov,406,152,31,3.6,0.0,2024-11-4,2024-11-04,2,,,,0
2024,11,7,6,Nov,752,830,118,16.5,0.0,2024-11-7,2024-11-07,5,,,,0
2024,11,7,11,Nov,1139,1066,186,21.3,0.0,2024-11-7,2024-11-07,5,,,,0
2024,11,4,1,Nov,351,208,51,4.1,0.0,2024-11-4,2024-11-04,2,,,,0
2024,11,8,9,Nov,1106,1269,184,9.5,0.0,2024-11-8,2024-11-08,6,,,,0
2024,11,1,4,Nov,815,545,91,19.9,0.0,2024-11-1,2024-11-01,6,,,,0
2024,11,2,5,Nov,351,500,40,10.3,0.0,2024-11-2,2024-11-02,7,,,,0
2024,11,3,18,Nov,1389,1478,249,9.7,0.0,2024-11-3,2024-11-03,1,,,,0
2024,11,3,19,Nov,1528,1425,245,8.3,0.0,2024-11-3,2024-11-03,1,,,,0
2024,11,3,6,Nov,546,520,68,4.1,0.0,2024-11-3,2024-11-03,1,,,,0
2024,11,5,3,Nov,163,181,25,10.1,0.0,2024-11-5,2024-11-05,3,,,,0
2024,11,5,14,Nov,917,935,142,22.3,0.0,2024-11-5,2024-11-05,3,,,,0
2024,11,5,23,Nov,1126,883,133,17.7,0.0,2024-11-5,2024-11-05,3,,,,0
2024,11,6,1,Nov,485,307,59,17.1,0.0,2024-11-6,2024-11-06,4,,,,0
2024,11,8,18,Nov,1980,2254,419,17.5,0.0,2024-11-8,2024-11-08,6,,,,0
2024,11,1,0,Nov,2013,1369,317,21.3,0.0,2024-11-1,2024-11-01,6,,,,0
2024,11,3,20,Nov,1425,1402,250,7.4,0.0,2024-11-3,2024-11-03,1,,,,0
2024,11,6,16,Nov,1199,1245,217,26.8,0.0,2024-11-6,2024-11-06,4,,,,0
2024,11,8,19,Nov,2067,1826,414,16.1,0.0,2024-11-8,2024-11-08,6,,,,0
2024,11,8,22,Nov,2406,1791,358,14.3,0.0,2024-11-8,2024-11-08,6,,,,0
2024,11,1,10,Nov,1002,1238,181,20.8,0.0,2024-11-1,2024-11-01,6,,,,0
2024,11,2,8,Nov,729,1116,155,9.6,0.0,2024-11-2,2024-11-02,7,,,,0
2024,11,2,14,Nov,1731,1602,272,15.6,0.0,2024-11-2,2024-11-02,7,,,,0
2024,11,5,8,Nov,1204,1183,232,9.8,0.0,2024-11-5,2024-11-05,3,,,,0
2024,11,6,18,Nov,1731,1496,331,24.3,0.0,2024-11-6,2024-11-06,4,,,,0
2024,11,1,11,Nov,1131,1275,188,22.8,0.0,2024-11-1,2024-11-01,6,,,,0
2024,11,1,16,Nov,1553,1590,304,24.8,0.0,2024-11-1,2024-11-01,6,,,,0
2024,11,2,7,Nov,489,877,87,9.5,0.0,2024-11-2,2024-11-02,7,,,,0
2024,11,6,0,Nov,814,540,82,17.3,0.0,2024-11-6,2024-11-06,4,,,,0
2024,11,6,23,Nov,1115,824,145,20.0,0.0,2024-11-6,2024-11-06,4,,,,0
2024,11,7,8,Nov,1439,1587,342,15.8,0.0,2024-11-7,2024-11-07,5,,,,0
2024,11,7,13,Nov,1158,989,169,22.7,0.0,2024-11-7,2024-11-07,5,,,,0
2024,11,1,20,Nov,2186,1802,321,17.8,0.0,2024-11-1,2024-11-01,6,,,,0
2024,11,2,4,Nov,694,470,71,10.9,0.0,2024-11-2,2024-11-02,7,,,,0
2024,11,3,0,Nov,1867,1879,276,7.3,0.0,2024-11-3,2024-11-03,1,,,,0
2024,11,4,0,Nov,681,389,66,4.4,0.0,2024-11-4,2024-11-04,2,,,,0
2024,11,4,11,Nov,993,1035,167,12.4,0.0,2024-11-4,2024-11-04,2,,,,0
2024,11,5,19,Nov,1390,1251,247,19.5,0.0,2024-11-5,2024-11-05,3,,,,0
2024,11,7,7,Nov,1124,1307,261,15.8,0.0,2024-11-7,2024-11-07,5,,,,0
2024,11,2,2,Nov,1546,1070,207,12.3,0.0,2024-11-2,2024-11-02,7,,,,0
2024,11,2,3,Nov,1325,786,148,11.6,0.0,2024-11-2,2024-11-02,7,,,,0
2024,11,2,9,Nov,960,1397,203,11.5,0.0,2024-11-2,2024-11-02,7,,,,0
2024,11,2,18,Nov,2020,1845,333,12.8,0.0,2024-11-2,2024-11-02,7,,,,0
2024,11,4,4,Nov,330,365,17,4.1,0.0,2024-11-4,2024-11-04,2,,,,0
2024,11,3,17,Nov,1281,1240,227,12.4,0.0,2024-11-3,2024-11-03,1,,,,0
2024,11,4,5,Nov,397,490,44,3.9,0.0,2024-11-4,2024-11-04,2,,,,0
2024,11,4,8,Nov,1363,1243,240,5.4,0.0,2024-11-4,2024-11-04,2,,,,0
2024,11,6,4,Nov,298,305,28,17.6,0.0,2024-11-6,2024-11-06,4,,,,0
2024,11,6,22,Nov,1677,1148,202,20.9,0.0,2024-11-6,2024-11-06,4,,,,0
2024,11,7,0,Nov,793,525,119,19.2,0.0,2024-11-7,2024-11-07,5,,,,0
2024,11,1,7,Nov,806,831,122,19.2,0.0,2024-11-1,2024-11-01,6,,,,0
2024,11,1,9,Nov,1037,1272,223,19.7,0.36,2024-11-1,2024-11-01,6,,,,0
2024,11,6,2,Nov,355,211,31,17.2,0.0,2024-11-6,2024-11-06,4,,,,0
2024,11,8,2,Nov,609,326,62,9.7,0.0,2024-11-8,2024-11-08,6,,,,0
2024,11,8,6,Nov,680,819,99,7.4,0.0,2024-11-8,2024-11-08,6,,,,0
2024,11,1,22,Nov,2247,1942,287,16.2,0.0,2024-11-1,2024-11-01,6,,,,0
2024,11,5,2,Nov,289,161,31,10.3,0.0,2024-11-5,2024-11-05,3,,,,0
2024,11,5,9,Nov,957,1056,203,12.1,0.0,2024-11-5,2024-11-05,3,,,,0
2024,11,8,16,Nov,1356,1463,293,20.4,0.0,2024-11-8,2024-11-08,6,,,,0
2024,11,1,1,Nov,1761,1109,222,21.0,0.0,2024-11-1,2024-11-01,6,,,,0
2024,11,1,3,Nov,1246,611,156,19.9,0.0,2024-11-1,2024-11-01,6,,,,0
2024,11,6,21,Nov,1878,1259,202,22.4,0.0,2024-11-6,2024-11-06,4,,,,0
2024,11,7,21,Nov,2291,1501,286,14.2,0.0,2024-11-7,2024-11-07,5,,,,0
2024,11,8,13,Nov,1281,1139,220,19.2,0.0,2024-11-8,2024-11-08,6,,,,0
2024,11,2,19,Nov,2097,1902,356,11.5,0.0,2024-11-2,2024-11-02,7,,,,0
2024,11,4,6,Nov,766,868,96,4.1,0.0,2024-11-4,2024-11-04,2,,,,0
2024,11,4,17,Nov,1364,1390,286,14.1,0.0,2024-11-4,2024-11-04,2,,,,0
2024,11,4,20,Nov,1371,1094,192,11.4,0.0,2024-11-4,2024-11-04,2,,,,0
2024,11,5,16,Nov,1130,1078,212,22.2,0.0,2024-11-5,2024-11-05,3,,,,0
2024,11,5,20,Nov,1346,1192,204,19.1,0.0,2024-11-5,2024-11-05,3,,,,0
2024,11,6,8,Nov,1314,1398,272,16.4,0.0,2024-11-6,2024-11-06,4,,,,0
2024,11,7,1,Nov,454,304,67,18.0,0.0,2024-11-7,2024-11-07,5,,,,0
2024,11,7,2,Nov,347,190,44,17.5,0.0,2024-11-7,2024-11-07,5,,,,0
2024,11,7,19,Nov,1895,1584,280,15.7,0.0,2024-11-7,2024-11-07,5,,,,0
2024,11,1,23,Nov,2174,1921,306,14.9,0.0,2024-11-1,2024-11-01,6,,,,0
2024,11,2,11,Nov,1470,1721,262,13.5,0.0,2024-11-2,2024-11-02,7,,,,0
2024,11,3,15,Nov,1103,1082,179,13.1,0.0,2024-11-3,2024-11-03,1,,,,0
2024,11,5,7,Nov,862,954,165,9.2,0.0,2024-11-5,2024-11-05,3,,,,0
2024,11,7,23,Nov,1677,1241,210,12.3,0.0,2024-11-7,2024-11-07,5,,,,0
2024,11,1,19,Nov,2183,1752,365,19.9,0.0,2024-11-1,2024-11-01,6,,,,0
2024,11,2,13,Nov,1682,1585,330,15.0,0.0,2024-11-2,2024-11-02,7,,,,0
2024,11,3,2,Nov,1229,758,170,5.9,0.0,2024-11-3,2024-11-03,1,,,,0
2024,11,3,22,Nov,1302,1035,188,5.5,0.0,2024-11-3,2024-11-03,1,,,,0
2024,11,5,17,Nov,1318,1275,233,21.8,0.0,2024-11-5,2024-11-05,3,,,,0
2024,11,6,20,Nov,1799,1339,265,21.6,0.0,2024-11-6,2024-11-06,4,,,,0
2024,11,7,9,Nov,1214,1277,281,17.9,0.0,2024-11-7,2024-11-07,5,,,,0
2024,11,8,5,Nov,475,553,48,7.7,0.0,2024-11-8,2024-11-08,6,,,,0
2024,11,8,20,Nov,1845,1756,305,15.2,0.0,2024-11-8,2024-11-08,6,,,,0
2024,11,1,13,Nov,1331,1233,275,25.8,0.0,2024-11-1,2024-11-01,6,,,,0
2024,11,1,14,Nov,1339,1306,232,26.2,0.0,2024-11-1,2024-11-01,6,,,,0
2024,11,2,16,Nov,1786,1673,275,15.6,0.0,2024-11-2,2024-11-02,7,,,,0
2024,11,3,10,Nov,1027,1121,208,6.9,0.0,2024-11-3,2024-11-03,1,,,,0
2024,11,6,10,Nov,981,926,173,20.2,0.0,2024-11-6,2024-11-06,4,,,,0
2024,11,6,13,Nov,983,953,156,24.8,0.0,2024-11-6,2024-11-06,4,,,,0
2024,11,1,2,Nov,1584,784,163,20.3,0.0,2024-11-1,2024-11-01,6,,,,0
2024,11,1,18,Nov,2052,1900,361,21.6,0.0,2024-11-1,2024-11-01,6,,,,0
2024,11,2,21,Nov,2039,1800,317,9.7,0.0,2024-11-2,2024-11-02,7,,,,0
2024,11,4,16,Nov,1075,1218,195,14.1,0.0,2024-11-4,2024-11-04,2,,,,0
2024,11,4,19,Nov,1276,1187,206,11.8,0.0,2024-11-4,2024-11-04,2,,,,0
2024,11,4,23,Nov,933,673,106,9.7,0.0,2024-11-4,2024-11-04,2,,,,0
2024,11,5,4,Nov,277,394,40,9.9,0.0,2024-11-5,2024-11-05,3,,,,0
2024,11,5,11,Nov,860,934,154,16.9,0.0,2024-11-5,2024-11-05,3,,,,0
2024,11,5,13,Nov,926,882,160,21.4,0.0,2024-11-5,2024-11-05,3,,,,0
2024,11,5,18,Nov,1585,1309,245,20.2,0.0,2024-11-5,2024-11-05,3,,,,0
2024,11,6,5,Nov,466,470,43,17.2,0.0,2024-11-6,2024-11-06,4,,,,0
2024,11,6,15,Nov,1098,1062,223,26.6,0.0,2024-11-6,2024-11-06,4,,,,0
2024,11,1,12,Nov,1241,1162,243,24.5,0.0,2024-11-1,2024-11-01,6,,,,0
2024,11,2,0,Nov,1970,1698,289,13.9,0.0,2024-11-2,2024-11-02,7,,,,0
2024,11,2,12,Nov,1648,1677,298,14.3,0.0,2024-11-2,2024-11-02,7,,,,0
2024,11,3,3,Nov,995,576,111,5.3,0.0,2024-11-3,2024-11-03,1,,,,0
2024,11,3,11,Nov,1131,1086,231,8.6,0.0,2024-11-3,2024-11-03,1,,,,0
2024,11,3,13,Nov,1204,1120,209,11.4,0.0,2024-11-3,2024-11-03,1,,,,0
2024,11,5,10,Nov,871,877,168,14.6,0.0,2024-11-5,2024-11-05,3,,,,0
2024,11,2,1,Nov,1715,1366,207,13.0,0.0,2024-11-2,2024-11-02,7,,,,0
2024,11,3,14,Nov,1094,1162,213,12.5,0.0,2024-11-3,2024-11-03,1,,,,0
2024,11,4,9,Nov,1194,1176,209,6.8,0.0,2024-11-4,2024-11-04,2,,,,0
2024,11,4,22,Nov,1284,886,156,11.0,0.0,2024-11-4,2024-11-04,2,,,,0
2024,11,7,5,Nov,421,505,49,16.4,0.0,2024-11-7,2024-11-07,5,,,,0
2024,11,7,16,Nov,1380,1416,241,21.3,0.0,2024-11-7,2024-11-07,5,,,,0
2024,11,8,8,Nov,1226,1237,190,7.1,0.0,2024-11-8,2024-11-08,6,,,,0
2024,11,1,17,Nov,1760,1813,306,23.7,0.0,2024-11-1,2024-11-01,6,,,,0
2024,11,6,11,Nov,971,970,148,21.7,0.0,2024-11-6,2024-11-06,4,,,,0
2024,11,7,14,Nov,1183,1122,208,22.6,0.0,2024-11-7,2024-11-07,5,,,,0
2024,11,2,17,Nov,1798,1797,327,14.5,0.0,2024-11-2,2024-11-02,7,,,,0
2024,11,2,22,Nov,2220,1884,318,9.0,0.0,2024-11-2,2024-11-02,7,,,,0
2024,11,2,23,Nov,2168,1913,332,8.2,0.0,2024-11-2,2024-11-02,7,,,,0
2024,11,3,5,Nov,629,442,44,4.4,0.0,2024-11-3,2024-11-03,1,,,,0
2024,11,3,21,Nov,1514,1217,220,6.0,0.0,2024-11-3,2024-11-03,1,,,,0
2024,11,8,15,Nov,1323,1299,300,20.5,0.0,2024-11-8,2024-11-08,6,,,,0
2024,11,3,7,Nov,604,630,72,3.8,0.0,2024-11-3,2024-11-03,1,,,,0
2024,11,4,14,Nov,976,1021,149,14.2,0.0,2024-11-4,2024-11-04,2,,,,0
2024,11,5,0,Nov,512,430,45,10.5,0.0,2024-11-5,2024-11-05,3,,,,0
2024,11,6,9,Nov,1160,1319,220,18.6,0.0,2024-11-6,2024-11-06,4,,,,0
2024,11,7,18,Nov,1919,1765,365,17.6,0.0,2024-11-7,2024-11-07,5,,,,0
2024,11,7,20,Nov,2100,1586,356,14.5,0.0,2024-11-7,2024-11-07,5,,,,0
2024,11,8,1,Nov,811,502,112,10.5,0.0,2024-11-8,2024-11-08,6,,,,0
2024,11,8,17,Nov,1684,1752,329,19.2,0.0,2024-11-8,2024-11-08,6,,,,0
2024,11,3,9,Nov,884,945,144,4.9,0.0,2024-11-3,2024-11-03,1,,,,0
2024,11,3,12,Nov,1162,1125,204,10.1,0.0,2024-11-3,2024-11-03,1,,,,0
2024,11,4,21,Nov,1427,1101,184,10.0,0.0,2024-11-4,2024-11-04,2,,,,0
2024,11,6,3,Nov,255,219,29,17.6,0.0,2024-11-6,2024-11-06,4,,,,0
2024,11,4,3,Nov,212,214,27,4.2,0.0,2024-11-4,2024-11-04,2,,,,0
2024,11,4,12,Nov,906,901,167,13.7,0.0,2024-11-4,2024-11-04,2,,,,0
2024,11,5,5,Nov,342,444,49,9.6,0.0,2024-11-5,2024-11-05,3,,,,0
2024,11,7,4,Nov,320,359,37,16.7,0.0,2024-11-7,2024-11-07,5,,,,0
2024,11,1,21,Nov,2329,1795,304,17.5,0.0,2024-11-1,2024-11-01,6,,,,0
2024,11,5,12,Nov,923,829,144,19.2,0.0,2024-11-5,2024-11-05,3,,,,0
2024,11,6,7,Nov,1036,1059,176,16.6,0.0,2024-11-6,2024-11-06,4,,,,0
2024,11,7,22,Nov,2047,1509,232,13.3,0.0,2024-11-7,2024-11-07,5,,,,0
2024,11,8,10,Nov,1116,1157,186,12.2,0.0,2024-11-8,2024-11-08,6,,,,0
2024,11,9,0,Nov,1867,1477,278,11.9,0.0,2024-11-9,2024-11-09,7,,,,0
2024,11,10,19,Nov,1407,1299,235,12.5,0.06,2024-11-10,2024-11-10,1,,,,0
2024,11,12,14,Nov,1032,1083,168,10.7,0.0,2024-11-12,2024-11-12,3,,,,0
2024,11,14,1,Nov,549,346,64,3.7,0.0,2024-11-14,2024-11-14,5,,,,0
2024,11,18,4,Nov,345,346,28,7.8,0.0,2024-11-18,2024-11-18,2,,,,0
2024,11,11,0,Nov,846,490,126,13.2,0.3,2024-11-11,2024-11-11,2,,,,0
2024,11,11,11,Nov,973,1028,249,17.4,0.0,2024-11-11,2024-11-11,2,,,,0
2024,11,11,14,Nov,1252,967,203,20.7,0.0,2024-11-11,2024-11-11,2,,,,0
2024,11,13,23,Nov,1341,936,178,4.4,0.0,2024-11-13,2024-11-13,4,,,,0
2024,11,14,21,Nov,2637,1710,336,5.7,0.0,2024-11-14,2024-11-14,5,,,,0
2024,11,15,21,Nov,1935,1689,300,11.1,0.0,2024-11-15,2024-11-15,6,,,,0
2024,11,16,16,Nov,1739,1752,328,16.2,0.0,2024-11-16,2024-11-16,7,,,,0
2024,11,17,17,Nov,1455,1439,247,16.3,0.0,2024-11-17,2024-11-17,1,,,,0
2024,11,9,9,Nov,1024,1311,217,6.4,0.0,2024-11-9,2024-11-09,7,,,,0
2024,11,14,2,Nov,382,196,55,3.5,0.0,2024-11-14,2024-11-14,5,,,,0
2024,11,14,16,Nov,1485,1564,268,7.6,0.0,2024-11-14,2024-11-14,5,,,,0
2024,11,14,18,Nov,1904,2153,443,6.7,0.0,2024-11-14,2024-11-14,5,,,,0
2024,11,14,22,Nov,2289,1560,268,5.5,0.0,2024-11-14,2024-11-14,5,,,,0
2024,11,16,2,Nov,1363,950,176,7.4,0.0,2024-11-16,2024-11-16,7,,,,0
2024,11,16,6,Nov,464,723,75,6.5,0.0,2024-11-16,2024-11-16,7,,,,0
2024,11,16,9,Nov,1007,1190,144,8.9,0.0,2024-11-16,2024-11-16,7,,,,0
2024,11,18,0,Nov,688,395,76,9.5,0.0,2024-11-18,2024-11-18,2,,,,0
2024,11,9,10,Nov,1257,1551,213,7.6,0.0,2024-11-9,2024-11-09,7,,,,0
2024,11,10,3,Nov,1319,736,133,3.1,0.0,2024-11-10,2024-11-10,1,,,,0
2024,11,10,9,Nov,954,1517,254,4.7,0.0,2024-11-10,2024-11-10,1,,,,0
2024,11,11,15,Nov,1278,1035,215,20.8,0.0,2024-11-11,2024-11-11,2,,,,0
2024,11,14,0,Nov,984,593,146,4.0,0.0,2024-11-14,2024-11-14,5,,,,0
2024,11,16,10,Nov,1236,1448,232,10.3,0.0,2024-11-16,2024-11-16,7,,,,0
2024,11,16,12,Nov,1529,1623,291,13.4,0.0,2024-11-16,2024-11-16,7,,,,0
2024,11,17,12,Nov,1495,1432,225,14.5,0.0,2024-11-17,2024-11-17,1,,,,0
2024,11,17,13,Nov,1393,1451,211,16.2,0.0,2024-11-17,2024-11-17,1,,,,0
2024,11,11,8,Nov,1202,1378,290,14.0,0.0,2024-11-11,2024-11-11,2,,,,0
2024,11,11,12,Nov,960,904,188,18.9,0.0,2024-11-11,2024-11-11,2,,,,0
2024,11,11,13,Nov,1183,946,201,20.1,0.0,2024-11-11,2024-11-11,2,,,,0
2024,11,12,18,Nov,1697,1682,388,8.9,0.0,2024-11-12,2024-11-12,3,,,,0
2024,11,13,4,Nov,270,276,24,2.9,0.0,2024-11-13,2024-11-13,4,,,,0
2024,11,13,7,Nov,1237,1274,263,1.7,0.0,2024-11-13,2024-11-13,4,,,,0
2024,11,14,6,Nov,768,835,106,1.9,0.0,2024-11-14,2024-11-14,5,,,,0
2024,11,14,20,Nov,2345,1806,313,6.2,0.0,2024-11-14,2024-11-14,5,,,,0
2024,11,15,3,Nov,430,324,47,4.3,0.0,2024-11-15,2024-11-15,6,,,,0
2024,11,16,21,Nov,1857,1788,336,11.7,0.0,2024-11-16,2024-11-16,7,,,,0
2024,11,17,3,Nov,1276,758,146,8.0,0.0,2024-11-17,2024-11-17,1,,,,0
2024,11,17,18,Nov,1305,1541,269,14.5,0.0,2024-11-17,2024-11-17,1,,,,0
2024,11,9,11,Nov,1420,1557,297,8.9,0.0,2024-11-9,2024-11-09,7,,,,0
2024,11,13,10,Nov,1195,1254,192,3.8,0.0,2024-11-13,2024-11-13,4,,,,0
2024,11,11,19,Nov,1466,1251,219,16.2,0.0,2024-11-11,2024-11-11,2,,,,0
2024,11,12,22,Nov,1798,1184,238,6.3,0.0,2024-11-12,2024-11-12,3,,,,0
2024,11,16,5,Nov,360,449,64,6.5,0.0,2024-11-16,2024-11-16,7,,,,0
2024,11,17,8,Nov,759,880,94,6.6,0.0,2024-11-17,2024-11-17,1,,,,0
2024,11,18,6,Nov,703,800,89,8.5,0.0,2024-11-18,2024-11-18,2,,,,0
2024,11,9,8,Nov,751,1175,162,4.5,0.0,2024-11-9,2024-11-09,7,,,,0
2024,11,10,2,Nov,1542,1019,214,4.0,0.0,2024-11-10,2024-11-10,1,,,,0
2024,11,10,18,Nov,1568,1619,325,12.6,0.0,2024-11-10,2024-11-10,1,,,,0
2024,11,12,7,Nov,1159,1181,209,9.5,0.0,2024-11-12,2024-11-12,3,,,,0
2024,11,12,19,Nov,1646,1594,367,7.9,0.0,2024-11-12,2024-11-12,3,,,,0
2024,11,15,11,Nov,1125,1193,215,7.6,0.0,2024-11-15,2024-11-15,6,,,,0
2024,11,16,8,Nov,726,1083,83,6.6,0.0,2024-11-16,2024-11-16,7,,,,0
2024,11,17,0,Nov,1961,1591,272,9.5,0.0,2024-11-17,2024-11-17,1,,,,0
2024,11,17,6,Nov,496,575,48,7.0,0.0,2024-11-17,2024-11-17,1,,,,0
2024,11,9,2,Nov,1242,887,130,9.2,0.0,2024-11-9,2024-11-09,7,,,,0
2024,11,11,20,Nov,1369,1192,196,15.0,0.0,2024-11-11,2024-11-11,2,,,,0
2024,11,12,5,Nov,383,546,59,10.2,0.0,2024-11-12,2024-11-12,3,,,,0
2024,11,12,17,Nov,1624,1652,338,9.8,0.0,2024-11-12,2024-11-12,3,,,,0
2024,11,16,7,Nov,539,787,76,6.4,0.0,2024-11-16,2024-11-16,7,,,,0
2024,11,16,20,Nov,1737,1832,356,11.8,0.0,2024-11-16,2024-11-16,7,,,,0
2024,11,17,7,Nov,603,658,72,6.7,0.0,2024-11-17,2024-11-17,1,,,,0
2024,11,10,22,Nov,1600,1445,324,12.8,0.5,2024-11-10,2024-11-10,1,,,,0
2024,11,12,3,Nov,209,190,37,12.3,0.0,2024-11-12,2024-11-12,3,,,,0
2024,11,12,8,Nov,1511,1519,382,9.3,0.0,2024-11-12,2024-11-12,3,,,,0
2024,11,13,9,Nov,1429,1481,312,2.7,0.0,2024-11-13,2024-11-13,4,,,,0
2024,11,13,13,Nov,1044,1029,175,7.8,0.0,2024-11-13,2024-11-13,4,,,,0
2024,11,14,8,Nov,1557,1531,348,1.5,0.0,2024-11-14,2024-11-14,5,,,,0
2024,11,15,5,Nov,461,510,44,4.6,0.0,2024-11-15,2024-11-15,6,,,,0
2024,11,15,14,Nov,1269,1233,225,13.3,0.0,2024-11-15,2024-11-15,6,,,,0
2024,11,9,18,Nov,1957,2110,376,10.0,0.0,2024-11-9,2024-11-09,7,,,,0
2024,11,10,7,Nov,510,856,96,3.2,0.0,2024-11-10,2024-11-10,1,,,,0
2024,11,11,5,Nov,335,482,41,13.9,1.16,2024-11-11,2024-11-11,2,,,,0
2024,11,12,9,Nov,1379,1228,279,10.8,0.0,2024-11-12,2024-11-12,3,,,,0
2024,11,13,15,Nov,1241,1166,212,9.2,0.0,2024-11-13,2024-11-13,4,,,,0
2024,11,15,19,Nov,2056,1936,370,12.1,0.0,2024-11-15,2024-11-15,6,,,,0
2024,11,17,14,Nov,1408,1324,208,17.4,0.0,2024-11-17,2024-11-17,1,,,,0
2024,11,18,9,Nov,1084,1184,197,10.9,0.0,2024-11-18,2024-11-18,2,,,,0
2024,11,9,6,Nov,402,699,71,5.4,0.0,2024-11-9,2024-11-09,7,,,,0
2024,11,10,1,Nov,1701,1289,186,4.0,0.0,2024-11-10,2024-11-10,1,,,,0
2024,11,15,13,Nov,1241,1165,170,11.7,0.0,2024-11-15,2024-11-15,6,,,,0
2024,11,16,1,Nov,1614,1179,222,8.0,0.0,2024-11-16,2024-11-16,7,,,,0
2024,11,17,10,Nov,1171,1394,178,10.0,0.0,2024-11-17,2024-11-17,1,,,,0
2024,11,9,7,Nov,481,941,88,4.8,0.0,2024-11-9,2024-11-09,7,,,,0
2024,11,9,14,Nov,1405,1536,279,12.3,0.0,2024-11-9,2024-11-09,7,,,,0
2024,11,10,4,Nov,791,516,88,3.1,0.0,2024-11-10,2024-11-10,1,,,,0
2024,11,10,13,Nov,1412,1593,250,13.5,0.0,2024-11-10,2024-11-10,1,,,,0
2024,11,11,4,Nov,331,304,30,13.9,0.82,2024-11-11,2024-11-11,2,,,,0
2024,11,11,16,Nov,1251,1070,249,20.5,0.0,2024-11-11,2024-11-11,2,,,,0
2024,11,13,20,Nov,2130,1586,284,6.4,0.0,2024-11-13,2024-11-13,4,,,,0
2024,11,14,12,Nov,1156,1104,211,6.5,0.0,2024-11-14,2024-11-14,5,,,,0
2024,11,15,10,Nov,1210,1244,219,5.7,0.0,2024-11-15,2024-11-15,6,,,,0
2024,11,17,5,Nov,498,458,45,7.3,0.0,2024-11-17,2024-11-17,1,,,,0
2024,11,11,17,Nov,1500,1228,302,19.5,0.0,2024-11-11,2024-11-11,2,,,,0
2024,11,12,12,Nov,1024,968,183,10.5,0.0,2024-11-12,2024-11-12,3,,,,0
2024,11,12,23,Nov,1156,823,124,5.6,0.0,2024-11-12,2024-11-12,3,,,,0
2024,11,13,19,Nov,1927,1588,324,7.0,0.0,2024-11-13,2024-11-13,4,,,,0
2024,11,15,2,Nov,628,344,69,4.3,0.0,2024-11-15,2024-11-15,6,,,,0
2024,11,15,7,Nov,1074,992,141,3.6,0.0,2024-11-15,2024-11-15,6,,,,0
2024,11,9,5,Nov,342,447,38,6.1,0.0,2024-11-9,2024-11-09,7,,,,0
2024,11,11,1,Nov,470,272,80,13.3,0.3,2024-11-11,2024-11-11,2,,,,0
2024,11,12,16,Nov,1340,1343,256,10.5,0.0,2024-11-12,2024-11-12,3,,,,0
2024,11,15,9,Nov,1264,1250,216,4.5,0.0,2024-11-15,2024-11-15,6,,,,0
2024,11,15,15,Nov,1287,1253,226,14.4,0.0,2024-11-15,2024-11-15,6,,,,0
2024,11,16,11,Nov,1426,1428,237,11.8,0.0,2024-11-16,2024-11-16,7,,,,0
2024,11,18,8,Nov,1285,1320,203,9.4,0.0,2024-11-18,2024-11-18,2,,,,0
2024,11,9,16,Nov,1667,1758,336,12.9,0.0,2024-11-9,2024-11-09,7,,,,0
2024,11,13,22,Nov,2178,1367,250,4.9,0.0,2024-11-13,2024-11-13,4,,,,0
2024,11,14,15,Nov,1360,1300,226,7.8,0.0,2024-11-14,2024-11-14,5,,,,0
2024,11,15,0,Nov,1256,824,137,5.3,0.0,2024-11-15,2024-11-15,6,,,,0
2024,11,15,4,Nov,453,406,40,4.4,0.0,2024-11-15,2024-11-15,6,,,,0
2024,11,16,18,Nov,1891,2061,363,13.6,0.0,2024-11-16,2024-11-16,7,,,,0
2024,11,16,23,Nov,2241,1766,305,10.2,0.0,2024-11-16,2024-11-16,7,,,,0
2024,11,10,0,Nov,1973,1624,256,5.1,0.0,2024-11-10,2024-11-10,1,,,,0
2024,11,10,8,Nov,699,1190,236,4.3,0.0,2024-11-10,2024-11-10,1,,,,0
2024,11,14,9,Nov,1456,1477,287,2.0,0.0,2024-11-14,2024-11-14,5,,,,0
2024,11,17,21,Nov,1590,1086,201,11.9,0.0,2024-11-17,2024-11-17,1,,,,0
2024,11,18,3,Nov,262,218,38,8.1,0.0,2024-11-18,2024-11-18,2,,,,0
2024,11,11,7,Nov,839,1023,141,13.9,0.0,2024-11-11,2024-11-11,2,,,,0
2024,11,11,21,Nov,1449,1191,155,13.4,0.0,2024-11-11,2024-11-11,2,,,,0
2024,11,12,11,Nov,1097,1013,183,10.4,0.0,2024-11-12,2024-11-12,3,,,,0
2024,11,13,2,Nov,254,171,35,3.9,0.0,2024-11-13,2024-11-13,4,,,,0
2024,11,13,3,Nov,193,189,31,3.4,0.0,2024-11-13,2024-11-13,4,,,,0
2024,11,13,12,Nov,1067,1008,197,6.6,0.0,2024-11-13,2024-11-13,4,,,,0
2024,11,16,3,Nov,1082,647,139,7.0,0.0,2024-11-16,2024-11-16,7,,,,0
2024,11,16,19,Nov,1923,2158,408,12.6,0.0,2024-11-16,2024-11-16,7,,,,0
2024,11,16,22,Nov,2249,1901,315,10.9,0.0,2024-11-16,2024-11-16,7,,,,0
2024,11,17,11,Nov,1405,1517,215,12.4,0.0,2024-11-17,2024-11-17,1,,,,0
2024,11,17,16,Nov,1380,1422,206,18.1,0.0,2024-11-17,2024-11-17,1,,,,0
2024,11,9,15,Nov,1487,1558,304,12.8,0.0,2024-11-9,2024-11-09,7,,,,0
2024,11,14,11,Nov,1209,1111,178,5.1,0.0,2024-11-14,2024-11-14,5,,,,0
2024,11,15,17,Nov,1659,1587,289,14.2,0.0,2024-11-15,2024-11-15,6,,,,0
2024,11,17,19,Nov,1307,1254,215,14.1,0.0,2024-11-17,2024-11-17,1,,,,0
2024,11,9,17,Nov,1984,1991,392,12.2,0.0,2024-11-9,2024-11-09,7,,,,0
2024,11,11,2,Nov,317,195,59,13.5,0.36,2024-11-11,2024-11-11,2,,,,0
2024,11,12,20,Nov,2037,1568,325,7.1,0.0,2024-11-12,2024-11-12,3,,,,0
2024,11,15,12,Nov,1195,1153,199,9.8,0.0,2024-11-15,2024-11-15,6,,,,0
2024,11,16,13,Nov,1464,1473,268,15.0,0.0,2024-11-16,2024-11-16,7,,,,0
2024,11,17,4,Nov,836,506,85,7.6,0.0,2024-11-17,2024-11-17,1,,,,0
2024,11,9,1,Nov,1541,1155,209,10.9,0.0,2024-11-9,2024-11-09,7,,,,0
2024,11,11,18,Nov,1606,1274,294,17.4,0.0,2024-11-11,2024-11-11,2,,,,0
2024,11,12,21,Nov,2182,1434,272,7.1,0.0,2024-11-12,2024-11-12,3,,,,0
2024,11,13,0,Nov,711,481,92,5.0,0.0,2024-11-13,2024-11-13,4,,,,0
2024,11,14,7,Nov,1191,1198,242,1.6,0.0,2024-11-14,2024-11-14,5,,,,0
2024,11,15,6,Nov,731,820,80,4.5,0.0,2024-11-15,2024-11-15,6,,,,0
2024,11,16,17,Nov,1831,1763,310,15.0,0.0,2024-11-16,2024-11-16,7,,,,0
2024,11,9,12,Nov,1536,1591,333,10.2,0.0,2024-11-9,2024-11-09,7,,,,0
2024,11,10,6,Nov,409,589,60,2.5,0.0,2024-11-10,2024-11-10,1,,,,0
2024,11,10,21,Nov,1506,1321,256,12.7,0.0,2024-11-10,2024-11-10,1,,,,0
2024,11,12,2,Nov,273,145,40,11.4,0.0,2024-11-12,2024-11-12,3,,,,0
2024,11,12,6,Nov,765,897,94,9.4,0.0,2024-11-12,2024-11-12,3,,,,0
2024,11,13,11,Nov,1184,1099,191,5.3,0.0,2024-11-13,2024-11-13,4,,,,0
2024,11,13,16,Nov,1311,1457,245,9.2,0.0,2024-11-13,2024-11-13,4,,,,0
2024,11,14,10,Nov,1196,1151,226,3.5,0.0,2024-11-14,2024-11-14,5,,,,0
2024,11,14,13,Nov,1221,1163,183,7.4,0.0,2024-11-14,2024-11-14,5,,,,0
2024,11,14,19,Nov,2072,1790,328,6.5,0.0,2024-11-14,2024-11-14,5,,,,0
2024,11,16,15,Nov,1511,1588,273,16.5,0.0,2024-11-16,2024-11-16,7,,,,0
2024,11,15,23,Nov,2263,1778,329,9.3,0.0,2024-11-15,2024-11-15,6,,,,0
2024,11,17,1,Nov,2338,1246,224,9.0,0.0,2024-11-17,2024-11-17,1,,,,0
2024,11,9,3,Nov,999,642,119,7.9,0.0,2024-11-9,2024-11-09,7,,,,0
2024,11,9,4,Nov,648,359,69,6.9,0.0,2024-11-9,2024-11-09,7,,,,0
2024,11,9,13,Nov,1381,1607,332,11.4,0.0,2024-11-9,2024-11-09,7,,,,0
2024,11,10,14,Nov,1416,1470,236,14.5,0.0,2024-11-10,2024-11-10,1,,,,0
2024,11,10,16,Nov,1751,1511,331,13.7,0.0,2024-11-10,2024-11-10,1,,,,0
2024,11,11,6,Nov,594,729,76,13.9,0.0,2024-11-11,2024-11-11,2,,,,0
2024,11,12,13,Nov,1030,952,155,10.5,0.0,2024-11-12,2024-11-12,3,,,,0
2024,11,13,1,Nov,349,262,40,4.4,0.0,2024-11-13,2024-11-13,4,,,,0
2024,11,14,4,Nov,345,325,33,2.8,0.0,2024-11-14,2024-11-14,5,,,,0
2024,11,14,23,Nov,1937,1232,228,5.3,0.0,2024-11-14,2024-11-14,5,,,,0
2024,11,15,22,Nov,2402,1770,291,10.3,0.0,2024-11-15,2024-11-15,6,,,,0
2024,11,18,5,Nov,413,496,43,8.3,0.0,2024-11-18,2024-11-18,2,,,,0
2024,11,18,7,Nov,947,1049,160,9.4,0.0,2024-11-18,2024-11-18,2,,,,0
2024,11,9,21,Nov,1893,1736,300,7.6,0.0,2024-11-9,2024-11-09,7,,,,0
2024,11,10,10,Nov,1208,1661,286,7.8,0.0,2024-11-10,2024-11-10,1,,,,0
2024,11,11,22,Nov,1115,1054,179,12.1,0.0,2024-11-11,2024-11-11,2,,,,0
2024,11,12,0,Nov,565,463,75,11.2,0.0,2024-11-12,2024-11-12,3,,,,0
2024,11,12,15,Nov,1187,1150,197,10.8,0.0,2024-11-12,2024-11-12,3,,,,0
2024,11,13,21,Nov,2282,1562,259,5.6,0.0,2024-11-13,2024-11-13,4,,,,0
2024,11,14,5,Nov,452,480,57,2.4,0.0,2024-11-14,2024-11-14,5,,,,0
2024,11,17,23,Nov,920,726,105,10.3,0.0,2024-11-17,2024-11-17,1,,,,0
2024,11,11,23,Nov,899,763,129,11.4,0.0,2024-11-11,2024-11-11,2,,,,0
2024,11,13,6,Nov,790,905,114,2.0,0.0,2024-11-13,2024-11-13,4,,,,0
2024,11,17,9,Nov,976,1157,139,7.8,0.0,2024-11-17,2024-11-17,1,,,,0
2024,11,18,2,Nov,288,126,34,8.4,0.0,2024-11-18,2024-11-18,2,,,,0
2024,11,10,23,Nov,1222,961,190,13.2,0.2,2024-11-10,2024-11-10,1,,,,0
2024,11,12,4,Nov,303,336,29,11.9,0.0,2024-11-12,2024-11-12,3,,,,0
2024,11,16,4,Nov,589,396,77,6.7,0.0,2024-11-16,2024-11-16,7,,,,0
2024,11,17,22,Nov,1222,962,161,11.2,0.0,2024-11-17,2024-11-17,1,,,,0
2024,11,18,1,Nov,349,225,30,8.7,0.0,2024-11-18,2024-11-18,2,,,,0
2024,11,9,22,Nov,2475,1999,430,6.4,0.0,2024-11-9,2024-11-09,7,,,,0
2024,11,11,3,Nov,340,179,51,13.8,0.3,2024-11-11,2024-11-11,2,,,,0
2024,11,12,1,Nov,318,224,52,11.1,0.0,2024-11-12,2024-11-12,3,,,,0
2024,11,13,8,Nov,1478,1699,380,1.4,0.0,2024-11-13,2024-11-13,4,,,,0
2024,11,13,14,Nov,1177,1060,169,8.7,0.0,2024-11-13,2024-11-13,4,,,,0
2024,11,15,16,Nov,1265,1393,243,14.9,0.0,2024-11-15,2024-11-15,6,,,,0
2024,11,17,15,Nov,1244,1302,211,18.1,0.0,2024-11-17,2024-11-17,1,,,,0
2024,11,9,20,Nov,1809,1832,324,8.3,0.0,2024-11-9,2024-11-09,7,,,,0
2024,11,9,23,Nov,2403,1938,352,5.7,0.0,2024-11-9,2024-11-09,7,,,,0
2024,11,12,10,Nov,1130,1063,208,10.5,0.0,2024-11-12,2024-11-12,3,,,,0
2024,11,13,5,Nov,398,501,55,2.4,0.0,2024-11-13,2024-11-13,4,,,,0
2024,11,14,3,Nov,292,216,32,3.3,0.0,2024-11-14,2024-11-14,5,,,,0
2024,11,14,14,Nov,1341,1153,184,7.8,0.0,2024-11-14,2024-11-14,5,,,,0
2024,11,15,8,Nov,1292,1216,225,3.3,0.0,2024-11-15,2024-11-15,6,,,,0
2024,11,15,20,Nov,1830,1751,329,11.2,0.0,2024-11-15,2024-11-15,6,,,,0
2024,11,17,20,Nov,1295,1205,191,12.9,0.0,2024-11-17,2024-11-17,1,,,,0
2024,11,10,5,Nov,436,497,44,2.8,0.0,2024-11-10,2024-11-10,1,,,,0
2024,11,10,15,Nov,1482,1454,245,14.1,0.0,2024-11-10,2024-11-10,1,,,,0
2024,11,11,10,Nov,983,1123,276,15.9,0.0,2024-11-11,2024-11-11,2,,,,0
2024,11,14,17,Nov,1728,1977,367,7.2,0.0,2024-11-14,2024-11-14,5,,,,0
2024,11,15,18,Nov,1861,1979,336,12.8,0.0,2024-11-15,2024-11-15,6,,,,0
2024,11,16,0,Nov,2105,1573,312,8.6,0.0,2024-11-16,2024-11-16,7,,,,0
2024,11,9,19,Nov,1853,1963,370,8.9,0.0,2024-11-9,2024-11-09,7,,,,0
2024,11,10,11,Nov,1283,1684,279,9.6,0.0,2024-11-10,2024-11-10,1,,,,0
2024,11,10,12,Nov,1489,1699,284,11.8,0.0,2024-11-10,2024-11-10,1,,,,0
2024,11,15,1,Nov,917,573,93,4.8,0.0,2024-11-15,2024-11-15,6,,,,0
2024,11,16,14,Nov,1415,1518,248,16.2,0.0,2024-11-16,2024-11-16,7,,,,0
2024,11,17,2,Nov,1688,923,193,8.4,0.0,2024-11-17,2024-11-17,1,,,,0
2024,11,10,17,Nov,1759,1461,385,13.0,0.0,2024-11-10,2024-11-10,1,,,,0
2024,11,10,20,Nov,1369,1252,218,12.3,0.12,2024-11-10,2024-11-10,1,,,,0
2024,11,11,9,Nov,1132,1570,371,14.8,0.0,2024-11-11,2024-11-11,2,,,,0
2024,11,13,17,Nov,1783,1800,361,8.8,0.0,2024-11-13,2024-11-13,4,,,,0
2024,11,13,18,Nov,2004,2055,427,7.6,0.0,2024-11-13,2024-11-13,4,,,,0
2024,11,21,12,Nov,1404,1194,238,8.3,0.5,2024-11-21,2024-11-21,5,,,,0
2024,11,23,23,Nov,2296,1942,402,8.0,0.0,2024-11-23,2024-11-23,7,,,,0
2024,11,20,1,Nov,448,262,53,10.5,0.0,2024-11-20,2024-11-20,4,,,,0
2024,11,20,23,Nov,1415,1067,198,12.2,0.0,2024-11-20,2024-11-20,4,,,,0
2024,11,22,6,Nov,720,864,113,3.6,0.42,2024-11-22,2024-11-22,6,,,,0
2024,11,23,9,Nov,1064,1301,175,4.9,0.0,2024-11-23,2024-11-23,7,,,,0
2024,11,23,11,Nov,1509,1665,287,7.1,0.0,2024-11-23,2024-11-23,7,,,,0
2024,11,24,7,Nov,611,689,66,5.4,0.0,2024-11-24,2024-11-24,1,,,,0
2024,11,19,21,Nov,2043,1463,252,11.6,0.0,2024-11-19,2024-11-19,3,,,,0
2024,11,21,0,Nov,977,719,154,12.0,0.0,2024-11-21,2024-11-21,5,,,,0
2024,11,22,12,Nov,1287,1284,214,4.7,0.1,2024-11-22,2024-11-22,6,,,,0
2024,11,23,19,Nov,1788,1934,398,6.7,0.0,2024-11-23,2024-11-23,7,,,,0
2024,11,24,9,Nov,987,1318,149,7.8,0.0,2024-11-24,2024-11-24,1,,,,0
2024,11,18,11,Nov,996,997,150,14.3,0.0,2024-11-18,2024-11-18,2,,,,0
2024,11,19,9,Nov,1275,1311,266,8.0,0.0,2024-11-19,2024-11-19,3,,,,0
2024,11,21,3,Nov,461,265,89,10.6,2.56,2024-11-21,2024-11-21,5,,,,0
2024,11,21,4,Nov,399,367,55,10.4,3.9,2024-11-21,2024-11-21,5,,,,0
2024,11,21,7,Nov,1226,1247,235,9.1,3.58,2024-11-21,2024-11-21,5,,,,0
2024,11,21,9,Nov,1757,1674,485,7.9,0.0,2024-11-21,2024-11-21,5,,,,0
2024,11,21,21,Nov,2191,1800,354,5.8,1.7,2024-11-21,2024-11-21,5,,,,0
2024,11,22,9,Nov,1394,1248,266,3.4,0.42,2024-11-22,2024-11-22,6,,,,0
2024,11,22,16,Nov,1410,1653,326,4.1,0.2,2024-11-22,2024-11-22,6,,,,0
2024,11,23,1,Nov,1685,1158,226,3.0,0.34,2024-11-23,2024-11-23,7,,,,0
2024,11,23,15,Nov,1503,1617,261,8.8,0.0,2024-11-23,2024-11-23,7,,,,0
2024,11,24,15,Nov,1251,1392,216,10.7,0.0,2024-11-24,2024-11-24,1,,,,0
2024,11,24,17,Nov,1442,1458,271,9.8,0.0,2024-11-24,2024-11-24,1,,,,0
2024,11,18,20,Nov,1642,1252,231,13.9,0.0,2024-11-18,2024-11-18,2,,,,0
2024,11,19,19,Nov,1828,1535,329,12.0,0.0,2024-11-19,2024-11-19,3,,,,0
2024,11,20,5,Nov,391,549,57,9.2,0.0,2024-11-20,2024-11-20,4,,,,0
2024,11,20,12,Nov,1135,1084,218,14.1,0.0,2024-11-20,2024-11-20,4,,,,0
2024,11,20,14,Nov,1345,1115,210,15.8,0.0,2024-11-20,2024-11-20,4,,,,0
2024,11,20,22,Nov,1969,1289,240,12.5,0.0,2024-11-20,2024-11-20,4,,,,0
2024,11,21,13,Nov,1527,1303,313,8.4,0.5,2024-11-21,2024-11-21,5,,,,0
2024,11,22,7,Nov,1108,1030,198,3.4,0.56,2024-11-22,2024-11-22,6,,,,0
2024,11,22,14,Nov,1304,1237,244,4.2,0.36,2024-11-22,2024-11-22,6,,,,0
2024,11,22,17,Nov,1701,1766,404,3.9,0.26,2024-11-22,2024-11-22,6,,,,0
2024,11,24,4,Nov,794,440,103,6.1,0.0,2024-11-24,2024-11-24,1,,,,0
2024,11,21,17,Nov,1266,1621,283,8.4,0.56,2024-11-21,2024-11-21,5,,,,0
2024,11,22,2,Nov,617,376,72,3.1,1.08,2024-11-22,2024-11-22,6,,,,0
2024,11,22,19,Nov,2202,2280,529,3.3,0.86,2024-11-22,2024-11-22,6,,,,0
2024,11,23,4,Nov,683,400,59,3.4,0.1,2024-11-23,2024-11-23,7,,,,0
2024,11,23,18,Nov,1876,2001,334,7.1,0.0,2024-11-23,2024-11-23,7,,,,0
2024,11,25,13,Nov,1007,917,164,8.9,0.0,2024-11-25,2024-11-25,2,,,,0
2024,11,19,5,Nov,370,511,44,8.1,0.0,2024-11-19,2024-11-19,3,,,,0
2024,11,20,10,Nov,1108,1386,257,11.5,0.0,2024-11-20,2024-11-20,4,,,,0
2024,11,20,20,Nov,2171,1583,317,12.3,0.0,2024-11-20,2024-11-20,4,,,,0
2024,11,21,5,Nov,510,565,53,10.0,6.26,2024-11-21,2024-11-21,5,,,,0
2024,11,23,17,Nov,1671,1697,281,8.0,0.0,2024-11-23,2024-11-23,7,,,,0
2024,11,24,20,Nov,1219,1116,197,8.5,0.0,2024-11-24,2024-11-24,1,,,,0
2024,11,25,15,Nov,959,1100,191,10.5,0.0,2024-11-25,2024-11-25,2,,,,0
2024,11,25,17,Nov,1257,1359,263,9.6,0.0,2024-11-25,2024-11-25,2,,,,0
2024,11,19,0,Nov,554,404,83,11.4,0.0,2024-11-19,2024-11-19,3,,,,0
2024,11,19,11,Nov,1045,1042,206,10.9,0.0,2024-11-19,2024-11-19,3,,,,0
2024,11,21,8,Nov,1562,1637,386,7.9,1.52,2024-11-21,2024-11-21,5,,,,0
2024,11,23,5,Nov,394,477,29,3.5,0.14,2024-11-23,2024-11-23,7,,,,0
2024,11,24,2,Nov,1553,831,191,6.8,0.0,2024-11-24,2024-11-24,1,,,,0
2024,11,24,22,Nov,1233,879,151,7.6,0.0,2024-11-24,2024-11-24,1,,,,0
2024,11,20,16,Nov,1479,1477,333,15.3,0.0,2024-11-20,2024-11-20,4,,,,0
2024,11,21,1,Nov,773,473,141,11.9,0.0,2024-11-21,2024-11-21,5,,,,0
2024,11,21,14,Nov,1511,1302,334,8.6,0.46,2024-11-21,2024-11-21,5,,,,0
2024,11,21,22,Nov,2330,1729,397,5.0,2.14,2024-11-21,2024-11-21,5,,,,0
2024,11,23,3,Nov,1095,608,126,3.1,0.06,2024-11-23,2024-11-23,7,,,,0
2024,11,23,10,Nov,1354,1500,244,6.4,0.0,2024-11-23,2024-11-23,7,,,,0
2024,11,24,5,Nov,448,527,60,6.0,0.0,2024-11-24,2024-11-24,1,,,,0
2024,11,24,23,Nov,1236,672,109,6.8,0.0,2024-11-24,2024-11-24,1,,,,0
2024,11,25,7,Nov,933,952,150,3.5,0.0,2024-11-25,2024-11-25,2,,,,0
2024,11,25,14,Nov,988,1036,167,9.8,0.0,2024-11-25,2024-11-25,2,,,,0
2024,11,20,9,Nov,1313,1732,345,10.3,0.0,2024-11-20,2024-11-20,4,,,,0
2024,11,21,11,Nov,1502,1475,331,8.2,0.46,2024-11-21,2024-11-21,5,,,,0
2024,11,22,3,Nov,448,352,54,3.5,0.68,2024-11-22,2024-11-22,6,,,,0
2024,11,23,13,Nov,1591,1590,295,7.2,0.0,2024-11-23,2024-11-23,7,,,,0
2024,11,25,1,Nov,387,226,44,5.7,0.0,2024-11-25,2024-11-25,2,,,,0
2024,11,19,12,Nov,940,983,176,12.2,0.0,2024-11-19,2024-11-19,3,,,,0
2024,11,19,18,Nov,1749,1850,441,12.6,0.0,2024-11-19,2024-11-19,3,,,,0
2024,11,21,10,Nov,1553,1590,405,7.8,0.42,2024-11-21,2024-11-21,5,,,,0
2024,11,21,19,Nov,1894,1916,415,8.1,3.02,2024-11-21,2024-11-21,5,,,,0
2024,11,24,0,Nov,1970,1572,278,7.6,0.0,2024-11-24,2024-11-24,1,,,,0
2024,11,24,6,Nov,504,728,77,5.6,0.0,2024-11-24,2024-11-24,1,,,,0
2024,11,25,2,Nov,316,154,32,5.1,0.0,2024-11-25,2024-11-25,2,,,,0
2024,11,19,2,Nov,243,162,24,9.7,0.0,2024-11-19,2024-11-19,3,,,,0
2024,11,19,6,Nov,673,855,91,7.4,0.0,2024-11-19,2024-11-19,3,,,,0
2024,11,22,22,Nov,2495,2020,415,2.2,0.74,2024-11-22,2024-11-22,6,,,,0
2024,11,24,3,Nov,1253,609,148,6.4,0.0,2024-11-24,2024-11-24,1,,,,0
2024,11,24,21,Nov,1190,1032,193,8.6,0.0,2024-11-24,2024-11-24,1,,,,0
2024,11,19,3,Nov,195,143,23,9.2,0.0,2024-11-19,2024-11-19,3,,,,0
2024,11,20,3,Nov,188,156,34,8.6,0.0,2024-11-20,2024-11-20,4,,,,0
2024,11,25,3,Nov,258,212,35,4.7,0.0,2024-11-25,2024-11-25,2,,,,0
2024,11,25,6,Nov,651,765,92,3.5,0.0,2024-11-25,2024-11-25,2,,,,0
2024,11,25,10,Nov,1001,999,170,5.6,0.0,2024-11-25,2024-11-25,2,,,,0
2024,11,25,18,Nov,1302,1394,228,8.1,0.0,2024-11-25,2024-11-25,2,,,,0
2024,11,25,20,Nov,1207,996,179,7.4,0.0,2024-11-25,2024-11-25,2,,,,0
2024,11,20,18,Nov,1866,1532,345,13.1,0.0,2024-11-20,2024-11-20,4,,,,0
2024,11,22,20,Nov,2206,1951,420,3.2,1.0,2024-11-22,2024-11-22,6,,,,0
2024,11,25,8,Nov,1179,1110,203,2.7,0.0,2024-11-25,2024-11-25,2,,,,0
2024,11,18,15,Nov,1073,1133,182,17.9,0.0,2024-11-18,2024-11-18,2,,,,0
2024,11,20,8,Nov,1513,1975,453,7.5,0.0,2024-11-20,2024-11-20,4,,,,0
2024,11,20,21,Nov,2125,1595,268,12.4,0.0,2024-11-20,2024-11-20,4,,,,0
2024,11,23,20,Nov,1702,1702,323,6.4,0.0,2024-11-23,2024-11-23,7,,,,0
2024,11,24,13,Nov,1437,1449,230,10.0,0.0,2024-11-24,2024-11-24,1,,,,0
2024,11,25,11,Nov,1038,959,170,6.8,0.0,2024-11-25,2024-11-25,2,,,,0
2024,11,25,21,Nov,1476,961,159,8.4,0.0,2024-11-25,2024-11-25,2,,,,0
2024,11,19,1,Nov,370,224,42,10.4,0.0,2024-11-19,2024-11-19,3,,,,0
2024,11,19,14,Nov,1120,1081,197,14.2,0.0,2024-11-19,2024-11-19,3,,,,0
2024,11,19,23,Nov,1273,816,136,11.5,0.0,2024-11-19,2024-11-19,3,,,,0
2024,11,20,17,Nov,1819,1674,433,14.1,0.0,2024-11-20,2024-11-20,4,,,,0
2024,11,23,6,Nov,478,776,63,3.1,0.0,2024-11-23,2024-11-23,7,,,,0
2024,11,23,21,Nov,1790,1701,305,7.6,0.0,2024-11-23,2024-11-23,7,,,,0
2024,11,24,14,Nov,1313,1426,233,10.5,0.0,2024-11-24,2024-11-24,1,,,,0
2024,11,24,18,Nov,1325,1504,261,9.0,0.0,2024-11-24,2024-11-24,1,,,,0
2024,11,19,17,Nov,1789,1707,374,14.2,0.0,2024-11-19,2024-11-19,3,,,,0
2024,11,25,4,Nov,348,364,36,4.2,0.0,2024-11-25,2024-11-25,2,,,,0
2024,11,21,15,Nov,1423,1292,310,8.5,0.64,2024-11-21,2024-11-21,5,,,,0
2024,11,23,7,Nov,534,745,111,2.6,0.0,2024-11-23,2024-11-23,7,,,,0
2024,11,25,9,Nov,1157,1125,184,4.3,0.0,2024-11-25,2024-11-25,2,,,,0
2024,11,18,23,Nov,1039,714,113,12.4,0.0,2024-11-18,2024-11-18,2,,,,0
2024,11,19,20,Nov,2079,1536,322,11.6,0.0,2024-11-19,2024-11-19,3,,,,0
2024,11,20,19,Nov,1989,1532,365,12.4,0.0,2024-11-20,2024-11-20,4,,,,0
2024,11,22,10,Nov,1274,1354,243,3.5,0.36,2024-11-22,2024-11-22,6,,,,0
2024,11,18,12,Nov,927,860,174,15.6,0.0,2024-11-18,2024-11-18,2,,,,0
2024,11,19,10,Nov,1075,1075,207,9.4,0.0,2024-11-19,2024-11-19,3,,,,0
2024,11,20,13,Nov,1218,1101,219,15.2,0.0,2024-11-20,2024-11-20,4,,,,0
2024,11,22,18,Nov,1855,2104,466,3.8,0.4,2024-11-22,2024-11-22,6,,,,0
2024,11,22,23,Nov,2239,1854,404,2.3,0.64,2024-11-22,2024-11-22,6,,,,0
2024,11,23,12,Nov,1578,1715,312,7.6,0.0,2024-11-23,2024-11-23,7,,,,0
2024,11,23,22,Nov,2283,1877,306,7.9,0.0,2024-11-23,2024-11-23,7,,,,0
2024,11,25,19,Nov,1166,1208,200,7.7,0.0,2024-11-25,2024-11-25,2,,,,0
2024,11,18,14,Nov,993,1019,151,17.7,0.0,2024-11-18,2024-11-18,2,,,,0
2024,11,18,17,Nov,1473,1614,273,16.8,0.0,2024-11-18,2024-11-18,2,,,,0
2024,11,19,8,Nov,1473,1701,320,6.2,0.0,2024-11-19,2024-11-19,3,,,,0
2024,11,20,2,Nov,285,196,26,9.6,0.0,2024-11-20,2024-11-20,4,,,,0
2024,11,21,18,Nov,1560,1923,465,8.3,1.42,2024-11-21,2024-11-21,5,,,,0
2024,11,18,21,Nov,2051,1218,193,13.9,0.0,2024-11-18,2024-11-18,2,,,,0
2024,11,22,11,Nov,1233,1236,211,3.9,0.26,2024-11-22,2024-11-22,6,,,,0
2024,11,23,8,Nov,764,1019,132,2.8,0.0,2024-11-23,2024-11-23,7,,,,0
2024,11,23,14,Nov,1464,1556,243,8.4,0.0,2024-11-23,2024-11-23,7,,,,0
2024,11,18,10,Nov,994,999,177,12.5,0.0,2024-11-18,2024-11-18,2,,,,0
2024,11,19,13,Nov,1175,1024,209,13.3,0.0,2024-11-19,2024-11-19,3,,,,0
2024,11,21,16,Nov,1314,1499,326,8.5,0.68,2024-11-21,2024-11-21,5,,,,0
2024,11,22,13,Nov,1350,1265,257,4.8,0.16,2024-11-22,2024-11-22,6,,,,0
2024,11,18,18,Nov,1487,1722,333,15.6,0.0,2024-11-18,2024-11-18,2,,,,0
2024,11,20,4,Nov,288,299,30,9.5,0.0,2024-11-20,2024-11-20,4,,,,0
2024,11,20,6,Nov,770,970,91,8.6,0.0,2024-11-20,2024-11-20,4,,,,0
2024,11,21,2,Nov,578,279,93,11.7,0.0,2024-11-21,2024-11-21,5,,,,0
2024,11,22,4,Nov,441,438,41,3.3,0.66,2024-11-22,2024-11-22,6,,,,0
2024,11,22,21,Nov,2235,1855,408,2.6,0.6,2024-11-22,2024-11-22,6,,,,0
2024,11,25,12,Nov,961,918,132,7.8,0.0,2024-11-25,2024-11-25,2,,,,0
2024,11,18,13,Nov,972,902,133,16.7,0.0,2024-11-18,2024-11-18,2,,,,0
2024,11,19,15,Nov,1240,1184,218,14.7,0.0,2024-11-19,2024-11-19,3,,,,0
2024,11,20,15,Nov,1406,1146,271,15.8,0.0,2024-11-20,2024-11-20,4,,,,0
2024,11,21,23,Nov,2034,1531,302,4.4,2.72,2024-11-21,2024-11-21,5,,,,0
2024,11,22,0,Nov,1384,997,228,2.7,3.8,2024-11-22,2024-11-22,6,,,,0
2024,11,24,12,Nov,1402,1567,252,9.5,0.0,2024-11-24,2024-11-24,1,,,,0
2024,11,18,16,Nov,1150,1210,213,17.6,0.0,2024-11-18,2024-11-18,2,,,,0
2024,11,18,19,Nov,1400,1376,259,14.9,0.0,2024-11-18,2024-11-18,2,,,,0
2024,11,19,16,Nov,1407,1381,290,14.5,0.0,2024-11-19,2024-11-19,3,,,,0
2024,11,21,6,Nov,872,874,111,9.8,4.12,2024-11-21,2024-11-21,5,,,,0
2024,11,23,2,Nov,1558,830,202,3.0,0.14,2024-11-23,2024-11-23,7,,,,0
2024,11,24,1,Nov,1889,1241,258,7.1,0.0,2024-11-24,2024-11-24,1,,,,0
2024,11,24,11,Nov,1401,1573,263,9.3,0.0,2024-11-24,2024-11-24,1,,,,0
2024,11,25,0,Nov,794,366,92,6.3,0.0,2024-11-25,2024-11-25,2,,,,0
2024,11,25,16,Nov,1028,1271,210,10.7,0.0,2024-11-25,2024-11-25,2,,,,0
2024,11,19,4,Nov,242,281,23,8.7,0.0,2024-11-19,2024-11-19,3,,,,0
2024,11,22,1,Nov,900,604,121,2.6,2.26,2024-11-22,2024-11-22,6,,,,0
2024,11,22,8,Nov,1351,1296,265,2.9,0.76,2024-11-22,2024-11-22,6,,,,0
2024,11,24,8,Nov,788,861,113,5.9,0.0,2024-11-24,2024-11-24,1,,,,0
2024,11,24,10,Nov,1295,1567,225,8.4,0.0,2024-11-24,2024-11-24,1,,,,0
2024,11,19,22,Nov,1808,1222,227,11.7,0.0,2024-11-19,2024-11-19,3,,,,0
2024,11,20,0,Nov,819,463,68,11.2,0.0,2024-11-20,2024-11-20,4,,,,0
2024,11,20,7,Nov,1202,1524,309,8.0,0.0,2024-11-20,2024-11-20,4,,,,0
2024,11,22,15,Nov,1281,1345,274,4.1,0.2,2024-11-22,2024-11-22,6,,,,0
2024,11,24,16,Nov,1391,1466,252,10.7,0.0,2024-11-24,2024-11-24,1,,,,0
2024,11,18,22,Nov,1499,1010,184,13.2,0.0,2024-11-18,2024-11-18,2,,,,0
2024,11,20,11,Nov,1122,1307,232,12.6,0.0,2024-11-20,2024-11-20,4,,,,0
2024,11,21,20,Nov,2228,1929,449,7.1,3.64,2024-11-21,2024-11-21,5,,,,0
2024,11,22,5,Nov,494,531,51,3.6,0.52,2024-11-22,2024-11-22,6,,,,0
2024,11,23,0,Nov,1838,1513,306,2.7,0.44,2024-11-23,2024-11-23,7,,,,0
2024,11,24,19,Nov,1246,1318,203,8.7,0.0,2024-11-24,2024-11-24,1,,,,0
2024,11,19,7,Nov,1185,1267,225,6.7,0.0,2024-11-19,2024-11-19,3,,,,0
2024,11,23,16,Nov,1641,1512,281,8.7,0.0,2024-11-23,2024-11-23,7,,,,0
2024,11,25,5,Nov,368,485,55,3.8,0.0,2024-11-25,2024-11-25,2,,,,0
2019,11,3,20,Nov,2153,1598,307,8.5,0.0,2019-11-3,2019-11-03,1,,,,0
2019,11,4,7,Nov,1448,1306,190,5.3,0.0,2019-11-4,2019-11-04,2,,,,0
2019,11,4,17,Nov,1919,1828,361,11.6,0.0,2019-11-4,2019-11-04,2,,,,0
2019,11,5,14,Nov,1253,1163,195,14.6,0.0,2019-11-5,2019-11-05,3,,,,0
2019,11,6,11,Nov,1099,1100,196,9.8,0.0,2019-11-6,2019-11-06,4,,,,0
2019,11,8,21,Nov,2693,2399,453,0.0,0.0,2019-11-8,2019-11-08,6,,,,0
2019,11,10,10,Nov,1436,2064,312,5.0,0.0,2019-11-10,2019-11-10,1,,,,0
2019,11,13,4,Nov,323,254,27,-4.7,0.0,2019-11-13,2019-11-13,4,,,,0
2019,11,14,19,Nov,2270,2663,497,3.1,0.0,2019-11-14,2019-11-14,5,,,,0
2019,11,15,22,Nov,2888,2314,473,4.5,0.0,2019-11-15,2019-11-15,6,AnimeNYC,13.0,19.0,0
2019,11,17,4,Nov,906,531,109,-2.7,0.0,2019-11-17,2019-11-17,1,AnimeNYC,10.0,17.0,0
2019,11,18,10,Nov,1302,1169,238,3.6,0.0,2019-11-18,2019-11-18,2,,,,0
2019,11,19,2,Nov,259,206,49,4.2,0.56,2019-11-19,2019-11-19,3,,,,0
2019,11,22,4,Nov,443,353,44,7.0,0.0,2019-11-22,2019-11-22,6,,,,0
2019,11,22,23,Nov,2614,2185,392,3.3,0.0,2019-11-22,2019-11-22,6,,,,0
2019,11,24,23,Nov,981,758,118,3.4,0.0,2019-11-24,2019-11-24,1,,,,0
2019,11,25,11,Nov,990,998,166,7.6,0.0,2019-11-25,2019-11-25,2,,,,0
2019,11,30,16,Nov,1929,1865,391,5.8,0.0,2019-11-30,2019-11-30,7,,,,0
2019,11,1,22,Nov,2849,2229,399,7.2,0.0,2019-11-1,2019-11-01,6,,,,0
2019,11,4,16,Nov,1440,1579,236,12.3,0.0,2019-11-4,2019-11-04,2,,,,0
2019,11,6,4,Nov,332,218,28,6.6,0.0,2019-11-6,2019-11-06,4,,,,0
2019,11,6,21,Nov,2404,1840,295,7.3,0.0,2019-11-6,2019-11-06,4,,,,0
2019,11,7,0,Nov,963,709,129,5.5,0.0,2019-11-7,2019-11-07,5,,,,0
2019,11,8,15,Nov,1509,1615,350,4.4,0.0,2019-11-8,2019-11-08,6,,,,0
2019,11,8,22,Nov,3208,2449,511,-0.5,0.0,2019-11-8,2019-11-08,6,,,,0
2019,11,9,6,Nov,451,740,67,-3.2,0.0,2019-11-9,2019-11-09,7,,,,0
2019,11,9,9,Nov,1242,1500,218,-1.4,0.0,2019-11-9,2019-11-09,7,,,,0
2019,11,11,16,Nov,1588,1407,350,13.7,0.0,2019-11-11,2019-11-11,2,,,,0
2019,11,14,9,Nov,1627,1550,356,-0.9,0.0,2019-11-14,2019-11-14,5,,,,0
2019,11,16,11,Nov,1765,2120,402,1.9,0.0,2019-11-16,2019-11-16,7,AnimeNYC,10.0,19.0,1
2019,11,18,1,Nov,475,335,63,3.1,0.0,2019-11-18,2019-11-18,2,,,,0
2019,11,18,5,Nov,522,579,60,3.0,0.04,2019-11-18,2019-11-18,2,,,,0
2019,11,19,7,Nov,1417,1352,212,4.5,0.0,2019-11-19,2019-11-19,3,,,,0
2019,11,21,15,Nov,1452,1374,253,10.6,0.0,2019-11-21,2019-11-21,5,,,,0
2019,11,22,17,Nov,2022,2030,408,6.8,0.0,2019-11-22,2019-11-22,6,,,,0
2019,11,22,20,Nov,2236,2277,403,5.3,0.0,2019-11-22,2019-11-22,6,,,,0
2019,11,24,5,Nov,542,478,73,5.8,1.6,2019-11-24,2019-11-24,1,,,,0
2019,11,24,7,Nov,534,699,85,7.2,2.76,2019-11-24,2019-11-24,1,,,,0
2019,11,27,10,Nov,1034,1281,176,7.7,0.0,2019-11-27,2019-11-27,4,,,,0
2019,11,27,12,Nov,1226,1380,242,13.2,0.0,2019-11-27,2019-11-27,4,,,,0
2019,11,27,16,Nov,1403,1750,353,13.9,0.0,2019-11-27,2019-11-27,4,,,,0
2019,11,28,4,Nov,499,391,60,6.9,0.0,2019-11-28,2019-11-28,5,,,,0
2019,11,28,15,Nov,1017,829,159,7.6,0.0,2019-11-28,2019-11-28,5,,,,0
2019,11,30,17,Nov,2095,1916,384,5.1,0.0,2019-11-30,2019-11-30,7,,,,0
2019,11,30,18,Nov,2091,1983,364,4.8,0.0,2019-11-30,2019-11-30,7,,,,0
2019,11,1,20,Nov,2565,2343,464,8.9,0.0,2019-11-1,2019-11-01,6,,,,0
2019,11,2,2,Nov,1652,1071,198,5.3,0.0,2019-11-2,2019-11-02,7,,,,0
2019,11,2,8,Nov,828,1215,145,5.5,0.0,2019-11-2,2019-11-02,7,,,,0
2019,11,2,11,Nov,1623,1885,309,8.2,0.0,2019-11-2,2019-11-02,7,,,,0
2019,11,4,4,Nov,373,301,35,2.7,0.0,2019-11-4,2019-11-04,2,,,,0
2019,11,6,20,Nov,2124,1820,329,8.7,0.0,2019-11-6,2019-11-06,4,,,,0
2019,11,6,23,Nov,1550,1144,194,6.0,0.0,2019-11-6,2019-11-06,4,,,,0
2019,11,7,11,Nov,1176,1154,186,10.8,0.0,2019-11-7,2019-11-07,5,,,,0
2019,11,10,5,Nov,399,462,43,0.4,0.0,2019-11-10,2019-11-10,1,,,,0
2019,11,10,22,Nov,1720,1295,256,4.6,0.0,2019-11-10,2019-11-10,1,,,,0
2019,11,11,4,Nov,369,256,42,4.0,0.0,2019-11-11,2019-11-11,2,,,,0
2019,11,13,19,Nov,2310,2104,464,-1.0,0.0,2019-11-13,2019-11-13,4,,,,0
2019,11,14,6,Nov,976,873,136,-3.1,0.0,2019-11-14,2019-11-14,5,,,,0
2019,11,15,10,Nov,1363,1453,300,4.1,0.0,2019-11-15,2019-11-15,6,AnimeNYC,13.0,19.0,0
2019,11,17,0,Nov,2789,2248,476,-1.4,0.0,2019-11-17,2019-11-17,1,AnimeNYC,10.0,17.0,0
2019,11,17,2,Nov,1882,1315,256,-2.1,0.0,2019-11-17,2019-11-17,1,AnimeNYC,10.0,17.0,0
2019,11,19,8,Nov,1891,1723,361,3.8,0.0,2019-11-19,2019-11-19,3,,,,0
2019,11,19,22,Nov,1872,1389,323,4.8,0.0,2019-11-19,2019-11-19,3,,,,0
2019,11,21,2,Nov,454,269,57,4.1,0.0,2019-11-21,2019-11-21,5,,,,0
2019,11,24,16,Nov,1817,2256,349,5.1,0.68,2019-11-24,2019-11-24,1,,,,0
2019,11,25,2,Nov,261,190,32,3.6,0.0,2019-11-25,2019-11-25,2,,,,0
2019,11,27,18,Nov,1468,1679,335,11.7,0.1,2019-11-27,2019-11-27,4,,,,0
2019,11,28,8,Nov,438,761,133,7.6,0.0,2019-11-28,2019-11-28,5,,,,0
2019,11,28,9,Nov,455,803,139,7.9,0.0,2019-11-28,2019-11-28,5,,,,0
2019,11,28,21,Nov,1220,1263,180,3.6,0.0,2019-11-28,2019-11-28,5,,,,0
2019,11,29,15,Nov,1271,1195,235,5.3,0.0,2019-11-29,2019-11-29,6,,,,0
2019,11,3,0,Nov,2305,1941,338,6.4,0.0,2019-11-3,2019-11-03,1,,,,0
2019,11,3,4,Nov,763,400,70,5.2,0.0,2019-11-3,2019-11-03,1,,,,0
2019,11,5,8,Nov,1695,1771,354,9.6,0.24,2019-11-5,2019-11-05,3,,,,0
2019,11,7,23,Nov,2044,1494,240,6.1,0.1,2019-11-7,2019-11-07,5,,,,0
2019,11,8,4,Nov,438,300,47,1.0,0.0,2019-11-8,2019-11-08,6,,,,0
2019,11,8,5,Nov,504,548,45,0.6,0.0,2019-11-8,2019-11-08,6,,,,0
2019,11,8,19,Nov,2747,3069,678,1.6,0.0,2019-11-8,2019-11-08,6,,,,0
2019,11,8,20,Nov,2562,2609,504,0.9,0.0,2019-11-8,2019-11-08,6,,,,0
2019,11,10,12,Nov,1823,2071,361,7.7,0.0,2019-11-10,2019-11-10,1,,,,0
2019,11,11,20,Nov,1720,1520,260,10.3,0.0,2019-11-11,2019-11-11,2,,,,0
2019,11,14,13,Nov,1185,1164,219,4.6,0.0,2019-11-14,2019-11-14,5,,,,0
2019,11,14,17,Nov,2068,2153,503,4.3,0.0,2019-11-14,2019-11-14,5,,,,0
2019,11,19,20,Nov,1967,1723,324,5.3,0.0,2019-11-19,2019-11-19,3,,,,0
2019,11,20,14,Nov,1234,1234,214,7.1,0.0,2019-11-20,2019-11-20,4,,,,0
2019,11,22,7,Nov,1357,1218,213,7.0,0.0,2019-11-22,2019-11-22,6,,,,0
2019,11,24,22,Nov,1315,1109,190,3.8,0.0,2019-11-24,2019-11-24,1,,,,0
2019,11,28,10,Nov,560,871,189,8.8,0.0,2019-11-28,2019-11-28,5,,,,0
2019,11,16,13,Nov,1960,2139,468,3.9,0.0,2019-11-16,2019-11-16,7,AnimeNYC,10.0,19.0,1
2019,11,16,23,Nov,3035,2675,578,-1.3,0.0,2019-11-16,2019-11-16,7,AnimeNYC,10.0,19.0,0
2019,11,1,15,Nov,1503,1454,264,12.2,0.0,2019-11-1,2019-11-01,6,,,,0
2019,11,1,18,Nov,2411,2467,554,9.8,0.0,2019-11-1,2019-11-01,6,,,,0
2019,11,2,1,Nov,2061,1429,264,5.7,0.0,2019-11-2,2019-11-02,7,,,,0
2019,11,3,18,Nov,1959,2055,392,9.4,0.0,2019-11-3,2019-11-03,1,,,,0
2019,11,3,21,Nov,1739,1459,241,8.0,0.0,2019-11-3,2019-11-03,1,,,,0
2019,11,6,10,Nov,1237,1166,224,8.6,0.0,2019-11-6,2019-11-06,4,,,,0
2019,11,9,8,Nov,887,1230,167,-2.0,0.0,2019-11-9,2019-11-09,7,,,,0
2019,11,10,1,Nov,2124,1558,273,0.9,0.0,2019-11-10,2019-11-10,1,,,,0
2019,11,11,2,Nov,367,220,46,5.0,0.0,2019-11-11,2019-11-11,2,,,,0
2019,11,12,22,Nov,2342,1704,358,-2.1,0.0,2019-11-12,2019-11-12,3,,,,0
2019,11,13,22,Nov,2184,1731,293,-2.1,0.0,2019-11-13,2019-11-13,4,,,,0
2019,11,14,1,Nov,600,418,95,-2.4,0.0,2019-11-14,2019-11-14,5,,,,0
2019,11,15,1,Nov,996,568,114,1.5,0.0,2019-11-15,2019-11-15,6,AnimeNYC,13.0,19.0,0
2019,11,15,11,Nov,1287,1445,303,6.6,0.0,2019-11-15,2019-11-15,6,AnimeNYC,13.0,19.0,0
2019,11,15,23,Nov,2894,2191,518,4.9,0.0,2019-11-15,2019-11-15,6,AnimeNYC,13.0,19.0,0
2019,11,18,22,Nov,1555,1619,261,4.0,2.28,2019-11-18,2019-11-18,2,,,,0
2019,11,21,3,Nov,411,182,37,3.7,0.0,2019-11-21,2019-11-21,5,,,,0
2019,11,22,1,Nov,984,545,117,6.7,0.0,2019-11-22,2019-11-22,6,,,,0
2019,11,22,9,Nov,1576,1502,296,8.4,0.0,2019-11-22,2019-11-22,6,,,,0
2019,11,23,8,Nov,820,1184,136,0.6,0.0,2019-11-23,2019-11-23,7,,,,0
2019,11,23,15,Nov,1835,2055,393,6.9,0.0,2019-11-23,2019-11-23,7,,,,0
2019,11,25,14,Nov,1005,1129,184,10.0,0.0,2019-11-25,2019-11-25,2,,,,0
2019,11,27,20,Nov,1197,1324,246,11.2,0.0,2019-11-27,2019-11-27,4,,,,0
2019,11,29,11,Nov,988,948,163,1.8,0.0,2019-11-29,2019-11-29,6,,,,0
2019,11,29,12,Nov,1129,1027,211,3.2,0.0,2019-11-29,2019-11-29,6,,,,0
2019,11,16,17,Nov,2623,2603,664,3.2,0.0,2019-11-16,2019-11-16,7,AnimeNYC,10.0,19.0,1
2019,11,1,0,Nov,2573,1908,446,21.0,0.64,2019-11-1,2019-11-01,6,,,,0
2019,11,1,7,Nov,1325,1032,170,7.2,0.0,2019-11-1,2019-11-01,6,,,,0
2019,11,3,10,Nov,1097,1191,219,8.1,0.0,2019-11-3,2019-11-03,1,,,,0
2019,11,6,14,Nov,1182,1217,215,11.2,0.0,2019-11-6,2019-11-06,4,,,,0
2019,11,7,14,Nov,1265,1306,207,12.9,0.0,2019-11-7,2019-11-07,5,,,,0
2019,11,9,2,Nov,1448,902,186,-2.3,0.0,2019-11-9,2019-11-09,7,,,,0
2019,11,9,17,Nov,2515,2752,501,4.4,0.0,2019-11-9,2019-11-09,7,,,,0
2019,11,11,12,Nov,1159,1066,278,12.1,0.0,2019-11-11,2019-11-11,2,,,,0
2019,11,13,18,Nov,2376,2423,524,-0.8,0.0,2019-11-13,2019-11-13,4,,,,0
2019,11,19,4,Nov,234,251,24,4.4,0.74,2019-11-19,2019-11-19,3,,,,0
2019,11,21,6,Nov,944,849,127,2.4,0.0,2019-11-21,2019-11-21,5,,,,0
2019,11,22,14,Nov,1505,1462,268,10.5,0.8,2019-11-22,2019-11-22,6,,,,0
2019,11,25,18,Nov,1762,1891,368,7.2,0.0,2019-11-25,2019-11-25,2,,,,0
2019,11,25,19,Nov,1518,1664,290,6.7,0.0,2019-11-25,2019-11-25,2,,,,0
2019,11,26,7,Nov,1260,1172,176,2.0,0.0,2019-11-26,2019-11-26,3,,,,0
2019,11,26,15,Nov,1257,1286,225,13.8,0.0,2019-11-26,2019-11-26,3,,,,0
2019,11,26,16,Nov,1195,1493,235,13.1,0.0,2019-11-26,2019-11-26,3,,,,0
2019,11,27,6,Nov,733,930,100,2.7,0.0,2019-11-27,2019-11-27,4,,,,0
2019,11,3,6,Nov,551,507,37,4.9,0.0,2019-11-3,2019-11-03,1,,,,0
2019,11,4,15,Nov,1363,1315,224,12.6,0.0,2019-11-4,2019-11-04,2,,,,0
2019,11,6,18,Nov,2221,2247,435,8.4,0.0,2019-11-6,2019-11-06,4,,,,0
2019,11,7,9,Nov,1535,1488,335,9.2,0.0,2019-11-7,2019-11-07,5,,,,0
2019,11,7,16,Nov,1567,1623,334,13.5,0.0,2019-11-7,2019-11-07,5,,,,0
2019,11,9,14,Nov,1879,1979,360,3.6,0.0,2019-11-9,2019-11-09,7,,,,0
2019,11,10,3,Nov,1413,659,157,0.0,0.0,2019-11-10,2019-11-10,1,,,,0
2019,11,11,7,Nov,1214,1250,214,4.2,0.0,2019-11-11,2019-11-11,2,,,,0
2019,11,13,15,Nov,1520,1457,290,1.0,0.0,2019-11-13,2019-11-13,4,,,,0
2019,11,16,8,Nov,891,1360,205,0.0,0.0,2019-11-16,2019-11-16,7,AnimeNYC,10.0,19.0,0
2019,11,16,10,Nov,1471,1880,374,0.6,0.0,2019-11-16,2019-11-16,7,AnimeNYC,10.0,19.0,1
2019,11,17,11,Nov,1706,2027,435,2.4,0.0,2019-11-17,2019-11-17,1,AnimeNYC,10.0,17.0,1
2019,11,18,19,Nov,1935,1882,418,3.6,0.56,2019-11-18,2019-11-18,2,,,,0
2019,11,19,13,Nov,1058,1079,207,9.3,0.0,2019-11-19,2019-11-19,3,,,,0
2019,11,20,21,Nov,2211,1904,336,5.0,0.0,2019-11-20,2019-11-20,4,,,,0
2019,11,21,5,Nov,504,472,47,3.0,0.0,2019-11-21,2019-11-21,5,,,,0
2019,11,23,23,Nov,2646,2336,518,5.1,0.98,2019-11-23,2019-11-23,7,,,,0
2019,11,24,0,Nov,2649,2155,520,4.7,1.3,2019-11-24,2019-11-24,1,,,,0
2019,11,25,23,Nov,1083,783,116,4.8,0.0,2019-11-25,2019-11-25,2,,,,0
2019,11,27,19,Nov,1413,1506,290,11.2,0.36,2019-11-27,2019-11-27,4,,,,0
2019,11,28,0,Nov,1075,926,201,11.6,0.0,2019-11-28,2019-11-28,5,,,,0
2019,11,4,9,Nov,1492,1362,277,6.4,0.0,2019-11-4,2019-11-04,2,,,,0
2019,11,6,6,Nov,974,869,119,5.8,0.0,2019-11-6,2019-11-06,4,,,,0
2019,11,7,4,Nov,324,255,34,6.3,0.0,2019-11-7,2019-11-07,5,,,,0
2019,11,9,1,Nov,1964,1298,279,-1.9,0.0,2019-11-9,2019-11-09,7,,,,0
2019,11,10,4,Nov,846,435,82,0.9,0.0,2019-11-10,2019-11-10,1,,,,0
2019,11,10,11,Nov,1677,2145,377,6.5,0.0,2019-11-10,2019-11-10,1,,,,0
2019,11,11,22,Nov,1538,1185,193,11.3,0.0,2019-11-11,2019-11-11,2,,,,0
2019,11,12,1,Nov,392,312,40,9.7,0.0,2019-11-12,2019-11-12,3,,,,0
2019,11,12,2,Nov,271,182,38,10.1,0.0,2019-11-12,2019-11-12,3,,,,0
2019,11,12,3,Nov,235,164,21,10.8,0.0,2019-11-12,2019-11-12,3,,,,0
2019,11,12,18,Nov,2337,2716,594,0.8,0.0,2019-11-12,2019-11-12,3,,,,0
2019,11,14,22,Nov,2708,1851,382,2.9,0.0,2019-11-14,2019-11-14,5,,,,0
2019,11,15,2,Nov,652,412,69,1.2,0.0,2019-11-15,2019-11-15,6,AnimeNYC,13.0,19.0,0
2019,11,21,4,Nov,345,253,21,3.3,0.0,2019-11-21,2019-11-21,5,,,,0
2019,11,21,9,Nov,1515,1484,348,4.3,0.0,2019-11-21,2019-11-21,5,,,,0
2019,11,21,13,Nov,1241,1096,202,9.3,0.0,2019-11-21,2019-11-21,5,,,,0
2019,11,22,16,Nov,1589,1749,334,7.6,0.3,2019-11-22,2019-11-22,6,,,,0
2019,11,25,10,Nov,1077,1042,167,6.0,0.0,2019-11-25,2019-11-25,2,,,,0
2019,11,27,14,Nov,1188,1432,241,13.3,0.0,2019-11-27,2019-11-27,4,,,,0
2019,11,29,18,Nov,1551,1766,348,2.2,0.0,2019-11-29,2019-11-29,6,,,,0
2019,11,30,11,Nov,1361,1420,269,2.4,0.0,2019-11-30,2019-11-30,7,,,,0
2019,11,30,14,Nov,1368,1528,248,5.7,0.0,2019-11-30,2019-11-30,7,,,,0
2019,11,16,21,Nov,2730,2470,515,-0.3,0.0,2019-11-16,2019-11-16,7,AnimeNYC,10.0,19.0,0
2019,11,1,1,Nov,2405,1342,343,20.3,2.96,2019-11-1,2019-11-01,6,,,,0
2019,11,1,4,Nov,1044,466,123,9.6,0.0,2019-11-1,2019-11-01,6,,,,0
2019,11,2,12,Nov,1781,1879,321,9.2,0.0,2019-11-2,2019-11-02,7,,,,0
2019,11,2,17,Nov,2482,2491,455,10.3,0.0,2019-11-2,2019-11-02,7,,,,0
2019,11,3,23,Nov,1140,895,138,6.1,0.0,2019-11-3,2019-11-03,1,,,,0
2019,11,5,20,Nov,1952,1797,291,11.2,0.0,2019-11-5,2019-11-05,3,,,,0
2019,11,7,17,Nov,2301,2325,543,12.0,0.16,2019-11-7,2019-11-07,5,,,,0
2019,11,8,3,Nov,440,235,53,1.6,0.0,2019-11-8,2019-11-08,6,,,,0
2019,11,11,1,Nov,541,353,68,4.7,0.0,2019-11-11,2019-11-11,2,,,,0
2019,11,11,6,Nov,779,890,140,5.3,0.0,2019-11-11,2019-11-11,2,,,,0
2019,11,11,13,Nov,1223,1096,259,13.2,0.0,2019-11-11,2019-11-11,2,,,,0
2019,11,15,3,Nov,450,272,49,0.9,0.0,2019-11-15,2019-11-15,6,AnimeNYC,13.0,19.0,0
2019,11,16,3,Nov,1305,641,161,2.7,0.0,2019-11-16,2019-11-16,7,AnimeNYC,10.0,19.0,0
2019,11,18,6,Nov,1055,1031,145,3.0,0.1,2019-11-18,2019-11-18,2,,,,0
2019,11,18,11,Nov,1216,1094,212,4.2,0.0,2019-11-18,2019-11-18,2,,,,0
2019,11,18,13,Nov,1202,1036,185,4.5,0.1,2019-11-18,2019-11-18,2,,,,0
2019,11,18,18,Nov,1987,2109,458,3.6,0.44,2019-11-18,2019-11-18,2,,,,0
2019,11,20,8,Nov,1957,1677,412,3.7,0.0,2019-11-20,2019-11-20,4,,,,0
2019,11,23,21,Nov,2573,2699,504,5.1,0.0,2019-11-23,2019-11-23,7,,,,0
2019,11,24,9,Nov,1129,1597,246,6.9,0.74,2019-11-24,2019-11-24,1,,,,0
2019,11,25,3,Nov,236,154,28,3.1,0.0,2019-11-25,2019-11-25,2,,,,0
2019,11,25,5,Nov,429,497,48,2.1,0.0,2019-11-25,2019-11-25,2,,,,0
2019,11,25,15,Nov,1297,1251,229,10.3,0.0,2019-11-25,2019-11-25,2,,,,0
2019,11,25,22,Nov,1501,1211,184,4.6,0.0,2019-11-25,2019-11-25,2,,,,0
2019,11,26,10,Nov,1057,1097,190,6.8,0.0,2019-11-26,2019-11-26,3,,,,0
2019,11,27,5,Nov,522,557,46,3.3,0.0,2019-11-27,2019-11-27,4,,,,0
2019,11,29,16,Nov,1260,1372,271,5.3,0.0,2019-11-29,2019-11-29,6,,,,0
2019,11,29,21,Nov,1372,1335,226,1.1,0.0,2019-11-29,2019-11-29,6,,,,0
2019,11,30,2,Nov,984,619,133,-0.5,0.0,2019-11-30,2019-11-30,7,,,,0
2019,11,16,18,Nov,2753,2962,670,1.9,0.0,2019-11-16,2019-11-16,7,AnimeNYC,10.0,19.0,1
2019,11,3,2,Nov,1418,889,148,5.7,0.0,2019-11-3,2019-11-03,1,,,,0
2019,11,3,7,Nov,539,612,71,4.5,0.0,2019-11-3,2019-11-03,1,,,,0
2019,11,3,8,Nov,700,864,127,5.7,0.0,2019-11-3,2019-11-03,1,,,,0
2019,11,6,1,Nov,517,300,47,8.9,0.0,2019-11-6,2019-11-06,4,,,,0
2019,11,6,8,Nov,1884,1714,354,5.9,0.0,2019-11-6,2019-11-06,4,,,,0
2019,11,11,14,Nov,1381,1196,286,13.8,0.0,2019-11-11,2019-11-11,2,,,,0
2019,11,12,16,Nov,1497,1682,310,1.5,0.1,2019-11-12,2019-11-12,3,,,,0
2019,11,14,3,Nov,350,170,44,-2.2,0.0,2019-11-14,2019-11-14,5,,,,0
2019,11,15,7,Nov,1373,1264,213,-1.0,0.0,2019-11-15,2019-11-15,6,AnimeNYC,13.0,19.0,0
2019,11,21,20,Nov,2430,2270,379,7.4,0.0,2019-11-21,2019-11-21,5,,,,0
2019,11,24,20,Nov,1721,1408,242,4.6,0.0,2019-11-24,2019-11-24,1,,,,0
2019,11,25,12,Nov,1067,959,148,8.6,0.0,2019-11-25,2019-11-25,2,,,,0
2019,11,29,7,Nov,443,431,53,-1.5,0.0,2019-11-29,2019-11-29,6,,,,0
2019,11,17,13,Nov,1896,2004,445,4.1,0.0,2019-11-17,2019-11-17,1,AnimeNYC,10.0,17.0,1
2019,11,1,13,Nov,1314,1344,242,12.1,0.0,2019-11-1,2019-11-01,6,,,,0
2019,11,4,0,Nov,698,465,75,5.4,0.0,2019-11-4,2019-11-04,2,,,,0
2019,11,4,5,Nov,515,626,58,2.6,0.0,2019-11-4,2019-11-04,2,,,,0
2019,11,4,12,Nov,1183,1018,190,11.1,0.0,2019-11-4,2019-11-04,2,,,,0
2019,11,4,20,Nov,1731,1590,236,10.5,0.0,2019-11-4,2019-11-04,2,,,,0
2019,11,5,2,Nov,303,194,31,8.9,0.0,2019-11-5,2019-11-05,3,,,,0
2019,11,8,11,Nov,1386,1379,261,3.4,0.0,2019-11-8,2019-11-08,6,,,,0
2019,11,9,5,Nov,368,447,49,-3.0,0.0,2019-11-9,2019-11-09,7,,,,0
2019,11,9,7,Nov,640,950,93,-3.5,0.0,2019-11-9,2019-11-09,7,,,,0
2019,11,10,7,Nov,522,804,75,1.5,0.0,2019-11-10,2019-11-10,1,,,,0
2019,11,12,4,Nov,298,303,23,11.3,0.0,2019-11-12,2019-11-12,3,,,,0
2019,11,13,21,Nov,2368,2027,319,-2.2,0.0,2019-11-13,2019-11-13,4,,,,0
2019,11,14,12,Nov,1196,1115,230,3.5,0.0,2019-11-14,2019-11-14,5,,,,0
2019,11,18,17,Nov,1766,1987,369,4.0,0.34,2019-11-18,2019-11-18,2,,,,0
2019,11,19,21,Nov,2227,1681,287,4.9,0.0,2019-11-19,2019-11-19,3,,,,0
2019,11,22,13,Nov,1578,1527,347,11.5,0.14,2019-11-22,2019-11-22,6,,,,0
2019,11,23,6,Nov,504,718,73,-0.3,0.0,2019-11-23,2019-11-23,7,,,,0
2019,11,25,13,Nov,1105,1042,166,9.5,0.0,2019-11-25,2019-11-25,2,,,,0
2019,11,26,8,Nov,1546,1430,289,3.3,0.0,2019-11-26,2019-11-26,3,,,,0
2019,11,26,23,Nov,1472,1065,197,6.0,0.0,2019-11-26,2019-11-26,3,,,,0
2019,11,28,16,Nov,1091,879,187,7.3,0.0,2019-11-28,2019-11-28,5,,,,0
2019,11,29,1,Nov,512,418,76,1.2,0.0,2019-11-29,2019-11-29,6,,,,0
2019,11,30,15,Nov,1500,1685,282,6.0,0.0,2019-11-30,2019-11-30,7,,,,0
2019,11,17,19,Nov,1810,1797,379,3.1,0.0,2019-11-17,2019-11-17,1,AnimeNYC,10.0,17.0,0
2019,11,3,15,Nov,1493,1652,302,10.7,0.0,2019-11-3,2019-11-03,1,,,,0
2019,11,3,22,Nov,1378,1150,178,6.8,0.0,2019-11-3,2019-11-03,1,,,,0
2019,11,4,2,Nov,284,184,41,3.9,0.0,2019-11-4,2019-11-04,2,,,,0
2019,11,4,21,Nov,1949,1510,246,10.2,0.0,2019-11-4,2019-11-04,2,,,,0
2019,11,6,7,Nov,1496,1347,241,5.7,0.0,2019-11-6,2019-11-06,4,,,,0
2019,11,8,10,Nov,1308,1366,257,2.8,0.0,2019-11-8,2019-11-08,6,,,,0
2019,11,8,16,Nov,1838,1984,397,3.9,0.0,2019-11-8,2019-11-08,6,,,,0
2019,11,9,4,Nov,620,428,63,-2.9,0.0,2019-11-9,2019-11-09,7,,,,0
2019,11,10,6,Nov,425,626,62,1.1,0.0,2019-11-10,2019-11-10,1,,,,0
2019,11,10,19,Nov,1814,1827,362,7.4,0.0,2019-11-10,2019-11-10,1,,,,0
2019,11,12,12,Nov,1169,1142,228,2.3,0.2,2019-11-12,2019-11-12,3,,,,0
2019,11,13,14,Nov,1284,1272,258,0.7,0.0,2019-11-13,2019-11-13,4,,,,0
2019,11,15,16,Nov,1635,1653,355,9.9,0.0,2019-11-15,2019-11-15,6,AnimeNYC,13.0,19.0,1
2019,11,15,19,Nov,2611,2686,580,5.6,0.0,2019-11-15,2019-11-15,6,AnimeNYC,13.0,19.0,0
2019,11,16,7,Nov,534,886,97,-0.8,0.0,2019-11-16,2019-11-16,7,AnimeNYC,10.0,19.0,0
2019,11,19,5,Nov,401,469,50,4.3,0.66,2019-11-19,2019-11-19,3,,,,0
2019,11,19,15,Nov,1409,1309,243,10.9,0.0,2019-11-19,2019-11-19,3,,,,0
2019,11,20,15,Nov,1371,1323,266,7.6,0.0,2019-11-20,2019-11-20,4,,,,0
2019,11,21,7,Nov,1468,1374,247,1.8,0.0,2019-11-21,2019-11-21,5,,,,0
2019,11,22,10,Nov,1251,1218,259,9.3,0.0,2019-11-22,2019-11-22,6,,,,0
2019,11,23,5,Nov,492,437,50,0.5,0.0,2019-11-23,2019-11-23,7,,,,0
2019,11,24,3,Nov,1437,763,230,4.8,0.9,2019-11-24,2019-11-24,1,,,,0
2019,11,26,2,Nov,301,216,41,3.9,0.0,2019-11-26,2019-11-26,3,,,,0
2019,11,27,3,Nov,356,203,31,6.6,0.0,2019-11-27,2019-11-27,4,,,,0
2019,11,28,2,Nov,780,456,117,8.8,0.0,2019-11-28,2019-11-28,5,,,,0
2019,11,29,0,Nov,708,683,92,1.9,0.0,2019-11-29,2019-11-29,6,,,,0
2019,11,29,20,Nov,1339,1329,276,1.6,0.0,2019-11-29,2019-11-29,6,,,,0
2019,11,29,23,Nov,1454,1432,281,-0.3,0.0,2019-11-29,2019-11-29,6,,,,0
2019,11,30,9,Nov,782,1064,151,-0.5,0.0,2019-11-30,2019-11-30,7,,,,0
2019,11,16,15,Nov,2066,2454,493,4.5,0.0,2019-11-16,2019-11-16,7,AnimeNYC,10.0,19.0,1
2019,11,16,20,Nov,2601,2595,603,0.4,0.0,2019-11-16,2019-11-16,7,AnimeNYC,10.0,19.0,0
2019,11,2,22,Nov,2680,2299,479,8.9,0.0,2019-11-2,2019-11-02,7,,,,0
2019,11,5,3,Nov,244,161,26,8.5,0.0,2019-11-5,2019-11-05,3,,,,0
2019,11,5,9,Nov,1494,1465,286,10.6,0.2,2019-11-5,2019-11-05,3,,,,0
2019,11,7,2,Nov,400,233,47,5.9,0.0,2019-11-7,2019-11-07,5,,,,0
2019,11,11,0,Nov,825,657,118,4.5,0.0,2019-11-11,2019-11-11,2,,,,0
2019,11,12,19,Nov,2210,2185,496,-0.2,0.0,2019-11-12,2019-11-12,3,,,,0
2019,11,13,20,Nov,2356,2081,415,-1.1,0.0,2019-11-13,2019-11-13,4,,,,0
2019,11,14,16,Nov,1607,1747,345,5.9,0.0,2019-11-14,2019-11-14,5,,,,0
2019,11,15,12,Nov,1385,1446,265,7.9,0.0,2019-11-15,2019-11-15,6,AnimeNYC,13.0,19.0,0
2019,11,15,14,Nov,1406,1454,282,9.8,0.0,2019-11-15,2019-11-15,6,AnimeNYC,13.0,19.0,1
2019,11,17,1,Nov,2373,1665,341,-1.7,0.0,2019-11-17,2019-11-17,1,AnimeNYC,10.0,17.0,0
2019,11,23,9,Nov,1157,1477,191,1.3,0.0,2019-11-23,2019-11-23,7,,,,0
2019,11,28,18,Nov,1155,940,173,4.8,0.0,2019-11-28,2019-11-28,5,,,,0
2019,11,28,23,Nov,998,946,141,2.3,0.0,2019-11-28,2019-11-28,5,,,,0
2019,11,29,10,Nov,862,848,151,0.3,0.0,2019-11-29,2019-11-29,6,,,,0
2019,11,29,17,Nov,1504,1607,321,4.3,0.0,2019-11-29,2019-11-29,6,,,,0
2019,11,30,1,Nov,1164,796,171,-0.9,0.0,2019-11-30,2019-11-30,7,,,,0
2019,11,30,6,Nov,301,440,46,-1.8,0.0,2019-11-30,2019-11-30,7,,,,0
2019,11,30,10,Nov,1064,1211,188,0.7,0.0,2019-11-30,2019-11-30,7,,,,0
2019,11,30,13,Nov,1493,1540,303,4.9,0.0,2019-11-30,2019-11-30,7,,,,0
2019,11,1,6,Nov,968,855,115,7.2,0.0,2019-11-1,2019-11-01,6,,,,0
2019,11,1,14,Nov,1411,1408,221,12.3,0.0,2019-11-1,2019-11-01,6,,,,0
2019,11,2,10,Nov,1391,1791,257,7.2,0.0,2019-11-2,2019-11-02,7,,,,0
2019,11,2,18,Nov,2391,2615,466,10.0,0.0,2019-11-2,2019-11-02,7,,,,0
2019,11,3,16,Nov,1578,1883,302,10.6,0.0,2019-11-3,2019-11-03,1,,,,0
2019,11,5,5,Nov,432,503,45,7.5,0.0,2019-11-5,2019-11-05,3,,,,0
2019,11,6,22,Nov,2290,1529,272,6.5,0.0,2019-11-6,2019-11-06,4,,,,0
2019,11,7,6,Nov,919,848,112,6.8,0.0,2019-11-7,2019-11-07,5,,,,0
2019,11,8,7,Nov,1386,1361,262,-0.1,0.0,2019-11-8,2019-11-08,6,,,,0
2019,11,9,12,Nov,1834,2006,382,2.1,0.0,2019-11-9,2019-11-09,7,,,,0
2019,11,10,18,Nov,2098,2182,423,8.4,0.0,2019-11-10,2019-11-10,1,,,,0
2019,11,11,10,Nov,1038,1229,335,8.7,0.0,2019-11-11,2019-11-11,2,,,,0
2019,11,12,11,Nov,1192,1156,202,3.4,0.64,2019-11-12,2019-11-12,3,,,,0
2019,11,19,1,Nov,408,350,50,4.1,0.5,2019-11-19,2019-11-19,3,,,,0
2019,11,19,12,Nov,1073,1027,190,8.5,0.0,2019-11-19,2019-11-19,3,,,,0
2019,11,19,17,Nov,1967,2087,400,9.8,0.0,2019-11-19,2019-11-19,3,,,,0
2019,11,19,18,Nov,2180,2172,520,8.2,0.0,2019-11-19,2019-11-19,3,,,,0
2019,11,21,11,Nov,1124,1055,238,7.0,0.0,2019-11-21,2019-11-21,5,,,,0
2019,11,21,16,Nov,1613,1597,317,10.8,0.0,2019-11-21,2019-11-21,5,,,,0
2019,11,24,1,Nov,2560,1646,402,4.6,1.4,2019-11-24,2019-11-24,1,,,,0
2019,11,25,4,Nov,301,281,31,2.5,0.0,2019-11-25,2019-11-25,2,,,,0
2019,11,28,11,Nov,805,920,237,9.8,0.0,2019-11-28,2019-11-28,5,,,,0
2019,11,29,2,Nov,411,312,58,0.5,0.0,2019-11-29,2019-11-29,6,,,,0
2019,11,29,8,Nov,538,527,88,-1.3,0.0,2019-11-29,2019-11-29,6,,,,0
2019,11,29,14,Nov,1088,1149,203,4.9,0.0,2019-11-29,2019-11-29,6,,,,0
2019,11,30,8,Nov,524,825,103,-1.0,0.0,2019-11-30,2019-11-30,7,,,,0
2019,11,1,2,Nov,2056,927,325,14.8,1.06,2019-11-1,2019-11-01,6,,,,0
2019,11,1,21,Nov,2543,2194,421,7.9,0.0,2019-11-1,2019-11-01,6,,,,0
2019,11,3,13,Nov,1408,1561,247,10.9,0.0,2019-11-3,2019-11-03,1,,,,0
2019,11,5,12,Nov,1126,1038,166,13.8,0.0,2019-11-5,2019-11-05,3,,,,0
2019,11,5,15,Nov,1383,1322,250,14.9,0.0,2019-11-5,2019-11-05,3,,,,0
2019,11,5,16,Nov,1356,1490,266,14.9,0.0,2019-11-5,2019-11-05,3,,,,0
2019,11,6,0,Nov,1130,558,113,9.6,0.0,2019-11-6,2019-11-06,4,,,,0
2019,11,6,17,Nov,2063,2001,430,10.7,0.0,2019-11-6,2019-11-06,4,,,,0
2019,11,8,8,Nov,1881,1835,356,0.7,0.0,2019-11-8,2019-11-08,6,,,,0
2019,11,12,17,Nov,2209,2279,485,1.3,0.0,2019-11-12,2019-11-12,3,,,,0
2019,11,12,23,Nov,1590,1113,217,-2.8,0.0,2019-11-12,2019-11-12,3,,,,0
2019,11,14,5,Nov,455,548,43,-2.7,0.0,2019-11-14,2019-11-14,5,,,,0
2019,11,15,8,Nov,1777,1673,347,0.4,0.0,2019-11-15,2019-11-15,6,AnimeNYC,13.0,19.0,0
2019,11,18,9,Nov,1630,1479,339,2.9,0.0,2019-11-18,2019-11-18,2,,,,0
2019,11,20,5,Nov,434,450,41,3.8,0.0,2019-11-20,2019-11-20,4,,,,0
2019,11,20,10,Nov,1257,1138,242,5.1,0.0,2019-11-20,2019-11-20,4,,,,0
2019,11,20,13,Nov,1135,1088,194,6.9,0.0,2019-11-20,2019-11-20,4,,,,0
2019,11,22,6,Nov,944,771,101,7.9,0.0,2019-11-22,2019-11-22,6,,,,0
2019,11,25,1,Nov,384,293,50,3.9,0.0,2019-11-25,2019-11-25,2,,,,0
2019,11,27,11,Nov,1108,1244,230,11.1,0.0,2019-11-27,2019-11-27,4,,,,0
2019,11,29,4,Nov,221,207,28,-0.7,0.0,2019-11-29,2019-11-29,6,,,,0
2019,11,16,22,Nov,3228,2826,626,-0.9,0.0,2019-11-16,2019-11-16,7,AnimeNYC,10.0,19.0,0
2019,11,17,14,Nov,1802,2056,383,4.0,0.0,2019-11-17,2019-11-17,1,AnimeNYC,10.0,17.0,1
2019,11,1,11,Nov,1202,1373,278,10.6,0.0,2019-11-1,2019-11-01,6,,,,0
2019,11,1,19,Nov,2511,2458,459,8.6,0.0,2019-11-1,2019-11-01,6,,,,0
2019,11,2,4,Nov,732,491,69,4.5,0.0,2019-11-2,2019-11-02,7,,,,0
2019,11,2,19,Nov,2470,2885,494,9.3,0.0,2019-11-2,2019-11-02,7,,,,0
2019,11,3,11,Nov,1304,1417,249,9.1,0.0,2019-11-3,2019-11-03,1,,,,0
2019,11,4,22,Nov,1712,1257,192,10.1,0.0,2019-11-4,2019-11-04,2,,,,0
2019,11,5,1,Nov,500,298,51,9.6,0.0,2019-11-5,2019-11-05,3,,,,0
2019,11,6,9,Nov,1476,1447,293,7.0,0.0,2019-11-6,2019-11-06,4,,,,0
2019,11,7,5,Nov,445,462,45,7.3,0.0,2019-11-7,2019-11-07,5,,,,0
2019,11,7,21,Nov,2457,2265,385,8.4,0.84,2019-11-7,2019-11-07,5,,,,0
2019,11,10,15,Nov,1823,1940,343,10.4,0.0,2019-11-10,2019-11-10,1,,,,0
2019,11,11,11,Nov,1056,1091,303,10.6,0.0,2019-11-11,2019-11-11,2,,,,0
2019,11,12,5,Nov,487,560,55,11.8,0.0,2019-11-12,2019-11-12,3,,,,0
2019,11,12,21,Nov,2429,2038,358,-1.3,0.0,2019-11-12,2019-11-12,3,,,,0
2019,11,13,0,Nov,803,653,117,-3.4,0.0,2019-11-13,2019-11-13,4,,,,0
2019,11,13,6,Nov,995,910,138,-4.8,0.0,2019-11-13,2019-11-13,4,,,,0
2019,11,14,14,Nov,1381,1336,271,4.9,0.0,2019-11-14,2019-11-14,5,,,,0
2019,11,15,5,Nov,457,571,48,-0.7,0.0,2019-11-15,2019-11-15,6,AnimeNYC,13.0,19.0,0
2019,11,15,17,Nov,2149,2167,449,8.3,0.0,2019-11-15,2019-11-15,6,AnimeNYC,13.0,19.0,1
2019,11,16,5,Nov,406,410,49,2.1,0.0,2019-11-16,2019-11-16,7,AnimeNYC,10.0,19.0,0
2019,11,17,12,Nov,1774,2241,433,3.6,0.0,2019-11-17,2019-11-17,1,AnimeNYC,10.0,17.0,1
2019,11,18,23,Nov,1151,983,189,4.1,3.0,2019-11-18,2019-11-18,2,,,,0
2019,11,21,1,Nov,701,428,74,4.6,0.0,2019-11-21,2019-11-21,5,,,,0
2019,11,22,12,Nov,1555,1551,349,11.3,0.0,2019-11-22,2019-11-22,6,,,,0
2019,11,23,1,Nov,2026,1310,295,2.3,0.0,2019-11-23,2019-11-23,7,,,,0
2019,11,23,18,Nov,2416,2775,478,4.8,0.0,2019-11-23,2019-11-23,7,,,,0
2019,11,24,17,Nov,1909,2223,378,5.0,0.56,2019-11-24,2019-11-24,1,,,,0
2019,11,27,1,Nov,666,424,66,6.4,0.0,2019-11-27,2019-11-27,4,,,,0
2019,11,28,3,Nov,696,308,106,7.8,0.0,2019-11-28,2019-11-28,5,,,,0
2019,11,17,22,Nov,1548,1180,242,3.2,0.0,2019-11-17,2019-11-17,1,AnimeNYC,10.0,17.0,0
2019,11,1,5,Nov,694,576,77,8.0,0.0,2019-11-1,2019-11-01,6,,,,0
2019,11,2,7,Nov,576,940,97,3.3,0.0,2019-11-2,2019-11-02,7,,,,0
2019,11,5,4,Nov,289,267,26,7.9,0.0,2019-11-5,2019-11-05,3,,,,0
2019,11,7,7,Nov,1507,1440,261,7.7,0.0,2019-11-7,2019-11-07,5,,,,0
2019,11,7,22,Nov,2467,1966,329,7.6,0.3,2019-11-7,2019-11-07,5,,,,0
2019,11,14,2,Nov,467,259,61,-1.5,0.0,2019-11-14,2019-11-14,5,,,,0
2019,11,15,4,Nov,456,326,47,-0.4,0.0,2019-11-15,2019-11-15,6,AnimeNYC,13.0,19.0,0
2019,11,17,8,Nov,695,1248,140,-0.6,0.0,2019-11-17,2019-11-17,1,AnimeNYC,10.0,17.0,0
2019,11,21,10,Nov,1125,1088,228,5.8,0.0,2019-11-21,2019-11-21,5,,,,0
2019,11,21,22,Nov,2523,1793,321,7.7,0.18,2019-11-21,2019-11-21,5,,,,0
2019,11,23,7,Nov,568,850,87,-0.5,0.0,2019-11-23,2019-11-23,7,,,,0
2019,11,24,8,Nov,746,1088,122,6.5,1.0,2019-11-24,2019-11-24,1,,,,0
2019,11,25,21,Nov,1805,1318,225,5.2,0.0,2019-11-25,2019-11-25,2,,,,0
2019,11,27,0,Nov,972,648,115,7.1,0.0,2019-11-27,2019-11-27,4,,,,0
2019,11,28,22,Nov,1243,1202,185,2.9,0.0,2019-11-28,2019-11-28,5,,,,0
2019,11,30,4,Nov,557,303,56,-0.6,0.0,2019-11-30,2019-11-30,7,,,,0
2019,11,2,20,Nov,2092,2492,435,9.6,0.0,2019-11-2,2019-11-02,7,,,,0
2019,11,5,17,Nov,1994,2139,395,13.7,0.0,2019-11-5,2019-11-05,3,,,,0
2019,11,5,22,Nov,1956,1388,267,10.3,0.0,2019-11-5,2019-11-05,3,,,,0
2019,11,7,20,Nov,2505,2423,457,9.6,1.3,2019-11-7,2019-11-07,5,,,,0
2019,11,8,23,Nov,2795,2335,467,-0.9,0.0,2019-11-8,2019-11-08,6,,,,0
2019,11,9,18,Nov,2714,2850,513,3.1,0.0,2019-11-9,2019-11-09,7,,,,0
2019,11,9,20,Nov,2361,2495,431,2.7,0.0,2019-11-9,2019-11-09,7,,,,0
2019,11,12,10,Nov,1297,1224,245,5.0,0.7,2019-11-12,2019-11-12,3,,,,0
2019,11,12,20,Nov,2301,2071,438,-0.2,0.0,2019-11-12,2019-11-12,3,,,,0
2019,11,13,2,Nov,350,232,41,-4.1,0.0,2019-11-13,2019-11-13,4,,,,0
2019,11,15,15,Nov,1554,1558,311,10.2,0.0,2019-11-15,2019-11-15,6,AnimeNYC,13.0,19.0,1
2019,11,18,16,Nov,1368,1577,294,4.3,0.2,2019-11-18,2019-11-18,2,,,,0
2019,11,19,19,Nov,1943,1809,383,7.8,0.0,2019-11-19,2019-11-19,3,,,,0
2019,11,19,23,Nov,1487,1008,208,4.5,0.0,2019-11-19,2019-11-19,3,,,,0
2019,11,20,1,Nov,528,347,69,4.6,0.0,2019-11-20,2019-11-20,4,,,,0
2019,11,20,23,Nov,1846,1233,213,4.7,0.0,2019-11-20,2019-11-20,4,,,,0
2019,11,22,8,Nov,1768,1647,320,6.9,0.0,2019-11-22,2019-11-22,6,,,,0
2019,11,23,4,Nov,862,457,91,0.9,0.0,2019-11-23,2019-11-23,7,,,,0
2019,11,23,20,Nov,2196,2556,457,4.5,0.0,2019-11-23,2019-11-23,7,,,,0
2019,11,24,2,Nov,1870,1200,348,4.6,0.9,2019-11-24,2019-11-24,1,,,,0
2019,11,26,1,Nov,417,322,54,4.3,0.0,2019-11-26,2019-11-26,3,,,,0
2019,11,26,3,Nov,221,172,27,3.2,0.0,2019-11-26,2019-11-26,3,,,,0
2019,11,30,20,Nov,1771,1773,316,1.2,0.0,2019-11-30,2019-11-30,7,,,,0
2019,11,30,23,Nov,2075,1729,354,-1.1,0.0,2019-11-30,2019-11-30,7,,,,0
2019,11,17,21,Nov,1650,1490,256,3.3,0.0,2019-11-17,2019-11-17,1,AnimeNYC,10.0,17.0,0
2019,11,2,23,Nov,2512,2258,425,7.5,0.0,2019-11-2,2019-11-02,7,,,,0
2019,11,8,12,Nov,1479,1370,287,4.1,0.0,2019-11-8,2019-11-08,6,,,,0
2019,11,10,14,Nov,1690,1956,346,9.5,0.0,2019-11-10,2019-11-10,1,,,,0
2019,11,12,6,Nov,967,855,126,12.0,0.0,2019-11-12,2019-11-12,3,,,,0
2019,11,12,7,Nov,1604,1493,318,11.5,0.2,2019-11-12,2019-11-12,3,,,,0
2019,11,14,18,Nov,2334,2611,550,2.2,0.0,2019-11-14,2019-11-14,5,,,,0
2019,11,14,21,Nov,2617,2126,363,3.8,0.0,2019-11-14,2019-11-14,5,,,,0
2019,11,15,21,Nov,2399,2099,405,4.6,0.0,2019-11-15,2019-11-15,6,AnimeNYC,13.0,19.0,0
2019,11,18,21,Nov,2253,1989,424,4.1,0.94,2019-11-18,2019-11-18,2,,,,0
2019,11,20,11,Nov,1108,1118,188,5.6,0.0,2019-11-20,2019-11-20,4,,,,0
2019,11,20,12,Nov,1125,1054,192,6.3,0.0,2019-11-20,2019-11-20,4,,,,0
2019,11,20,20,Nov,2135,1910,328,4.7,0.0,2019-11-20,2019-11-20,4,,,,0
2019,11,21,8,Nov,1952,1735,373,2.3,0.0,2019-11-21,2019-11-21,5,,,,0
2019,11,22,11,Nov,1257,1309,242,10.1,0.0,2019-11-22,2019-11-22,6,,,,0
2019,11,25,6,Nov,837,810,123,1.9,0.0,2019-11-25,2019-11-25,2,,,,0
2019,11,29,6,Nov,336,397,46,-1.3,0.0,2019-11-29,2019-11-29,6,,,,0
2019,11,29,19,Nov,1556,1679,319,1.4,0.0,2019-11-29,2019-11-29,6,,,,0
2019,11,30,22,Nov,2071,1885,366,-0.3,0.0,2019-11-30,2019-11-30,7,,,,0
2019,11,2,6,Nov,417,712,73,3.8,0.0,2019-11-2,2019-11-02,7,,,,0
2019,11,2,9,Nov,1094,1572,236,6.1,0.0,2019-11-2,2019-11-02,7,,,,0
2019,11,4,11,Nov,1059,1075,204,10.0,0.0,2019-11-4,2019-11-04,2,,,,0
2019,11,5,18,Nov,2134,2269,450,11.9,0.0,2019-11-5,2019-11-05,3,,,,0
2019,11,5,19,Nov,1786,1828,322,10.6,0.0,2019-11-5,2019-11-05,3,,,,0
2019,11,9,19,Nov,2726,2949,557,2.1,0.0,2019-11-9,2019-11-09,7,,,,0
2019,11,10,8,Nov,838,1522,223,2.7,0.0,2019-11-10,2019-11-10,1,,,,0
2019,11,13,10,Nov,1372,1186,248,-2.9,0.0,2019-11-13,2019-11-13,4,,,,0
2019,11,14,4,Nov,317,243,21,-2.4,0.0,2019-11-14,2019-11-14,5,,,,0
2019,11,20,16,Nov,1527,1610,306,8.3,0.0,2019-11-20,2019-11-20,4,,,,0
2019,11,23,3,Nov,1220,593,142,1.3,0.0,2019-11-23,2019-11-23,7,,,,0
2019,11,23,10,Nov,1345,1533,259,2.7,0.0,2019-11-23,2019-11-23,7,,,,0
2019,11,23,13,Nov,1748,1953,270,5.9,0.0,2019-11-23,2019-11-23,7,,,,0
2019,11,23,22,Nov,3002,2718,537,5.4,0.1,2019-11-23,2019-11-23,7,,,,0
2019,11,24,6,Nov,471,672,66,6.6,2.3,2019-11-24,2019-11-24,1,,,,0
2019,11,28,12,Nov,856,861,215,10.2,0.0,2019-11-28,2019-11-28,5,,,,0
2019,11,29,9,Nov,694,719,139,-1.1,0.0,2019-11-29,2019-11-29,6,,,,0
2019,11,17,20,Nov,1623,1526,303,3.5,0.0,2019-11-17,2019-11-17,1,AnimeNYC,10.0,17.0,0
2019,11,1,17,Nov,2116,2287,439,11.4,0.0,2019-11-1,2019-11-01,6,,,,0
2019,11,3,9,Nov,1026,939,181,6.7,0.0,2019-11-3,2019-11-03,1,,,,0
2019,11,7,18,Nov,2484,2598,620,11.0,0.36,2019-11-7,2019-11-07,5,,,,0
2019,11,8,13,Nov,1465,1425,248,4.2,0.0,2019-11-8,2019-11-08,6,,,,0
2019,11,8,14,Nov,1460,1557,282,4.4,0.0,2019-11-8,2019-11-08,6,,,,0
2019,11,11,3,Nov,328,200,38,5.2,0.0,2019-11-11,2019-11-11,2,,,,0
2019,11,11,5,Nov,506,480,41,4.9,0.0,2019-11-11,2019-11-11,2,,,,0
2019,11,14,0,Nov,974,792,159,-3.0,0.0,2019-11-14,2019-11-14,5,,,,0
2019,11,17,3,Nov,1515,769,191,-2.6,0.0,2019-11-17,2019-11-17,1,AnimeNYC,10.0,17.0,0
2019,11,19,0,Nov,668,630,102,4.1,1.82,2019-11-19,2019-11-19,3,,,,0
2019,11,20,19,Nov,2016,2037,392,5.0,0.0,2019-11-20,2019-11-20,4,,,,0
2019,11,20,22,Nov,2334,1582,299,4.9,0.0,2019-11-20,2019-11-20,4,,,,0
2019,11,22,19,Nov,2547,2527,469,4.9,0.0,2019-11-22,2019-11-22,6,,,,0
2019,11,24,11,Nov,2029,2331,507,6.8,2.26,2019-11-24,2019-11-24,1,,,,0
2019,11,26,18,Nov,1499,1725,290,8.5,0.0,2019-11-26,2019-11-26,3,,,,0
2019,11,29,13,Nov,1170,1212,206,4.1,0.0,2019-11-29,2019-11-29,6,,,,0
2019,11,16,14,Nov,1897,2209,490,4.5,0.0,2019-11-16,2019-11-16,7,AnimeNYC,10.0,19.0,1
2019,11,17,15,Nov,1916,1943,389,4.3,0.0,2019-11-17,2019-11-17,1,AnimeNYC,10.0,17.0,1
2019,11,1,12,Nov,1230,1310,250,11.6,0.0,2019-11-1,2019-11-01,6,,,,0
2019,11,1,16,Nov,1590,1747,308,12.0,0.0,2019-11-1,2019-11-01,6,,,,0
2019,11,2,0,Nov,2444,1927,360,6.2,0.0,2019-11-2,2019-11-02,7,,,,0
2019,11,2,3,Nov,1283,680,132,5.0,0.0,2019-11-2,2019-11-02,7,,,,0
2019,11,2,14,Nov,1747,1916,286,9.8,0.0,2019-11-2,2019-11-02,7,,,,0
2019,11,4,23,Nov,1085,878,142,10.1,0.0,2019-11-4,2019-11-04,2,,,,0
2019,11,5,6,Nov,889,808,134,7.5,0.0,2019-11-5,2019-11-05,3,,,,0
2019,11,8,17,Nov,2230,2236,468,3.0,0.0,2019-11-8,2019-11-08,6,,,,0
2019,11,9,0,Nov,2375,1904,422,-1.4,0.0,2019-11-9,2019-11-09,7,,,,0
2019,11,10,13,Nov,1667,1943,351,8.4,0.0,2019-11-10,2019-11-10,1,,,,0
2019,11,11,19,Nov,1763,1539,287,9.3,0.0,2019-11-11,2019-11-11,2,,,,0
2019,11,12,8,Nov,2107,1854,508,10.9,0.2,2019-11-12,2019-11-12,3,,,,0
2019,11,12,13,Nov,1156,1204,244,1.4,0.2,2019-11-12,2019-11-12,3,,,,0
2019,11,14,23,Nov,2403,1463,307,2.4,0.0,2019-11-14,2019-11-14,5,,,,0
2019,11,15,6,Nov,898,890,119,-0.3,0.0,2019-11-15,2019-11-15,6,AnimeNYC,13.0,19.0,0
2019,11,15,20,Nov,2351,2454,508,5.3,0.0,2019-11-15,2019-11-15,6,AnimeNYC,13.0,19.0,0
2019,11,16,0,Nov,2309,1845,377,4.2,0.0,2019-11-16,2019-11-16,7,AnimeNYC,10.0,19.0,0
2019,11,17,10,Nov,1373,2017,340,1.4,0.0,2019-11-17,2019-11-17,1,AnimeNYC,10.0,17.0,1
2019,11,18,20,Nov,2178,1977,412,4.1,0.26,2019-11-18,2019-11-18,2,,,,0
2019,11,20,7,Nov,1557,1391,257,3.1,0.0,2019-11-20,2019-11-20,4,,,,0
2019,11,22,15,Nov,1566,1516,310,9.2,1.7,2019-11-22,2019-11-22,6,,,,0
2019,11,23,17,Nov,2299,2429,445,5.8,0.0,2019-11-23,2019-11-23,7,,,,0
2019,11,25,7,Nov,1260,1151,175,2.0,0.0,2019-11-25,2019-11-25,2,,,,0
2019,11,25,17,Nov,1710,1652,289,9.5,0.0,2019-11-25,2019-11-25,2,,,,0
2019,11,27,15,Nov,1306,1507,276,14.2,0.0,2019-11-27,2019-11-27,4,,,,0
2019,11,28,1,Nov,988,651,147,9.6,0.0,2019-11-28,2019-11-28,5,,,,0
2019,11,28,5,Nov,474,694,80,6.7,0.0,2019-11-28,2019-11-28,5,,,,0
2019,11,29,5,Nov,251,252,25,-1.1,0.0,2019-11-29,2019-11-29,6,,,,0
2019,11,30,0,Nov,1263,1132,231,-0.6,0.0,2019-11-30,2019-11-30,7,,,,0
2019,11,30,3,Nov,818,388,90,-0.5,0.0,2019-11-30,2019-11-30,7,,,,0
2019,11,30,5,Nov,322,348,23,-1.5,0.0,2019-11-30,2019-11-30,7,,,,0
2019,11,2,5,Nov,360,444,45,4.2,0.0,2019-11-2,2019-11-02,7,,,,0
2019,11,2,13,Nov,1938,1917,340,9.6,0.0,2019-11-2,2019-11-02,7,,,,0
2019,11,3,12,Nov,1462,1460,277,10.0,0.0,2019-11-3,2019-11-03,1,,,,0
2019,11,6,12,Nov,1159,1078,182,10.4,0.0,2019-11-6,2019-11-06,4,,,,0
2019,11,8,1,Nov,918,594,109,3.8,0.0,2019-11-8,2019-11-08,6,,,,0
2019,11,8,2,Nov,613,388,71,2.4,0.0,2019-11-8,2019-11-08,6,,,,0
2019,11,9,3,Nov,1200,579,141,-2.6,0.0,2019-11-9,2019-11-09,7,,,,0
2019,11,9,13,Nov,1965,1924,358,3.0,0.0,2019-11-9,2019-11-09,7,,,,0
2019,11,9,15,Nov,2073,2183,407,4.0,0.0,2019-11-9,2019-11-09,7,,,,0
2019,11,9,22,Nov,2712,2498,470,1.4,0.0,2019-11-9,2019-11-09,7,,,,0
2019,11,10,9,Nov,1110,1859,339,3.7,0.0,2019-11-10,2019-11-10,1,,,,0
2019,11,14,15,Nov,1479,1460,277,5.6,0.0,2019-11-14,2019-11-14,5,,,,0
2019,11,18,4,Nov,348,270,37,3.1,0.1,2019-11-18,2019-11-18,2,,,,0
2019,11,18,7,Nov,1455,1302,228,2.9,0.0,2019-11-18,2019-11-18,2,,,,0
2019,11,20,4,Nov,317,263,24,4.3,0.0,2019-11-20,2019-11-20,4,,,,0
2019,11,21,12,Nov,1112,1092,220,8.3,0.0,2019-11-21,2019-11-21,5,,,,0
2019,11,22,18,Nov,2356,2323,479,5.5,0.0,2019-11-22,2019-11-22,6,,,,0
2019,11,23,19,Nov,2430,2826,518,4.9,0.0,2019-11-23,2019-11-23,7,,,,0
2019,11,24,13,Nov,1864,2084,413,5.5,0.5,2019-11-24,2019-11-24,1,,,,0
2019,11,25,8,Nov,1644,1431,291,3.0,0.0,2019-11-25,2019-11-25,2,,,,0
2019,11,26,5,Nov,455,467,47,2.4,0.0,2019-11-26,2019-11-26,3,,,,0
2019,11,26,11,Nov,1070,1095,166,9.3,0.0,2019-11-26,2019-11-26,3,,,,0
2019,11,26,20,Nov,1560,1557,230,8.0,0.0,2019-11-26,2019-11-26,3,,,,0
2019,11,26,21,Nov,1641,1458,249,7.8,0.0,2019-11-26,2019-11-26,3,,,,0
2019,11,27,2,Nov,451,324,66,7.1,0.0,2019-11-27,2019-11-27,4,,,,0
2019,11,27,7,Nov,970,1063,138,4.7,0.0,2019-11-27,2019-11-27,4,,,,0
2019,11,27,21,Nov,1321,1333,259,12.2,0.0,2019-11-27,2019-11-27,4,,,,0
2019,11,4,13,Nov,1119,1074,185,11.8,0.0,2019-11-4,2019-11-04,2,,,,0
2019,11,5,0,Nov,865,525,103,10.1,0.0,2019-11-5,2019-11-05,3,,,,0
2019,11,6,15,Nov,1387,1345,252,11.5,0.0,2019-11-6,2019-11-06,4,,,,0
2019,11,6,19,Nov,2120,1993,369,8.3,0.0,2019-11-6,2019-11-06,4,,,,0
2019,11,8,18,Nov,2528,2673,576,2.2,0.0,2019-11-8,2019-11-08,6,,,,0
2019,11,9,10,Nov,1529,1703,310,-0.2,0.0,2019-11-9,2019-11-09,7,,,,0
2019,11,11,8,Nov,1607,1644,354,6.7,0.0,2019-11-11,2019-11-11,2,,,,0
2019,11,15,0,Nov,1531,1018,162,2.1,0.0,2019-11-15,2019-11-15,6,AnimeNYC,13.0,19.0,0
2019,11,19,16,Nov,1380,1576,262,10.9,0.0,2019-11-19,2019-11-19,3,,,,0
2019,11,20,2,Nov,369,243,43,4.8,0.0,2019-11-20,2019-11-20,4,,,,0
2019,11,21,14,Nov,1322,1221,218,10.0,0.0,2019-11-21,2019-11-21,5,,,,0
2019,11,24,4,Nov,950,487,137,5.1,2.08,2019-11-24,2019-11-24,1,,,,0
2019,11,24,21,Nov,1428,1281,219,4.5,0.0,2019-11-24,2019-11-24,1,,,,0
2019,11,30,7,Nov,346,547,70,-2.0,0.0,2019-11-30,2019-11-30,7,,,,0
2019,11,17,18,Nov,2012,1935,430,3.4,0.0,2019-11-17,2019-11-17,1,AnimeNYC,10.0,17.0,0
2019,11,4,3,Nov,264,159,21,3.5,0.0,2019-11-4,2019-11-04,2,,,,0
2019,11,4,18,Nov,1898,1865,345,11.0,0.0,2019-11-4,2019-11-04,2,,,,0
2019,11,4,19,Nov,1883,1619,313,10.7,0.0,2019-11-4,2019-11-04,2,,,,0
2019,11,7,3,Nov,311,151,36,5.9,0.0,2019-11-7,2019-11-07,5,,,,0
2019,11,8,6,Nov,919,866,118,0.2,0.0,2019-11-8,2019-11-08,6,,,,0
2019,11,12,9,Nov,1855,1638,458,9.3,0.96,2019-11-12,2019-11-12,3,,,,0
2019,11,13,9,Nov,1713,1573,416,-3.9,0.0,2019-11-13,2019-11-13,4,,,,0
2019,11,16,6,Nov,435,713,61,0.9,0.0,2019-11-16,2019-11-16,7,AnimeNYC,10.0,19.0,0
2019,11,18,3,Nov,291,163,31,3.0,0.0,2019-11-18,2019-11-18,2,,,,0
2019,11,19,9,Nov,1513,1385,311,5.2,0.0,2019-11-19,2019-11-19,3,,,,0
2019,11,20,6,Nov,870,827,125,3.5,0.0,2019-11-20,2019-11-20,4,,,,0
2019,11,21,23,Nov,2278,1412,264,7.1,0.54,2019-11-21,2019-11-21,5,,,,0
2019,11,22,5,Nov,430,526,49,7.4,0.0,2019-11-22,2019-11-22,6,,,,0
2019,11,23,11,Nov,1601,1651,277,3.8,0.0,2019-11-23,2019-11-23,7,,,,0
2019,11,24,14,Nov,1756,2058,362,5.9,0.56,2019-11-24,2019-11-24,1,,,,0
2019,11,25,0,Nov,624,468,76,3.8,0.0,2019-11-25,2019-11-25,2,,,,0
2019,11,26,0,Nov,705,565,87,4.8,0.0,2019-11-26,2019-11-26,3,,,,0
2019,11,26,19,Nov,1596,1709,275,8.1,0.0,2019-11-26,2019-11-26,3,,,,0
2019,11,27,4,Nov,390,446,35,5.9,0.0,2019-11-27,2019-11-27,4,,,,0
2019,11,27,9,Nov,1140,1413,222,5.9,0.0,2019-11-27,2019-11-27,4,,,,0
2019,11,27,23,Nov,1211,1301,258,11.6,0.1,2019-11-27,2019-11-27,4,,,,0
2019,11,29,22,Nov,1879,1489,325,0.4,0.0,2019-11-29,2019-11-29,6,,,,0
2019,11,30,12,Nov,1481,1519,271,3.8,0.0,2019-11-30,2019-11-30,7,,,,0
2019,11,4,10,Nov,1161,1156,185,8.1,0.0,2019-11-4,2019-11-04,2,,,,0
2019,11,4,14,Nov,1239,1224,214,12.3,0.0,2019-11-4,2019-11-04,2,,,,0
2019,11,6,16,Nov,1565,1589,284,11.6,0.0,2019-11-6,2019-11-06,4,,,,0
2019,11,7,8,Nov,1883,1804,404,8.5,0.0,2019-11-7,2019-11-07,5,,,,0
2019,11,7,15,Nov,1467,1370,260,13.1,0.0,2019-11-7,2019-11-07,5,,,,0
2019,11,7,19,Nov,2690,2562,582,9.8,1.12,2019-11-7,2019-11-07,5,,,,0
2019,11,11,15,Nov,1479,1216,301,13.9,0.0,2019-11-11,2019-11-11,2,,,,0
2019,11,11,21,Nov,1640,1429,202,11.4,0.0,2019-11-11,2019-11-11,2,,,,0
2019,11,13,3,Nov,262,153,32,-4.4,0.0,2019-11-13,2019-11-13,4,,,,0
2019,11,16,4,Nov,793,459,79,2.4,0.0,2019-11-16,2019-11-16,7,AnimeNYC,10.0,19.0,0
2019,11,16,9,Nov,1224,1876,318,-0.3,0.0,2019-11-16,2019-11-16,7,AnimeNYC,10.0,19.0,0
2019,11,19,14,Nov,1233,1192,196,10.3,0.0,2019-11-19,2019-11-19,3,,,,0
2019,11,20,9,Nov,1553,1579,335,4.4,0.0,2019-11-20,2019-11-20,4,,,,0
2019,11,21,18,Nov,2324,2509,494,7.4,0.0,2019-11-21,2019-11-21,5,,,,0
2019,11,22,2,Nov,640,388,88,6.8,0.0,2019-11-22,2019-11-22,6,,,,0
2019,11,25,9,Nov,1324,1290,284,4.1,0.0,2019-11-25,2019-11-25,2,,,,0
2019,11,26,4,Nov,311,246,32,2.6,0.0,2019-11-26,2019-11-26,3,,,,0
2019,11,27,13,Nov,1299,1421,287,12.6,0.0,2019-11-27,2019-11-27,4,,,,0
2019,11,28,13,Nov,923,858,194,9.7,0.0,2019-11-28,2019-11-28,5,,,,0
2019,11,1,3,Nov,1631,529,225,10.9,0.86,2019-11-1,2019-11-01,6,,,,0
2019,11,1,23,Nov,2619,2185,378,6.7,0.0,2019-11-1,2019-11-01,6,,,,0
2019,11,4,6,Nov,958,1074,133,4.3,0.0,2019-11-4,2019-11-04,2,,,,0
2019,11,5,10,Nov,1078,1110,240,11.2,0.1,2019-11-5,2019-11-05,3,,,,0
2019,11,6,2,Nov,339,210,39,8.5,0.0,2019-11-6,2019-11-06,4,,,,0
2019,11,6,5,Nov,480,560,49,6.3,0.0,2019-11-6,2019-11-06,4,,,,0
2019,11,11,17,Nov,1983,1630,386,12.2,0.0,2019-11-11,2019-11-11,2,,,,0
2019,11,17,5,Nov,476,460,57,-2.3,0.0,2019-11-17,2019-11-17,1,AnimeNYC,10.0,17.0,0
2019,11,19,6,Nov,897,882,130,4.4,0.06,2019-11-19,2019-11-19,3,,,,0
2019,11,20,0,Nov,841,668,116,4.5,0.0,2019-11-20,2019-11-20,4,,,,0
2019,11,20,3,Nov,228,148,27,4.6,0.0,2019-11-20,2019-11-20,4,,,,0
2019,11,21,17,Nov,2069,2134,397,9.2,0.0,2019-11-21,2019-11-21,5,,,,0
2019,11,22,0,Nov,1722,955,179,7.1,0.0,2019-11-22,2019-11-22,6,,,,0
2019,11,22,22,Nov,2612,2450,445,3.9,0.0,2019-11-22,2019-11-22,6,,,,0
2019,11,24,15,Nov,1737,1920,309,5.7,0.6,2019-11-24,2019-11-24,1,,,,0
2019,11,24,19,Nov,1698,1712,276,4.8,0.0,2019-11-24,2019-11-24,1,,,,0
2019,11,25,16,Nov,1311,1442,254,10.7,0.0,2019-11-25,2019-11-25,2,,,,0
2019,11,26,6,Nov,797,784,97,1.7,0.0,2019-11-26,2019-11-26,3,,,,0
2019,11,26,13,Nov,935,916,148,12.9,0.0,2019-11-26,2019-11-26,3,,,,0
2019,11,1,10,Nov,1231,1417,240,9.4,0.0,2019-11-1,2019-11-01,6,,,,0
2019,11,2,16,Nov,2228,2188,422,10.3,0.0,2019-11-2,2019-11-02,7,,,,0
2019,11,3,5,Nov,710,400,51,5.2,0.0,2019-11-3,2019-11-03,1,,,,0
2019,11,3,14,Nov,1348,1621,308,11.0,0.0,2019-11-3,2019-11-03,1,,,,0
2019,11,3,19,Nov,1938,1846,362,8.6,0.0,2019-11-3,2019-11-03,1,,,,0
2019,11,5,23,Nov,1437,906,152,10.1,0.0,2019-11-5,2019-11-05,3,,,,0
2019,11,6,3,Nov,269,144,27,7.3,0.0,2019-11-6,2019-11-06,4,,,,0
2019,11,8,0,Nov,1295,1021,159,5.1,0.1,2019-11-8,2019-11-08,6,,,,0
2019,11,11,9,Nov,1313,1540,514,7.0,0.0,2019-11-11,2019-11-11,2,,,,0
2019,11,13,16,Nov,1565,1630,361,1.0,0.0,2019-11-13,2019-11-13,4,,,,0
2019,11,14,20,Nov,2274,2227,389,4.6,0.0,2019-11-14,2019-11-14,5,,,,0
2019,11,15,9,Nov,1628,1654,372,1.6,0.0,2019-11-15,2019-11-15,6,AnimeNYC,13.0,19.0,0
2019,11,15,18,Nov,2356,2360,526,6.6,0.0,2019-11-15,2019-11-15,6,AnimeNYC,13.0,19.0,1
2019,11,17,9,Nov,998,1667,299,0.3,0.0,2019-11-17,2019-11-17,1,AnimeNYC,10.0,17.0,0
2019,11,18,8,Nov,1975,1745,334,2.5,0.0,2019-11-18,2019-11-18,2,,,,0
2019,11,18,14,Nov,1231,1345,247,4.8,0.1,2019-11-18,2019-11-18,2,,,,0
2019,11,19,10,Nov,1204,1145,202,6.5,0.0,2019-11-19,2019-11-19,3,,,,0
2019,11,20,17,Nov,2126,1936,468,7.2,0.0,2019-11-20,2019-11-20,4,,,,0
2019,11,21,0,Nov,1098,779,137,4.6,0.0,2019-11-21,2019-11-21,5,,,,0
2019,11,22,3,Nov,478,220,46,6.7,0.0,2019-11-22,2019-11-22,6,,,,0
2019,11,22,21,Nov,2356,2248,441,4.8,0.0,2019-11-22,2019-11-22,6,,,,0
2019,11,23,12,Nov,1797,1674,281,5.0,0.0,2019-11-23,2019-11-23,7,,,,0
2019,11,26,14,Nov,1257,1331,207,13.7,0.0,2019-11-26,2019-11-26,3,,,,0
2019,11,26,17,Nov,1277,1538,235,10.9,0.0,2019-11-26,2019-11-26,3,,,,0
2019,11,28,7,Nov,393,777,111,6.7,0.0,2019-11-28,2019-11-28,5,,,,0
2019,11,1,8,Nov,1725,1591,298,7.9,0.0,2019-11-1,2019-11-01,6,,,,0
2019,11,2,21,Nov,2346,2261,371,9.1,0.0,2019-11-2,2019-11-02,7,,,,0
2019,11,3,3,Nov,1035,654,110,5.5,0.0,2019-11-3,2019-11-03,1,,,,0
2019,11,3,17,Nov,1791,2006,373,10.2,0.0,2019-11-3,2019-11-03,1,,,,0
2019,11,8,9,Nov,1633,1705,361,1.4,0.0,2019-11-8,2019-11-08,6,,,,0
2019,11,9,16,Nov,2226,2486,423,4.5,0.0,2019-11-9,2019-11-09,7,,,,0
2019,11,10,16,Nov,2102,2025,431,10.8,0.0,2019-11-10,2019-11-10,1,,,,0
2019,11,11,23,Nov,1002,850,106,10.2,0.0,2019-11-11,2019-11-11,2,,,,0
2019,11,12,14,Nov,1363,1283,263,1.2,0.3,2019-11-12,2019-11-12,3,,,,0
2019,11,12,15,Nov,1568,1417,291,1.0,0.3,2019-11-12,2019-11-12,3,,,,0
2019,11,16,1,Nov,1861,1424,248,3.6,0.0,2019-11-16,2019-11-16,7,AnimeNYC,10.0,19.0,0
2019,11,16,12,Nov,1866,2120,423,3.0,0.0,2019-11-16,2019-11-16,7,AnimeNYC,10.0,19.0,1
2019,11,17,6,Nov,467,645,77,-1.8,0.0,2019-11-17,2019-11-17,1,AnimeNYC,10.0,17.0,0
2019,11,21,21,Nov,2572,2203,359,7.5,0.0,2019-11-21,2019-11-21,5,,,,0
2019,11,23,14,Nov,1718,1838,328,6.7,0.0,2019-11-23,2019-11-23,7,,,,0
2019,11,26,9,Nov,1289,1360,246,4.7,0.0,2019-11-26,2019-11-26,3,,,,0
2019,11,28,6,Nov,464,836,131,6.9,0.0,2019-11-28,2019-11-28,5,,,,0
2019,11,28,14,Nov,886,814,146,8.5,0.0,2019-11-28,2019-11-28,5,,,,0
2019,11,17,17,Nov,2179,1883,416,3.8,0.0,2019-11-17,2019-11-17,1,AnimeNYC,10.0,17.0,0
2019,11,1,9,Nov,1463,1605,314,8.3,0.0,2019-11-1,2019-11-01,6,,,,0
2019,11,4,8,Nov,1716,1634,310,5.7,0.0,2019-11-4,2019-11-04,2,,,,0
2019,11,6,13,Nov,1131,1103,205,10.9,0.0,2019-11-6,2019-11-06,4,,,,0
2019,11,7,12,Nov,1162,1114,196,11.0,0.0,2019-11-7,2019-11-07,5,,,,0
2019,11,9,11,Nov,1855,2040,328,0.9,0.0,2019-11-9,2019-11-09,7,,,,0
2019,11,10,2,Nov,1663,1075,229,0.3,0.0,2019-11-10,2019-11-10,1,,,,0
2019,11,10,20,Nov,1621,1559,280,6.1,0.0,2019-11-10,2019-11-10,1,,,,0
2019,11,10,23,Nov,1167,1026,196,5.8,0.0,2019-11-10,2019-11-10,1,,,,0
2019,11,13,17,Nov,1952,2095,444,0.5,0.0,2019-11-13,2019-11-13,4,,,,0
2019,11,14,7,Nov,1530,1357,256,-2.8,0.0,2019-11-14,2019-11-14,5,,,,0
2019,11,15,13,Nov,1300,1406,272,9.0,0.0,2019-11-15,2019-11-15,6,AnimeNYC,13.0,19.0,1
2019,11,16,2,Nov,1615,1031,184,3.1,0.0,2019-11-16,2019-11-16,7,AnimeNYC,10.0,19.0,0
2019,11,18,12,Nov,1140,1008,183,4.4,0.06,2019-11-18,2019-11-18,2,,,,0
2019,11,19,11,Nov,1124,985,191,7.9,0.0,2019-11-19,2019-11-19,3,,,,0
2019,11,20,18,Nov,2227,2204,499,5.1,0.0,2019-11-20,2019-11-20,4,,,,0
2019,11,21,19,Nov,2315,2225,436,7.3,0.0,2019-11-21,2019-11-21,5,,,,0
2019,11,23,0,Nov,2350,1943,386,2.9,0.0,2019-11-23,2019-11-23,7,,,,0
2019,11,23,2,Nov,1561,879,216,1.7,0.0,2019-11-23,2019-11-23,7,,,,0
2019,11,27,8,Nov,1244,1335,205,5.0,0.0,2019-11-27,2019-11-27,4,,,,0
2019,11,27,17,Nov,1441,1758,351,12.6,0.06,2019-11-27,2019-11-27,4,,,,0
2019,11,17,23,Nov,1090,900,178,3.2,0.0,2019-11-17,2019-11-17,1,AnimeNYC,10.0,17.0,0
2019,11,2,15,Nov,1804,1967,325,10.1,0.0,2019-11-2,2019-11-02,7,,,,0
2019,11,3,1,Nov,4052,2613,518,5.8,0.0,2019-11-3,2019-11-03,1,,,,0
2019,11,5,7,Nov,1363,1282,213,8.2,0.0,2019-11-5,2019-11-05,3,,,,0
2019,11,5,13,Nov,1130,1042,181,14.8,0.0,2019-11-5,2019-11-05,3,,,,0
2019,11,5,21,Nov,2090,1607,295,11.1,0.0,2019-11-5,2019-11-05,3,,,,0
2019,11,7,1,Nov,593,342,85,5.6,0.0,2019-11-7,2019-11-07,5,,,,0
2019,11,7,13,Nov,1285,1133,218,11.7,0.0,2019-11-7,2019-11-07,5,,,,0
2019,11,10,0,Nov,2604,2209,397,0.7,0.0,2019-11-10,2019-11-10,1,,,,0
2019,11,10,21,Nov,1793,1473,284,5.0,0.0,2019-11-10,2019-11-10,1,,,,0
2019,11,11,18,Nov,2052,1712,359,9.6,0.0,2019-11-11,2019-11-11,2,,,,0
2019,11,12,0,Nov,709,587,81,9.3,0.0,2019-11-12,2019-11-12,3,,,,0
2019,11,13,5,Nov,437,496,49,-4.8,0.0,2019-11-13,2019-11-13,4,,,,0
2019,11,13,7,Nov,1540,1375,291,-4.8,0.0,2019-11-13,2019-11-13,4,,,,0
2019,11,13,8,Nov,2023,1760,470,-4.4,0.0,2019-11-13,2019-11-13,4,,,,0
2019,11,13,23,Nov,1675,1281,208,-2.5,0.0,2019-11-13,2019-11-13,4,,,,0
2019,11,14,10,Nov,1274,1211,231,0.8,0.0,2019-11-14,2019-11-14,5,,,,0
2019,11,17,7,Nov,531,651,72,-1.0,0.0,2019-11-17,2019-11-17,1,AnimeNYC,10.0,17.0,0
2019,11,18,0,Nov,712,510,94,3.2,0.0,2019-11-18,2019-11-18,2,,,,0
2019,11,19,3,Nov,221,129,29,4.3,0.3,2019-11-19,2019-11-19,3,,,,0
2019,11,23,16,Nov,2122,2283,388,6.9,0.0,2019-11-23,2019-11-23,7,,,,0
2019,11,24,12,Nov,2076,2279,493,5.9,1.2,2019-11-24,2019-11-24,1,,,,0
2019,11,24,18,Nov,1828,1870,300,4.9,0.1,2019-11-24,2019-11-24,1,,,,0
2019,11,25,20,Nov,1539,1507,214,6.0,0.0,2019-11-25,2019-11-25,2,,,,0
2019,11,28,20,Nov,1138,1117,186,4.1,0.0,2019-11-28,2019-11-28,5,,,,0
2019,11,16,16,Nov,2306,2457,551,4.2,0.0,2019-11-16,2019-11-16,7,AnimeNYC,10.0,19.0,1
2019,11,4,1,Nov,474,285,57,4.1,0.0,2019-11-4,2019-11-04,2,,,,0
2019,11,5,11,Nov,1139,992,200,12.4,0.0,2019-11-5,2019-11-05,3,,,,0
2019,11,7,10,Nov,1142,1147,235,9.9,0.0,2019-11-7,2019-11-07,5,,,,0
2019,11,9,21,Nov,2493,2380,473,1.3,0.0,2019-11-9,2019-11-09,7,,,,0
2019,11,9,23,Nov,2777,2454,453,1.2,0.0,2019-11-9,2019-11-09,7,,,,0
2019,11,10,17,Nov,2293,2042,485,10.3,0.0,2019-11-10,2019-11-10,1,,,,0
2019,11,13,1,Nov,503,343,72,-3.8,0.0,2019-11-13,2019-11-13,4,,,,0
2019,11,13,11,Nov,1281,1229,270,-2.0,0.0,2019-11-13,2019-11-13,4,,,,0
2019,11,13,12,Nov,1219,1213,293,-1.0,0.0,2019-11-13,2019-11-13,4,,,,0
2019,11,13,13,Nov,1163,1230,260,-0.1,0.0,2019-11-13,2019-11-13,4,,,,0
2019,11,14,8,Nov,1963,1694,388,-2.2,0.0,2019-11-14,2019-11-14,5,,,,0
2019,11,14,11,Nov,1273,1182,214,2.1,0.0,2019-11-14,2019-11-14,5,,,,0
2019,11,18,2,Nov,326,235,50,3.0,0.0,2019-11-18,2019-11-18,2,,,,0
2019,11,18,15,Nov,1528,1498,332,4.6,0.1,2019-11-18,2019-11-18,2,,,,0
2019,11,24,10,Nov,1639,1937,348,7.3,2.76,2019-11-24,2019-11-24,1,,,,0
2019,11,26,12,Nov,1100,1123,193,11.4,0.0,2019-11-26,2019-11-26,3,,,,0
2019,11,26,22,Nov,1651,1289,237,7.1,0.0,2019-11-26,2019-11-26,3,,,,0
2019,11,27,22,Nov,1468,1566,271,12.4,0.0,2019-11-27,2019-11-27,4,,,,0
2019,11,28,17,Nov,1169,909,180,6.0,0.0,2019-11-28,2019-11-28,5,,,,0
2019,11,28,19,Nov,1083,999,155,4.2,0.0,2019-11-28,2019-11-28,5,,,,0
2019,11,29,3,Nov,311,222,49,-0.3,0.0,2019-11-29,2019-11-29,6,,,,0
2019,11,30,19,Nov,2006,2150,393,1.7,0.0,2019-11-30,2019-11-30,7,,,,0
2019,11,30,21,Nov,1816,1705,317,0.3,0.0,2019-11-30,2019-11-30,7,,,,0
2019,11,16,19,Nov,2901,2894,701,1.0,0.0,2019-11-16,2019-11-16,7,AnimeNYC,10.0,19.0,0
2019,11,17,16,Nov,2070,2059,455,4.0,0.0,2019-11-17,2019-11-17,1,AnimeNYC,10.0,17.0,1
2025,10,26,0,Oct,2059,1538,301,10.3,0.0,2025-10-26,2025-10-26,1,,,,0
2025,10,27,7,Oct,1008,1099,189,3.7,0.0,2025-10-27,2025-10-27,2,,,,0
2025,10,27,14,Oct,1012,1006,153,12.7,0.0,2025-10-27,2025-10-27,2,,,,0
2025,10,31,22,Oct,2177,2082,484,11.0,0.0,2025-10-31,2025-10-31,6,,,,0
2025,10,29,14,Oct,1193,1048,187,12.9,0.0,2025-10-29,2025-10-29,4,,,,0
2025,10,30,3,Oct,292,245,44,10.9,0.0,2025-10-30,2025-10-30,5,,,,0
2025,10,31,18,Oct,1913,1662,365,11.7,0.0,2025-10-31,2025-10-31,6,,,,0
2025,10,25,22,Oct,2429,1958,372,11.0,0.0,2025-10-25,2025-10-25,7,,,,0
2025,10,26,8,Oct,755,1071,115,8.2,0.0,2025-10-26,2025-10-26,1,,,,0
2025,10,30,7,Oct,1275,1261,304,12.1,1.38,2025-10-30,2025-10-30,5,,,,0
2025,10,27,1,Oct,360,195,48,7.2,0.0,2025-10-27,2025-10-27,2,,,,0
2025,10,28,6,Oct,662,807,110,4.5,0.0,2025-10-28,2025-10-28,3,,,,0
2025,10,31,15,Oct,1381,1123,289,13.4,0.0,2025-10-31,2025-10-31,6,,,,0
2025,10,26,9,Oct,1026,1225,146,9.2,0.0,2025-10-26,2025-10-26,1,,,,0
2025,10,28,0,Oct,544,414,73,6.4,0.0,2025-10-28,2025-10-28,3,,,,0
2025,10,28,16,Oct,1340,1251,260,12.3,0.0,2025-10-28,2025-10-28,3,,,,0
2025,10,30,22,Oct,2225,1652,294,15.7,0.22,2025-10-30,2025-10-30,5,,,,0
2025,10,25,20,Oct,1834,1955,362,11.8,0.0,2025-10-25,2025-10-25,7,,,,0
2025,10,27,10,Oct,968,1000,179,7.0,0.0,2025-10-27,2025-10-27,2,,,,0
2025,10,28,18,Oct,1880,1838,397,12.0,0.0,2025-10-28,2025-10-28,3,,,,0
2025,10,30,4,Oct,369,388,39,11.3,0.0,2025-10-30,2025-10-30,5,,,,0
2025,10,26,17,Oct,1459,1542,251,13.9,0.0,2025-10-26,2025-10-26,1,,,,0
2025,10,27,3,Oct,258,140,19,5.5,0.0,2025-10-27,2025-10-27,2,,,,0
2025,10,29,5,Oct,419,573,54,8.0,0.0,2025-10-29,2025-10-29,4,,,,0
2025,10,28,10,Oct,1115,1037,203,8.2,0.0,2025-10-28,2025-10-28,3,,,,0
2025,10,28,12,Oct,1117,1038,185,11.9,0.0,2025-10-28,2025-10-28,3,,,,0
2025,10,29,1,Oct,309,235,56,9.3,0.0,2025-10-29,2025-10-29,4,,,,0
2025,10,29,12,Oct,1042,971,180,13.2,0.0,2025-10-29,2025-10-29,4,,,,0
2025,10,30,1,Oct,537,407,97,10.9,1.78,2025-10-30,2025-10-30,5,,,,0
2025,10,31,7,Oct,958,951,166,10.2,0.0,2025-10-31,2025-10-31,6,,,,0
2025,10,31,9,Oct,1164,1251,270,11.9,0.0,2025-10-31,2025-10-31,6,,,,0
2025,10,26,20,Oct,1314,1207,192,11.0,0.0,2025-10-26,2025-10-26,1,,,,0
2025,10,28,5,Oct,369,537,48,4.9,0.0,2025-10-28,2025-10-28,3,,,,0
2025,10,29,2,Oct,197,187,25,9.1,0.0,2025-10-29,2025-10-29,4,,,,0
2025,10,30,0,Oct,898,640,160,11.2,0.0,2025-10-30,2025-10-30,5,,,,0
2025,10,26,15,Oct,1259,1267,219,14.5,0.0,2025-10-26,2025-10-26,1,,,,0
2025,10,26,23,Oct,923,662,124,8.5,0.0,2025-10-26,2025-10-26,1,,,,0
2025,10,30,12,Oct,1480,1450,345,14.8,3.2,2025-10-30,2025-10-30,5,,,,0
2025,10,30,21,Oct,2326,1548,295,15.8,0.6,2025-10-30,2025-10-30,5,,,,0
2025,10,31,14,Oct,1340,1113,234,13.0,0.0,2025-10-31,2025-10-31,6,,,,0
2025,10,26,19,Oct,1394,1426,234,11.9,0.0,2025-10-26,2025-10-26,1,,,,0
2025,10,27,12,Oct,938,856,172,11.2,0.0,2025-10-27,2025-10-27,2,,,,0
2025,10,29,3,Oct,190,163,19,8.5,0.0,2025-10-29,2025-10-29,4,,,,0
2025,10,31,16,Oct,1518,1331,266,13.1,0.0,2025-10-31,2025-10-31,6,,,,0
2025,10,31,17,Oct,1641,1540,334,12.3,0.0,2025-10-31,2025-10-31,6,,,,0
2025,10,31,20,Oct,2030,1985,388,11.8,0.0,2025-10-31,2025-10-31,6,,,,0
2025,10,31,6,Oct,633,683,85,10.4,0.0,2025-10-31,2025-10-31,6,,,,0
2025,10,25,21,Oct,2224,1861,342,11.5,0.0,2025-10-25,2025-10-25,7,,,,0
2025,10,27,6,Oct,700,675,78,4.3,0.0,2025-10-27,2025-10-27,2,,,,0
2025,10,28,17,Oct,1810,1819,382,12.6,0.0,2025-10-28,2025-10-28,3,,,,0
2025,10,28,22,Oct,1845,1105,201,10.6,0.0,2025-10-28,2025-10-28,3,,,,0
2025,10,26,2,Oct,1605,908,181,8.4,0.0,2025-10-26,2025-10-26,1,,,,0
2025,10,28,23,Oct,1106,792,117,10.1,0.0,2025-10-28,2025-10-28,3,,,,0
2025,10,30,15,Oct,1514,1339,346,15.6,4.48,2025-10-30,2025-10-30,5,,,,0
2025,10,31,19,Oct,2116,1791,363,11.9,0.0,2025-10-31,2025-10-31,6,,,,0
2025,10,26,18,Oct,1527,1526,280,12.4,0.0,2025-10-26,2025-10-26,1,,,,0
2025,10,27,5,Oct,433,506,55,5.0,0.0,2025-10-27,2025-10-27,2,,,,0
2025,10,29,18,Oct,2015,2059,393,11.3,0.0,2025-10-29,2025-10-29,4,,,,0
2025,10,31,13,Oct,1347,1162,241,12.9,0.0,2025-10-31,2025-10-31,6,,,,0
2025,10,26,6,Oct,476,653,58,7.1,0.0,2025-10-26,2025-10-26,1,,,,0
2025,10,27,16,Oct,1136,1244,236,12.7,0.0,2025-10-27,2025-10-27,2,,,,0
2025,10,28,14,Oct,1093,1135,203,11.8,0.0,2025-10-28,2025-10-28,3,,,,0
2025,10,29,4,Oct,236,309,30,8.2,0.0,2025-10-29,2025-10-29,4,,,,0
2025,10,29,8,Oct,1507,1755,359,7.2,0.0,2025-10-29,2025-10-29,4,,,,0
2025,10,29,13,Oct,1164,1049,168,14.0,0.0,2025-10-29,2025-10-29,4,,,,0
2025,10,30,11,Oct,1490,1513,373,14.2,0.62,2025-10-30,2025-10-30,5,,,,0
2025,10,31,3,Oct,718,396,89,11.4,0.0,2025-10-31,2025-10-31,6,,,,0
2025,10,26,10,Oct,1181,1400,183,9.7,0.0,2025-10-26,2025-10-26,1,,,,0
2025,10,27,8,Oct,1264,1329,287,3.9,0.0,2025-10-27,2025-10-27,2,,,,0
2025,10,28,9,Oct,1278,1444,266,6.1,0.0,2025-10-28,2025-10-28,3,,,,0
2025,10,29,6,Oct,687,813,111,8.0,0.0,2025-10-29,2025-10-29,4,,,,0
2025,10,31,2,Oct,1063,565,128,12.5,0.0,2025-10-31,2025-10-31,6,,,,0
2025,10,25,19,Oct,1907,2051,395,12.2,0.0,2025-10-25,2025-10-25,7,,,,0
2025,10,27,0,Oct,666,390,80,7.6,0.0,2025-10-27,2025-10-27,2,,,,0
2025,10,27,15,Oct,1152,1121,178,12.9,0.0,2025-10-27,2025-10-27,2,,,,0
2025,10,31,10,Oct,1090,1171,202,12.3,0.0,2025-10-31,2025-10-31,6,,,,0
2025,10,31,21,Oct,1978,1933,475,11.5,0.0,2025-10-31,2025-10-31,6,,,,0
2025,10,26,13,Oct,1365,1401,226,13.6,0.04,2025-10-26,2025-10-26,1,,,,0
2025,10,26,14,Oct,1360,1327,228,14.2,0.0,2025-10-26,2025-10-26,1,,,,0
2025,10,27,4,Oct,347,312,34,5.5,0.0,2025-10-27,2025-10-27,2,,,,0
2025,10,27,18,Oct,1660,1646,325,10.2,0.0,2025-10-27,2025-10-27,2,,,,0
2025,10,29,19,Oct,1896,1686,360,11.0,0.0,2025-10-29,2025-10-29,4,,,,0
2025,10,29,22,Oct,2162,1344,257,11.3,0.0,2025-10-29,2025-10-29,4,,,,0
2025,10,30,2,Oct,473,221,54,10.7,0.2,2025-10-30,2025-10-30,5,,,,0
2025,10,30,10,Oct,1412,1387,315,13.3,2.92,2025-10-30,2025-10-30,5,,,,0
2025,10,26,1,Oct,1865,1236,230,9.7,0.0,2025-10-26,2025-10-26,1,,,,0
2025,10,26,3,Oct,1207,673,100,7.8,0.0,2025-10-26,2025-10-26,1,,,,0
2025,10,28,21,Oct,2007,1370,243,11.2,0.0,2025-10-28,2025-10-28,3,,,,0
2025,10,26,7,Oct,502,795,91,7.4,0.0,2025-10-26,2025-10-26,1,,,,0
2025,10,28,4,Oct,229,341,29,5.2,0.0,2025-10-28,2025-10-28,3,,,,0
2025,10,28,8,Oct,1495,1725,345,4.7,0.0,2025-10-28,2025-10-28,3,,,,0
2025,10,30,20,Oct,2164,1458,307,16.0,0.58,2025-10-30,2025-10-30,5,,,,0
2025,10,31,8,Oct,1146,1196,220,10.9,0.0,2025-10-31,2025-10-31,6,,,,0
2025,10,26,11,Oct,1361,1497,232,11.2,0.0,2025-10-26,2025-10-26,1,,,,0
2025,10,27,22,Oct,1526,990,154,7.5,0.0,2025-10-27,2025-10-27,2,,,,0
2025,10,29,15,Oct,1227,1142,218,12.8,0.0,2025-10-29,2025-10-29,4,,,,0
2025,10,30,17,Oct,1368,1403,232,15.8,2.72,2025-10-30,2025-10-30,5,,,,0
2025,10,27,9,Oct,1183,1246,205,4.8,0.0,2025-10-27,2025-10-27,2,,,,0
2025,10,27,19,Oct,1484,1283,215,9.1,0.0,2025-10-27,2025-10-27,2,,,,0
2025,10,28,1,Oct,345,234,43,6.2,0.0,2025-10-28,2025-10-28,3,,,,0
2025,10,28,3,Oct,168,159,18,5.6,0.0,2025-10-28,2025-10-28,3,,,,0
2025,10,28,7,Oct,1078,1335,227,4.3,0.0,2025-10-28,2025-10-28,3,,,,0
2025,10,28,13,Oct,1101,979,180,12.1,0.0,2025-10-28,2025-10-28,3,,,,0
2025,10,29,7,Oct,1150,1349,293,7.8,0.0,2025-10-29,2025-10-29,4,,,,0
2025,10,30,18,Oct,1637,1570,314,16.0,0.5,2025-10-30,2025-10-30,5,,,,0
2025,10,31,12,Oct,1252,1212,212,12.3,0.0,2025-10-31,2025-10-31,6,,,,0
2025,10,27,11,Oct,975,949,177,9.4,0.0,2025-10-27,2025-10-27,2,,,,0
2025,10,28,15,Oct,1140,1087,212,11.9,0.0,2025-10-28,2025-10-28,3,,,,0
2025,10,30,23,Oct,1841,1345,272,15.2,2.06,2025-10-30,2025-10-30,5,,,,0
2025,10,26,12,Oct,1366,1447,208,12.7,0.0,2025-10-26,2025-10-26,1,,,,0
2025,10,29,11,Oct,1157,1084,219,12.0,0.0,2025-10-29,2025-10-29,4,,,,0
2025,10,30,5,Oct,554,604,81,11.7,0.28,2025-10-30,2025-10-30,5,,,,0
2025,10,26,22,Oct,1631,890,145,9.2,0.0,2025-10-26,2025-10-26,1,,,,0
2025,10,27,23,Oct,882,746,117,6.9,0.0,2025-10-27,2025-10-27,2,,,,0
2025,10,28,2,Oct,250,145,33,5.9,0.0,2025-10-28,2025-10-28,3,,,,0
2025,10,28,20,Oct,2041,1371,248,11.6,0.0,2025-10-28,2025-10-28,3,,,,0
2025,10,29,21,Oct,2284,1495,274,11.4,0.0,2025-10-29,2025-10-29,4,,,,0
2025,10,30,9,Oct,1887,2047,583,13.1,0.34,2025-10-30,2025-10-30,5,,,,0
2025,10,30,13,Oct,1658,1508,489,15.1,3.5,2025-10-30,2025-10-30,5,,,,0
2025,10,30,16,Oct,1199,1213,265,15.7,4.26,2025-10-30,2025-10-30,5,,,,0
2025,10,31,11,Oct,1246,1188,230,11.9,0.0,2025-10-31,2025-10-31,6,,,,0
2025,10,28,19,Oct,1735,1526,277,11.9,0.0,2025-10-28,2025-10-28,3,,,,0
2025,10,29,17,Oct,1864,1851,372,12.2,0.0,2025-10-29,2025-10-29,4,,,,0
2025,10,31,0,Oct,1515,1131,205,14.9,0.12,2025-10-31,2025-10-31,6,,,,0
2025,10,31,1,Oct,1225,823,159,13.7,0.0,2025-10-31,2025-10-31,6,,,,0
2025,10,31,4,Oct,590,474,72,11.0,0.0,2025-10-31,2025-10-31,6,,,,0
2025,10,31,5,Oct,565,566,69,10.5,0.0,2025-10-31,2025-10-31,6,,,,0
2025,10,28,11,Oct,1064,1058,170,10.2,0.0,2025-10-28,2025-10-28,3,,,,0
2025,10,30,19,Oct,1939,1541,322,16.4,0.38,2025-10-30,2025-10-30,5,,,,0
2025,10,26,4,Oct,870,578,67,7.9,0.0,2025-10-26,2025-10-26,1,,,,0
2025,10,27,2,Oct,269,155,31,6.1,0.0,2025-10-27,2025-10-27,2,,,,0
2025,10,29,23,Oct,1359,937,193,11.2,0.04,2025-10-29,2025-10-29,4,,,,0
2025,10,26,16,Oct,1393,1419,224,14.3,0.0,2025-10-26,2025-10-26,1,,,,0
2025,10,26,21,Oct,1376,1116,196,9.9,0.0,2025-10-26,2025-10-26,1,,,,0
2025,10,30,6,Oct,950,984,154,11.8,1.38,2025-10-30,2025-10-30,5,,,,0
2025,10,30,8,Oct,1720,1844,515,12.4,0.4,2025-10-30,2025-10-30,5,,,,0
2025,10,27,17,Oct,1471,1364,266,11.9,0.0,2025-10-27,2025-10-27,2,,,,0
2025,10,29,9,Oct,1294,1496,315,8.4,0.0,2025-10-29,2025-10-29,4,,,,0
2025,10,29,16,Oct,1412,1367,280,12.4,0.0,2025-10-29,2025-10-29,4,,,,0
2025,10,25,23,Oct,2191,1804,317,10.6,0.0,2025-10-25,2025-10-25,7,,,,0
2025,10,26,5,Oct,553,567,55,7.1,0.0,2025-10-26,2025-10-26,1,,,,0
2025,10,27,13,Oct,1064,895,169,12.1,0.0,2025-10-27,2025-10-27,2,,,,0
2025,10,27,20,Oct,1519,1282,212,9.3,0.0,2025-10-27,2025-10-27,2,,,,0
2025,10,27,21,Oct,1613,1211,195,8.4,0.0,2025-10-27,2025-10-27,2,,,,0
2025,10,29,0,Oct,626,450,69,9.6,0.0,2025-10-29,2025-10-29,4,,,,0
2025,10,29,10,Oct,1042,1100,211,10.2,0.0,2025-10-29,2025-10-29,4,,,,0
2025,10,29,20,Oct,1961,1443,311,10.9,0.0,2025-10-29,2025-10-29,4,,,,0
2025,10,30,14,Oct,1629,1570,486,14.7,11.16,2025-10-30,2025-10-30,5,,,,0
2025,11,25,10,Nov,939,957,164,6.4,0.0,2025-11-25,2025-11-25,3,,,,0
2025,11,26,0,Nov,638,432,76,13.0,3.38,2025-11-26,2025-11-26,4,,,,0
2025,11,28,16,Nov,1161,1230,254,5.2,0.0,2025-11-28,2025-11-28,6,,,,0
2025,11,29,8,Nov,505,620,89,0.0,0.0,2025-11-29,2025-11-29,7,,,,0
2025,11,29,12,Nov,1145,1177,239,3.7,0.0,2025-11-29,2025-11-29,7,,,,0
2025,11,25,14,Nov,946,954,185,11.9,0.0,2025-11-25,2025-11-25,3,,,,0
2025,11,25,20,Nov,1424,1151,269,10.5,1.16,2025-11-25,2025-11-25,3,,,,0
2025,11,27,1,Nov,803,421,101,9.3,0.0,2025-11-27,2025-11-27,5,,,,0
2025,11,27,9,Nov,414,649,96,4.8,0.0,2025-11-27,2025-11-27,5,,,,0
2025,11,27,11,Nov,738,663,170,6.3,0.0,2025-11-27,2025-11-27,5,,,,0
2025,11,28,17,Nov,1246,1267,270,4.8,0.0,2025-11-28,2025-11-28,6,,,,0
2025,11,29,21,Nov,1547,1310,270,0.9,0.0,2025-11-29,2025-11-29,7,,,,0
2025,11,30,2,Nov,850,525,119,0.7,0.0,2025-11-30,2025-11-30,1,,,,0
2025,11,25,1,Nov,288,192,33,3.9,0.0,2025-11-25,2025-11-25,3,,,,0
2025,11,26,2,Nov,233,162,15,13.2,0.0,2025-11-26,2025-11-26,4,,,,0
2025,11,27,14,Nov,795,627,132,7.5,0.0,2025-11-27,2025-11-27,5,,,,0
2025,11,27,18,Nov,1076,835,181,4.6,0.0,2025-11-27,2025-11-27,5,,,,0
2025,11,25,17,Nov,1108,1222,258,10.7,0.56,2025-11-25,2025-11-25,3,,,,0
2025,11,26,8,Nov,856,979,160,11.2,0.0,2025-11-26,2025-11-26,4,,,,0
2025,11,26,18,Nov,1168,1195,214,13.8,0.0,2025-11-26,2025-11-26,4,,,,0
2025,11,27,13,Nov,771,630,134,7.1,0.0,2025-11-27,2025-11-27,5,,,,0
2025,11,29,2,Nov,659,437,87,1.0,0.0,2025-11-29,2025-11-29,7,,,,0
2025,11,26,17,Nov,1074,1151,253,14.4,0.1,2025-11-26,2025-11-26,4,,,,0
2025,11,27,7,Nov,460,618,93,3.8,0.0,2025-11-27,2025-11-27,5,,,,0
2025,11,28,1,Nov,396,334,49,1.4,0.0,2025-11-28,2025-11-28,6,,,,0
2025,11,28,12,Nov,935,850,189,4.3,0.0,2025-11-28,2025-11-28,6,,,,0
2025,11,28,22,Nov,1752,1115,232,2.2,0.0,2025-11-28,2025-11-28,6,,,,0
2025,11,28,23,Nov,1467,1082,264,1.8,0.0,2025-11-28,2025-11-28,6,,,,0
2025,11,26,22,Nov,1097,1003,202,12.5,0.0,2025-11-26,2025-11-26,4,,,,0
2025,11,27,4,Nov,447,290,48,5.6,0.0,2025-11-27,2025-11-27,5,,,,0
2025,11,27,21,Nov,1044,1011,144,3.4,0.0,2025-11-27,2025-11-27,5,,,,0
2025,11,28,4,Nov,271,283,31,0.8,0.0,2025-11-28,2025-11-28,6,,,,0
2025,11,30,4,Nov,506,277,53,0.8,0.0,2025-11-30,2025-11-30,1,,,,0
2025,11,30,6,Nov,389,484,47,0.6,0.0,2025-11-30,2025-11-30,1,,,,0
2025,11,30,15,Nov,1377,1112,266,4.2,0.24,2025-11-30,2025-11-30,1,,,,0
2025,11,26,9,Nov,834,1049,169,11.9,0.0,2025-11-26,2025-11-26,4,,,,0
2025,11,26,16,Nov,947,1146,202,14.7,0.0,2025-11-26,2025-11-26,4,,,,0
2025,11,28,2,Nov,321,206,33,1.5,0.0,2025-11-28,2025-11-28,6,,,,0
2025,11,30,11,Nov,1352,1478,327,3.4,0.0,2025-11-30,2025-11-30,1,,,,0
2025,11,29,20,Nov,1260,1458,252,1.4,0.0,2025-11-29,2025-11-29,7,,,,0
2025,11,28,5,Nov,244,284,31,0.6,0.0,2025-11-28,2025-11-28,6,,,,0
2025,11,30,16,Nov,1501,1379,275,4.4,0.34,2025-11-30,2025-11-30,1,,,,0
2025,11,30,20,Nov,1450,1006,174,4.7,0.0,2025-11-30,2025-11-30,1,,,,0
2025,11,26,1,Nov,424,244,45,13.4,0.26,2025-11-26,2025-11-26,4,,,,0
2025,11,27,5,Nov,425,518,48,5.2,0.0,2025-11-27,2025-11-27,5,,,,0
2025,11,28,19,Nov,1300,1286,294,3.4,0.0,2025-11-28,2025-11-28,6,,,,0
2025,11,29,18,Nov,1474,1416,304,2.8,0.0,2025-11-29,2025-11-29,7,,,,0
2025,11,29,22,Nov,1723,1282,234,0.2,0.0,2025-11-29,2025-11-29,7,,,,0
2025,11,26,21,Nov,1034,1073,220,12.9,0.92,2025-11-26,2025-11-26,4,,,,0
2025,11,27,12,Nov,774,605,180,7.0,0.0,2025-11-27,2025-11-27,5,,,,0
2025,11,28,6,Nov,312,411,42,0.4,0.0,2025-11-28,2025-11-28,6,,,,0
2025,11,29,0,Nov,954,851,197,1.4,0.0,2025-11-29,2025-11-29,7,,,,0
2025,11,29,10,Nov,886,994,163,1.7,0.0,2025-11-29,2025-11-29,7,,,,0
2025,11,30,3,Nov,779,344,74,0.9,0.0,2025-11-30,2025-11-30,1,,,,0
2025,11,26,10,Nov,852,1072,175,13.4,0.0,2025-11-26,2025-11-26,4,,,,0
2025,11,26,13,Nov,965,1007,189,15.3,0.0,2025-11-26,2025-11-26,4,,,,0
2025,11,26,19,Nov,1472,1666,416,13.0,0.0,2025-11-26,2025-11-26,4,,,,0
2025,11,28,10,Nov,739,835,119,2.3,0.0,2025-11-28,2025-11-28,6,,,,0
2025,11,29,14,Nov,1086,1004,209,5.6,0.0,2025-11-29,2025-11-29,7,,,,0
2025,11,25,7,Nov,849,980,145,3.7,0.0,2025-11-25,2025-11-25,3,,,,0
2025,11,26,4,Nov,331,467,28,12.4,0.0,2025-11-26,2025-11-26,4,,,,0
2025,11,26,7,Nov,686,931,114,10.7,0.0,2025-11-26,2025-11-26,4,,,,0
2025,11,26,20,Nov,1071,1201,262,13.5,0.0,2025-11-26,2025-11-26,4,,,,0
2025,11,27,0,Nov,946,687,203,10.3,0.0,2025-11-27,2025-11-27,5,,,,0
2025,11,30,19,Nov,1534,1025,221,4.9,0.08,2025-11-30,2025-11-30,1,,,,0
2025,11,30,0,Nov,1518,1070,270,0.1,0.0,2025-11-30,2025-11-30,1,,,,0
2025,11,25,0,Nov,494,390,52,4.3,0.0,2025-11-25,2025-11-25,3,,,,0
2025,11,25,3,Nov,211,184,22,3.0,0.0,2025-11-25,2025-11-25,3,,,,0
2025,11,26,12,Nov,974,1066,161,14.9,0.0,2025-11-26,2025-11-26,4,,,,0
2025,11,29,9,Nov,669,811,109,0.5,0.0,2025-11-29,2025-11-29,7,,,,0
2025,11,25,4,Nov,295,393,33,3.0,0.0,2025-11-25,2025-11-25,3,,,,0
2025,11,26,3,Nov,279,226,21,12.8,0.0,2025-11-26,2025-11-26,4,,,,0
2025,11,27,3,Nov,540,225,62,6.1,0.0,2025-11-27,2025-11-27,5,,,,0
2025,11,27,17,Nov,1073,908,154,5.5,0.0,2025-11-27,2025-11-27,5,,,,0
2025,11,27,19,Nov,993,965,150,4.1,0.0,2025-11-27,2025-11-27,5,,,,0
2025,11,28,15,Nov,1110,1046,235,5.6,0.0,2025-11-28,2025-11-28,6,,,,0
2025,11,30,5,Nov,352,397,51,0.7,0.0,2025-11-30,2025-11-30,1,,,,0
2025,11,30,10,Nov,1034,1256,258,3.1,0.0,2025-11-30,2025-11-30,1,,,,0
2025,11,25,22,Nov,1410,1060,231,11.6,2.08,2025-11-25,2025-11-25,3,,,,0
2025,11,28,8,Nov,495,526,70,0.6,0.0,2025-11-28,2025-11-28,6,,,,0
2025,11,29,11,Nov,1067,1100,189,2.9,0.0,2025-11-29,2025-11-29,7,,,,0
2025,11,30,22,Nov,1014,859,155,4.6,0.0,2025-11-30,2025-11-30,1,,,,0
2025,11,29,5,Nov,294,303,24,0.4,0.0,2025-11-29,2025-11-29,7,,,,0
2025,11,29,13,Nov,1181,1203,235,4.5,0.0,2025-11-29,2025-11-29,7,,,,0
2025,11,29,15,Nov,1119,1174,229,5.7,0.0,2025-11-29,2025-11-29,7,,,,0
2025,11,29,23,Nov,1679,1252,281,0.1,0.0,2025-11-29,2025-11-29,7,,,,0
2025,11,30,21,Nov,1267,919,176,4.8,0.0,2025-11-30,2025-11-30,1,,,,0
2025,11,25,2,Nov,208,172,29,3.5,0.0,2025-11-25,2025-11-25,3,,,,0
2025,11,25,21,Nov,1561,1183,250,11.0,1.6,2025-11-25,2025-11-25,3,,,,0
2025,11,30,18,Nov,1510,1145,260,4.6,0.24,2025-11-30,2025-11-30,1,,,,0
2025,11,25,5,Nov,381,574,54,3.1,0.0,2025-11-25,2025-11-25,3,,,,0
2025,11,25,19,Nov,1250,1204,303,10.2,1.14,2025-11-25,2025-11-25,3,,,,0
2025,11,26,14,Nov,951,985,183,14.6,0.0,2025-11-26,2025-11-26,4,,,,0
2025,11,27,20,Nov,1017,969,144,3.7,0.0,2025-11-27,2025-11-27,5,,,,0
2025,11,28,14,Nov,987,927,179,5.5,0.0,2025-11-28,2025-11-28,6,,,,0
2025,11,29,6,Nov,324,438,47,0.2,0.0,2025-11-29,2025-11-29,7,,,,0
2025,11,29,19,Nov,1554,1568,287,2.1,0.0,2025-11-29,2025-11-29,7,,,,0
2025,11,30,12,Nov,1421,1358,333,4.2,0.3,2025-11-30,2025-11-30,1,,,,0
2025,11,26,5,Nov,443,605,72,11.5,0.0,2025-11-26,2025-11-26,4,,,,0
2025,11,28,3,Nov,275,216,31,1.1,0.0,2025-11-28,2025-11-28,6,,,,0
2025,11,29,4,Nov,475,224,45,0.5,0.0,2025-11-29,2025-11-29,7,,,,0
2025,11,29,17,Nov,1469,1414,275,4.5,0.0,2025-11-29,2025-11-29,7,,,,0
2025,11,24,20,Nov,1092,997,161,6.6,0.0,2025-11-24,2025-11-24,2,,,,0
2025,11,25,8,Nov,1138,1068,195,4.1,0.0,2025-11-25,2025-11-25,3,,,,0
2025,11,25,15,Nov,1071,1186,229,12.3,0.0,2025-11-25,2025-11-25,3,,,,0
2025,11,28,18,Nov,1403,1554,326,3.8,0.0,2025-11-28,2025-11-28,6,,,,0
2025,11,29,1,Nov,742,610,144,1.0,0.0,2025-11-29,2025-11-29,7,,,,0
2025,11,24,19,Nov,1132,1117,201,7.3,0.0,2025-11-24,2025-11-24,2,,,,0
2025,11,25,12,Nov,876,849,156,8.9,0.0,2025-11-25,2025-11-25,3,,,,0
2025,11,30,1,Nov,1151,719,162,-0.1,0.0,2025-11-30,2025-11-30,1,,,,0
2025,11,25,6,Nov,645,751,85,2.9,0.0,2025-11-25,2025-11-25,3,,,,0
2025,11,27,8,Nov,390,617,103,4.1,0.0,2025-11-27,2025-11-27,5,,,,0
2025,11,30,14,Nov,1518,1300,294,3.8,0.6,2025-11-30,2025-11-30,1,,,,0
2025,11,24,21,Nov,1454,946,172,6.0,0.0,2025-11-24,2025-11-24,2,,,,0
2025,11,25,13,Nov,893,902,166,9.8,0.0,2025-11-25,2025-11-25,3,,,,0
2025,11,27,15,Nov,868,763,123,7.0,0.0,2025-11-27,2025-11-27,5,,,,0
2025,11,27,16,Nov,1061,808,167,6.5,0.0,2025-11-27,2025-11-27,5,,,,0
2025,11,30,17,Nov,1565,1342,322,4.5,0.4,2025-11-30,2025-11-30,1,,,,0
2025,11,29,16,Nov,1496,1308,258,5.4,0.0,2025-11-29,2025-11-29,7,,,,0
2025,11,25,11,Nov,923,873,151,8.1,0.0,2025-11-25,2025-11-25,3,,,,0
2025,11,25,23,Nov,979,775,113,12.6,2.44,2025-11-25,2025-11-25,3,,,,0
2025,11,27,2,Nov,633,298,69,7.4,0.0,2025-11-27,2025-11-27,5,,,,0
2025,11,28,7,Nov,425,456,54,0.2,0.0,2025-11-28,2025-11-28,6,,,,0
2025,11,28,11,Nov,902,859,160,3.6,0.0,2025-11-28,2025-11-28,6,,,,0
2025,11,28,20,Nov,1130,1174,239,3.2,0.0,2025-11-28,2025-11-28,6,,,,0
2025,11,30,7,Nov,416,614,87,0.9,0.0,2025-11-30,2025-11-30,1,,,,0
2025,11,24,23,Nov,791,551,104,4.8,0.0,2025-11-24,2025-11-24,2,,,,0
2025,11,25,9,Nov,1041,1144,197,5.0,0.0,2025-11-25,2025-11-25,3,,,,0
2025,11,25,16,Nov,1144,1291,282,11.4,0.24,2025-11-25,2025-11-25,3,,,,0
2025,11,26,6,Nov,558,783,76,11.0,0.0,2025-11-26,2025-11-26,4,,,,0
2025,11,26,23,Nov,981,897,172,11.8,0.06,2025-11-26,2025-11-26,4,,,,0
2025,11,28,9,Nov,630,651,107,1.2,0.0,2025-11-28,2025-11-28,6,,,,0
2025,11,29,3,Nov,701,334,76,0.7,0.0,2025-11-29,2025-11-29,7,,,,0
2025,11,30,9,Nov,801,980,173,1.6,0.0,2025-11-30,2025-11-30,1,,,,0
2025,11,27,6,Nov,507,825,106,4.6,0.0,2025-11-27,2025-11-27,5,,,,0
2025,11,27,10,Nov,595,782,151,5.6,0.0,2025-11-27,2025-11-27,5,,,,0
2025,11,27,23,Nov,782,757,136,2.6,0.0,2025-11-27,2025-11-27,5,,,,0
2025,11,24,22,Nov,1121,760,128,5.3,0.0,2025-11-24,2025-11-24,2,,,,0
2025,11,28,0,Nov,591,468,82,2.0,0.0,2025-11-28,2025-11-28,6,,,,0
2025,11,28,13,Nov,989,932,174,5.5,0.0,2025-11-28,2025-11-28,6,,,,0
2025,11,29,7,Nov,373,516,52,0.0,0.0,2025-11-29,2025-11-29,7,,,,0
2025,11,30,13,Nov,1406,1351,327,4.2,0.8,2025-11-30,2025-11-30,1,,,,0
2025,11,25,18,Nov,1348,1225,288,10.2,0.74,2025-11-25,2025-11-25,3,,,,0
2025,11,26,11,Nov,929,991,167,14.1,0.0,2025-11-26,2025-11-26,4,,,,0
2025,11,26,15,Nov,947,1079,183,14.7,0.0,2025-11-26,2025-11-26,4,,,,0
2025,11,27,22,Nov,1080,953,149,3.1,0.0,2025-11-27,2025-11-27,5,,,,0
2025,11,28,21,Nov,1282,1121,224,2.7,0.0,2025-11-28,2025-11-28,6,,,,0
2025,11,30,8,Nov,615,802,179,0.3,0.0,2025-11-30,2025-11-30,1,,,,0
2025,11,30,23,Nov,630,557,112,3.7,0.0,2025-11-30,2025-11-30,1,,,,0
2023,10,28,3,Oct,1822,1097,195,17.1,0.0,2023-10-28,2023-10-28,7,,,,0
2023,10,29,12,Oct,1677,1807,363,11.8,2.7,2023-10-29,2023-10-29,1,,,,0
2023,10,31,22,Oct,1458,1455,266,8.7,0.06,2023-10-31,2023-10-31,3,,,,0
2023,10,30,2,Oct,322,178,62,12.4,0.2,2023-10-30,2023-10-30,2,,,,0
2023,10,30,13,Oct,892,856,167,17.8,0.0,2023-10-30,2023-10-30,2,,,,0
2023,10,31,6,Oct,651,707,76,8.4,0.0,2023-10-31,2023-10-31,3,,,,0
2023,10,28,10,Oct,1247,1506,275,21.7,0.0,2023-10-28,2023-10-28,7,,,,0
2023,10,29,10,Oct,1183,1665,240,12.3,0.42,2023-10-29,2023-10-29,1,,,,0
2023,10,27,21,Oct,2449,2226,395,18.8,0.0,2023-10-27,2023-10-27,6,,,,0
2023,10,28,1,Oct,2284,1640,305,17.2,0.0,2023-10-28,2023-10-28,7,,,,0
2023,10,31,21,Oct,1445,1436,264,8.9,0.04,2023-10-31,2023-10-31,3,,,,0
2023,10,28,5,Oct,541,687,53,17.2,0.0,2023-10-28,2023-10-28,7,,,,0
2023,10,30,9,Oct,1077,1238,209,12.8,0.1,2023-10-30,2023-10-30,2,,,,0
2023,10,31,9,Oct,1178,1165,218,7.5,0.0,2023-10-31,2023-10-31,3,,,,0
2023,10,27,22,Oct,2495,2378,399,18.1,0.0,2023-10-27,2023-10-27,6,,,,0
2023,10,29,19,Oct,1377,1443,261,13.0,0.0,2023-10-29,2023-10-29,1,,,,0
2023,10,29,5,Oct,663,744,76,12.8,0.0,2023-10-29,2023-10-29,1,,,,0
2023,10,31,2,Oct,295,161,25,9.3,0.0,2023-10-31,2023-10-31,3,,,,0
2023,10,31,3,Oct,228,138,25,9.1,0.0,2023-10-31,2023-10-31,3,,,,0
2023,10,31,18,Oct,1471,1180,258,9.3,0.0,2023-10-31,2023-10-31,3,,,,0
2023,10,29,21,Oct,1446,1238,234,10.4,0.26,2023-10-29,2023-10-29,1,,,,0
2023,10,30,16,Oct,1007,1141,208,17.3,0.0,2023-10-30,2023-10-30,2,,,,0
2023,10,30,22,Oct,1588,1018,233,10.8,0.0,2023-10-30,2023-10-30,2,,,,0
2023,10,30,23,Oct,1089,718,145,10.4,0.0,2023-10-30,2023-10-30,2,,,,0
2023,10,28,11,Oct,1456,1507,273,23.6,0.0,2023-10-28,2023-10-28,7,,,,0
2023,10,31,5,Oct,314,421,47,8.6,0.0,2023-10-31,2023-10-31,3,,,,0
2023,10,27,11,Oct,1193,1190,175,17.6,0.0,2023-10-27,2023-10-27,6,,,,0
2023,10,29,7,Oct,500,749,90,11.6,2.76,2023-10-29,2023-10-29,1,,,,0
2023,10,29,14,Oct,1711,1867,402,12.7,0.1,2023-10-29,2023-10-29,1,,,,0
2023,10,29,23,Oct,986,808,180,11.2,0.3,2023-10-29,2023-10-29,1,,,,0
2023,10,30,11,Oct,884,897,140,15.4,0.0,2023-10-30,2023-10-30,2,,,,0
2023,10,30,19,Oct,1479,1400,288,12.5,0.0,2023-10-30,2023-10-30,2,,,,0
2023,10,30,21,Oct,1465,1213,217,11.2,0.0,2023-10-30,2023-10-30,2,,,,0
2023,10,28,6,Oct,448,780,77,16.7,0.0,2023-10-28,2023-10-28,7,,,,0
2023,10,28,20,Oct,2255,2316,377,20.8,0.0,2023-10-28,2023-10-28,7,,,,0
2023,10,29,13,Oct,1886,1985,417,12.7,2.06,2023-10-29,2023-10-29,1,,,,0
2023,10,27,9,Oct,1331,1331,237,16.1,0.0,2023-10-27,2023-10-27,6,,,,0
2023,10,27,15,Oct,1397,1265,259,24.7,0.0,2023-10-27,2023-10-27,6,,,,0
2023,10,27,17,Oct,1657,1854,319,23.2,0.0,2023-10-27,2023-10-27,6,,,,0
2023,10,29,16,Oct,1626,1694,329,12.8,0.06,2023-10-29,2023-10-29,1,,,,0
2023,10,30,6,Oct,865,973,138,13.0,0.1,2023-10-30,2023-10-30,2,,,,0
2023,10,30,14,Oct,978,1032,175,18.7,0.0,2023-10-30,2023-10-30,2,,,,0
2023,10,30,12,Oct,927,818,145,16.7,0.0,2023-10-30,2023-10-30,2,,,,0
2023,10,30,17,Oct,1390,1394,235,16.2,0.0,2023-10-30,2023-10-30,2,,,,0
2023,10,27,12,Oct,1244,1201,205,19.0,0.0,2023-10-27,2023-10-27,6,,,,0
2023,10,29,1,Oct,2682,2061,349,15.0,0.0,2023-10-29,2023-10-29,1,,,,0
2023,10,31,11,Oct,853,914,145,9.4,0.0,2023-10-31,2023-10-31,3,,,,0
2023,10,29,4,Oct,1521,1078,185,12.7,0.0,2023-10-29,2023-10-29,1,,,,0
2023,10,29,22,Oct,1281,1152,233,10.7,0.1,2023-10-29,2023-10-29,1,,,,0
2023,10,28,16,Oct,1679,1786,329,26.5,0.0,2023-10-28,2023-10-28,7,,,,0
2023,10,29,6,Oct,457,824,68,12.2,0.54,2023-10-29,2023-10-29,1,,,,0
2023,10,30,15,Oct,1091,992,181,17.6,0.06,2023-10-30,2023-10-30,2,,,,0
2023,10,30,20,Oct,1421,1344,280,11.8,0.0,2023-10-30,2023-10-30,2,,,,0
2023,10,31,7,Oct,1056,1027,178,7.4,0.0,2023-10-31,2023-10-31,3,,,,0
2023,10,31,8,Oct,1551,1347,267,6.4,0.0,2023-10-31,2023-10-31,3,,,,0
2023,10,29,8,Oct,685,1003,139,11.2,11.28,2023-10-29,2023-10-29,1,,,,0
2023,10,29,11,Oct,1610,1848,376,12.1,2.3,2023-10-29,2023-10-29,1,,,,0
2023,10,27,10,Oct,1072,1191,211,16.9,0.0,2023-10-27,2023-10-27,6,,,,0
2023,10,29,17,Oct,1821,1672,287,12.7,0.0,2023-10-29,2023-10-29,1,,,,0
2023,10,30,1,Oct,479,251,76,11.9,0.38,2023-10-30,2023-10-30,2,,,,0
2023,10,28,0,Oct,2174,1924,355,17.3,0.0,2023-10-28,2023-10-28,7,,,,0
2023,10,28,2,Oct,2293,1432,267,17.1,0.0,2023-10-28,2023-10-28,7,,,,0
2023,10,28,4,Oct,962,772,105,17.4,0.0,2023-10-28,2023-10-28,7,,,,0
2023,10,28,9,Oct,1043,1321,199,19.3,0.0,2023-10-28,2023-10-28,7,,,,0
2023,10,29,2,Oct,2649,1806,263,14.2,0.0,2023-10-29,2023-10-29,1,,,,0
2023,10,30,5,Oct,446,623,76,13.0,0.12,2023-10-30,2023-10-30,2,,,,0
2023,10,31,16,Oct,1188,1044,210,10.4,0.0,2023-10-31,2023-10-31,3,,,,0
2023,10,31,17,Oct,1305,1165,243,10.0,0.0,2023-10-31,2023-10-31,3,,,,0
2023,10,27,19,Oct,2177,2022,372,19.5,0.0,2023-10-27,2023-10-27,6,,,,0
2023,10,28,14,Oct,1605,1622,290,26.4,0.0,2023-10-28,2023-10-28,7,,,,0
2023,10,28,18,Oct,1943,2015,380,23.0,0.0,2023-10-28,2023-10-28,7,,,,0
2023,10,27,13,Oct,1325,1281,207,21.7,0.0,2023-10-27,2023-10-27,6,,,,0
2023,10,28,8,Oct,799,1226,162,16.7,0.0,2023-10-28,2023-10-28,7,,,,0
2023,10,31,20,Oct,1405,1403,237,9.0,0.0,2023-10-31,2023-10-31,3,,,,0
2023,10,28,13,Oct,1478,1444,247,25.8,0.0,2023-10-28,2023-10-28,7,,,,0
2023,10,30,3,Oct,378,191,57,12.7,0.06,2023-10-30,2023-10-30,2,,,,0
2023,10,30,8,Oct,1362,1335,278,13.1,0.1,2023-10-30,2023-10-30,2,,,,0
2023,10,30,10,Oct,979,960,176,14.4,0.0,2023-10-30,2023-10-30,2,,,,0
2023,10,31,4,Oct,247,234,27,8.9,0.0,2023-10-31,2023-10-31,3,,,,0
2023,10,31,15,Oct,1120,1010,169,10.6,0.0,2023-10-31,2023-10-31,3,,,,0
2023,10,28,15,Oct,1656,1608,290,26.9,0.0,2023-10-28,2023-10-28,7,,,,0
2023,10,28,19,Oct,1949,2078,405,21.6,0.0,2023-10-28,2023-10-28,7,,,,0
2023,10,28,21,Oct,2447,2414,390,19.9,0.0,2023-10-28,2023-10-28,7,,,,0
2023,10,29,9,Oct,988,1391,162,12.2,0.34,2023-10-29,2023-10-29,1,,,,0
2023,10,29,15,Oct,1692,1978,375,13.2,0.0,2023-10-29,2023-10-29,1,,,,0
2023,10,28,23,Oct,2574,2389,370,17.3,0.0,2023-10-28,2023-10-28,7,,,,0
2023,10,29,20,Oct,1347,1366,224,13.2,0.0,2023-10-29,2023-10-29,1,,,,0
2023,10,31,1,Oct,331,253,54,9.8,0.0,2023-10-31,2023-10-31,3,,,,0
2023,10,28,12,Oct,1443,1542,283,25.0,0.0,2023-10-28,2023-10-28,7,,,,0
2023,10,29,3,Oct,2222,1427,273,13.5,0.0,2023-10-29,2023-10-29,1,,,,0
2023,10,30,7,Oct,1118,1059,189,12.9,0.0,2023-10-30,2023-10-30,2,,,,0
2023,10,31,0,Oct,596,402,63,10.3,0.0,2023-10-31,2023-10-31,3,,,,0
2023,10,27,14,Oct,1315,1322,212,24.0,0.0,2023-10-27,2023-10-27,6,,,,0
2023,10,28,17,Oct,1827,1988,319,25.4,0.0,2023-10-28,2023-10-28,7,,,,0
2023,10,30,0,Oct,670,500,104,11.4,0.7,2023-10-30,2023-10-30,2,,,,0
2023,10,31,13,Oct,899,839,140,10.7,0.0,2023-10-31,2023-10-31,3,,,,0
2023,10,27,20,Oct,2288,2219,351,18.7,0.0,2023-10-27,2023-10-27,6,,,,0
2023,10,29,0,Oct,2496,2205,379,16.2,0.0,2023-10-29,2023-10-29,1,,,,0
2023,10,29,18,Oct,1663,1601,337,12.8,0.0,2023-10-29,2023-10-29,1,,,,0
2023,10,30,4,Oct,434,354,67,12.9,0.78,2023-10-30,2023-10-30,2,,,,0
2023,10,31,10,Oct,880,985,185,8.6,0.0,2023-10-31,2023-10-31,3,,,,0
2023,10,31,12,Oct,882,834,148,10.2,0.0,2023-10-31,2023-10-31,3,,,,0
2023,10,31,14,Oct,1017,975,188,10.7,0.0,2023-10-31,2023-10-31,3,,,,0
2023,10,27,16,Oct,1453,1455,251,24.6,0.0,2023-10-27,2023-10-27,6,,,,0
2023,10,27,23,Oct,2323,2290,407,17.5,0.0,2023-10-27,2023-10-27,6,,,,0
2023,10,28,7,Oct,575,856,76,16.4,0.0,2023-10-28,2023-10-28,7,,,,0
2023,10,28,22,Oct,2600,2366,434,18.4,0.0,2023-10-28,2023-10-28,7,,,,0
2023,10,31,19,Oct,1375,1270,266,9.2,0.0,2023-10-31,2023-10-31,3,,,,0
2023,10,27,18,Oct,2132,1981,371,20.6,0.0,2023-10-27,2023-10-27,6,,,,0
2023,10,30,18,Oct,1511,1674,303,13.9,0.0,2023-10-30,2023-10-30,2,,,,0
2024,10,27,2,Oct,2019,1347,255,8.7,0.0,2024-10-27,2024-10-27,1,,,,0
2024,10,29,14,Oct,1088,1055,192,17.1,0.26,2024-10-29,2024-10-29,3,,,,0
2024,10,30,9,Oct,1331,1452,305,13.2,0.0,2024-10-30,2024-10-30,4,,,,0
2024,10,30,10,Oct,1034,1104,197,15.7,0.0,2024-10-30,2024-10-30,4,,,,0
2024,10,31,3,Oct,452,262,39,14.2,0.0,2024-10-31,2024-10-31,5,,,,0
2024,10,28,6,Oct,679,773,94,3.3,0.0,2024-10-28,2024-10-28,2,,,,0
2024,10,29,11,Oct,955,1071,194,17.0,0.04,2024-10-29,2024-10-29,3,,,,0
2024,10,30,16,Oct,1324,1176,250,25.8,0.0,2024-10-30,2024-10-30,4,,,,0
2024,10,31,17,Oct,1410,1319,250,26.4,0.0,2024-10-31,2024-10-31,5,,,,0
2024,10,31,20,Oct,1720,1581,283,22.9,0.0,2024-10-31,2024-10-31,5,,,,0
2024,10,27,22,Oct,1353,1016,148,6.7,0.0,2024-10-27,2024-10-27,1,,,,0
2024,10,30,8,Oct,1452,1591,342,11.4,0.0,2024-10-30,2024-10-30,4,,,,0
2024,10,27,21,Oct,1428,1114,179,8.1,0.0,2024-10-27,2024-10-27,1,,,,0
2024,10,28,16,Oct,1181,1182,221,15.6,0.0,2024-10-28,2024-10-28,2,,,,0
2024,10,28,18,Oct,1623,1702,328,12.5,0.0,2024-10-28,2024-10-28,2,,,,0
2024,10,29,7,Oct,1071,1123,232,6.5,0.0,2024-10-29,2024-10-29,3,,,,0
2024,10,29,13,Oct,1129,1021,206,17.4,0.06,2024-10-29,2024-10-29,3,,,,0
2024,10,30,6,Oct,733,809,109,11.9,0.0,2024-10-30,2024-10-30,4,,,,0
2024,10,27,19,Oct,1352,1288,211,9.2,0.0,2024-10-27,2024-10-27,1,,,,0
2024,10,31,6,Oct,710,699,80,12.5,0.0,2024-10-31,2024-10-31,5,,,,0
2024,10,31,12,Oct,1040,931,160,24.6,0.0,2024-10-31,2024-10-31,5,,,,0
2024,10,31,13,Oct,1148,933,187,26.2,0.0,2024-10-31,2024-10-31,5,,,,0
2024,10,27,4,Oct,1060,832,100,7.1,0.0,2024-10-27,2024-10-27,1,,,,0
2024,10,29,22,Oct,1719,1091,243,14.7,0.0,2024-10-29,2024-10-29,3,,,,0
2024,10,28,11,Oct,948,982,150,12.9,0.0,2024-10-28,2024-10-28,2,,,,0
2024,10,29,1,Oct,328,279,40,8.3,0.0,2024-10-29,2024-10-29,3,,,,0
2024,10,30,21,Oct,1977,1336,216,18.9,0.0,2024-10-30,2024-10-30,4,,,,0
2024,10,31,0,Oct,913,730,119,16.4,0.0,2024-10-31,2024-10-31,5,,,,0
2024,10,31,1,Oct,746,405,84,15.7,0.0,2024-10-31,2024-10-31,5,,,,0
2024,10,31,8,Oct,1325,1249,229,12.6,0.0,2024-10-31,2024-10-31,5,,,,0
2024,10,31,19,Oct,1674,1417,333,23.5,0.0,2024-10-31,2024-10-31,5,,,,0
2024,10,27,6,Oct,513,749,105,5.6,0.0,2024-10-27,2024-10-27,1,,,,0
2024,10,30,20,Oct,1770,1391,278,19.3,0.0,2024-10-30,2024-10-30,4,,,,0
2024,10,31,2,Oct,552,275,64,14.6,0.0,2024-10-31,2024-10-31,5,,,,0
2024,10,29,21,Oct,1926,1347,232,15.4,0.0,2024-10-29,2024-10-29,3,,,,0
2024,10,27,14,Oct,1261,1279,198,14.3,0.0,2024-10-27,2024-10-27,1,,,,0
2024,10,28,13,Oct,985,927,135,15.4,0.0,2024-10-28,2024-10-28,2,,,,0
2024,10,28,17,Oct,1394,1415,238,14.3,0.0,2024-10-28,2024-10-28,2,,,,0
2024,10,31,9,Oct,1048,1220,215,15.4,0.0,2024-10-31,2024-10-31,5,,,,0
2024,10,27,12,Oct,1258,1353,202,12.6,0.0,2024-10-27,2024-10-27,1,,,,0
2024,10,28,1,Oct,432,269,43,4.6,0.0,2024-10-28,2024-10-28,2,,,,0
2024,10,28,21,Oct,1644,1180,224,9.9,0.0,2024-10-28,2024-10-28,2,,,,0
2024,10,30,3,Oct,250,198,27,11.2,0.0,2024-10-30,2024-10-30,4,,,,0
2024,10,30,13,Oct,1094,1032,199,22.8,0.0,2024-10-30,2024-10-30,4,,,,0
2024,10,30,17,Oct,1608,1462,298,24.4,0.0,2024-10-30,2024-10-30,4,,,,0
2024,10,27,11,Oct,1276,1399,213,11.3,0.0,2024-10-27,2024-10-27,1,,,,0
2024,10,28,23,Oct,992,801,106,9.0,0.0,2024-10-28,2024-10-28,2,,,,0
2024,10,29,23,Oct,1413,904,150,13.6,0.0,2024-10-29,2024-10-29,3,,,,0
2024,10,30,18,Oct,1730,1564,296,21.8,0.0,2024-10-30,2024-10-30,4,,,,0
2024,10,30,23,Oct,1558,1048,188,17.1,0.0,2024-10-30,2024-10-30,4,,,,0
2024,10,29,6,Oct,690,852,101,6.9,0.0,2024-10-29,2024-10-29,3,,,,0
2024,10,31,4,Oct,439,377,39,13.6,0.0,2024-10-31,2024-10-31,5,,,,0
2024,10,31,7,Oct,982,1009,187,12.2,0.0,2024-10-31,2024-10-31,5,,,,0
2024,10,28,8,Oct,1300,1325,268,4.3,0.0,2024-10-28,2024-10-28,2,,,,0
2024,10,30,7,Oct,1092,1170,246,11.5,0.0,2024-10-30,2024-10-30,4,,,,0
2024,10,30,19,Oct,1681,1492,285,20.6,0.0,2024-10-30,2024-10-30,4,,,,0
2024,10,31,11,Oct,996,934,190,22.1,0.0,2024-10-31,2024-10-31,5,,,,0
2024,10,28,14,Oct,1076,1064,178,16.0,0.0,2024-10-28,2024-10-28,2,,,,0
2024,10,29,19,Oct,1747,1605,353,15.4,0.1,2024-10-29,2024-10-29,3,,,,0
2024,10,30,1,Oct,488,343,65,12.4,0.0,2024-10-30,2024-10-30,4,,,,0
2024,10,31,15,Oct,1268,1058,193,27.8,0.0,2024-10-31,2024-10-31,5,,,,0
2024,10,31,16,Oct,1279,1163,268,27.6,0.0,2024-10-31,2024-10-31,5,,,,0
2024,10,27,1,Oct,2160,1628,280,9.3,0.0,2024-10-27,2024-10-27,1,,,,0
2024,10,30,5,Oct,413,459,44,11.9,0.0,2024-10-30,2024-10-30,4,,,,0
2024,10,27,10,Oct,1059,1279,201,10.0,0.0,2024-10-27,2024-10-27,1,,,,0
2024,10,27,20,Oct,1255,1164,213,8.5,0.0,2024-10-27,2024-10-27,1,,,,0
2024,10,28,0,Oct,726,432,94,5.3,0.0,2024-10-28,2024-10-28,2,,,,0
2024,10,28,2,Oct,327,178,34,4.8,0.0,2024-10-28,2024-10-28,2,,,,0
2024,10,29,4,Oct,245,326,27,7.8,0.0,2024-10-29,2024-10-29,3,,,,0
2024,10,27,7,Oct,599,688,78,5.2,0.0,2024-10-27,2024-10-27,1,,,,0
2024,10,29,16,Oct,1300,1209,259,16.6,0.1,2024-10-29,2024-10-29,3,,,,0
2024,10,30,2,Oct,322,213,43,12.0,0.0,2024-10-30,2024-10-30,4,,,,0
2024,10,31,5,Oct,436,525,57,12.8,0.0,2024-10-31,2024-10-31,5,,,,0
2024,10,28,20,Oct,1514,1276,244,10.7,0.0,2024-10-28,2024-10-28,2,,,,0
2024,10,29,3,Oct,203,176,22,10.0,0.0,2024-10-29,2024-10-29,3,,,,0
2024,10,31,22,Oct,1877,1808,357,21.8,0.0,2024-10-31,2024-10-31,5,,,,0
2024,10,27,0,Oct,2133,1834,297,10.3,0.0,2024-10-27,2024-10-27,1,,,,0
2024,10,29,8,Oct,1421,1538,340,6.7,0.0,2024-10-29,2024-10-29,3,,,,0
2024,10,29,15,Oct,1216,1165,228,16.8,0.04,2024-10-29,2024-10-29,3,,,,0
2024,10,30,4,Oct,323,309,28,11.4,0.0,2024-10-30,2024-10-30,4,,,,0
2024,10,27,16,Oct,1282,1206,216,14.6,0.0,2024-10-27,2024-10-27,1,,,,0
2024,10,28,22,Oct,1561,1014,195,9.4,0.0,2024-10-28,2024-10-28,2,,,,0
2024,10,29,12,Oct,930,983,188,17.5,0.14,2024-10-29,2024-10-29,3,,,,0
2024,10,29,2,Oct,278,145,33,9.4,0.0,2024-10-29,2024-10-29,3,,,,0
2024,10,29,5,Oct,322,502,59,7.6,0.0,2024-10-29,2024-10-29,3,,,,0
2024,10,29,20,Oct,2023,1419,305,15.4,0.04,2024-10-29,2024-10-29,3,,,,0
2024,10,31,14,Oct,1093,1079,209,27.4,0.0,2024-10-31,2024-10-31,5,,,,0
2024,10,27,8,Oct,709,947,107,5.7,0.0,2024-10-27,2024-10-27,1,,,,0
2024,10,28,3,Oct,263,280,36,4.0,0.0,2024-10-28,2024-10-28,2,,,,0
2024,10,28,7,Oct,1042,1039,161,3.0,0.0,2024-10-28,2024-10-28,2,,,,0
2024,10,28,15,Oct,1152,1073,208,16.2,0.0,2024-10-28,2024-10-28,2,,,,0
2024,10,30,11,Oct,1000,1085,189,18.2,0.0,2024-10-30,2024-10-30,4,,,,0
2024,10,30,14,Oct,1267,1104,180,24.6,0.0,2024-10-30,2024-10-30,4,,,,0
2024,10,27,9,Oct,968,1215,171,8.2,0.0,2024-10-27,2024-10-27,1,,,,0
2024,10,28,9,Oct,1138,1171,243,7.0,0.0,2024-10-28,2024-10-28,2,,,,0
2024,10,28,12,Oct,898,924,144,14.4,0.0,2024-10-28,2024-10-28,2,,,,0
2024,10,27,15,Oct,1172,1047,215,14.6,0.0,2024-10-27,2024-10-27,1,,,,0
2024,10,27,23,Oct,1228,763,120,6.1,0.0,2024-10-27,2024-10-27,1,,,,0
2024,10,28,19,Oct,1434,1280,252,11.4,0.0,2024-10-28,2024-10-28,2,,,,0
2024,10,29,9,Oct,1269,1321,284,11.1,0.0,2024-10-29,2024-10-29,3,,,,0
2024,10,29,10,Oct,972,1094,198,14.6,0.0,2024-10-29,2024-10-29,3,,,,0
2024,10,27,3,Oct,1652,1149,174,8.0,0.0,2024-10-27,2024-10-27,1,,,,0
2024,10,27,17,Oct,1321,1178,207,14.2,0.0,2024-10-27,2024-10-27,1,,,,0
2024,10,27,18,Oct,1354,1232,243,11.1,0.0,2024-10-27,2024-10-27,1,,,,0
2024,10,29,17,Oct,1690,1691,311,16.5,0.0,2024-10-29,2024-10-29,3,,,,0
2024,10,30,12,Oct,1045,1026,160,20.6,0.0,2024-10-30,2024-10-30,4,,,,0
2024,10,30,15,Oct,1294,1140,241,25.7,0.0,2024-10-30,2024-10-30,4,,,,0
2024,10,30,22,Oct,1710,1270,233,18.0,0.0,2024-10-30,2024-10-30,4,,,,0
2024,10,31,10,Oct,991,1057,198,18.7,0.0,2024-10-31,2024-10-31,5,,,,0
2024,10,31,18,Oct,1693,1362,271,24.3,0.0,2024-10-31,2024-10-31,5,,,,0
2024,10,28,4,Oct,360,382,40,3.6,0.0,2024-10-28,2024-10-28,2,,,,0
2024,10,28,5,Oct,429,532,44,3.4,0.0,2024-10-28,2024-10-28,2,,,,0
2024,10,27,13,Oct,1209,1273,218,13.7,0.0,2024-10-27,2024-10-27,1,,,,0
2024,10,28,10,Oct,953,1064,180,10.4,0.0,2024-10-28,2024-10-28,2,,,,0
2024,10,29,0,Oct,731,496,60,8.8,0.0,2024-10-29,2024-10-29,3,,,,0
2024,10,27,5,Oct,563,731,83,6.3,0.0,2024-10-27,2024-10-27,1,,,,0
2024,10,29,18,Oct,1805,1628,387,15.6,0.2,2024-10-29,2024-10-29,3,,,,0
2024,10,30,0,Oct,791,503,87,13.3,0.0,2024-10-30,2024-10-30,4,,,,0
2024,10,31,21,Oct,1790,1677,325,22.4,0.0,2024-10-31,2024-10-31,5,,,,0
2024,11,25,23,Nov,855,690,93,8.7,0.0,2024-11-25,2024-11-25,2,,,,0
2024,11,26,8,Nov,1468,1404,332,11.1,0.0,2024-11-26,2024-11-26,3,,,,0
2024,11,27,19,Nov,1326,1324,252,6.9,0.0,2024-11-27,2024-11-27,4,,,,0
2024,11,27,20,Nov,1151,1174,213,6.6,0.0,2024-11-27,2024-11-27,4,,,,0
2024,11,28,9,Nov,561,980,211,5.9,1.84,2024-11-28,2024-11-28,5,,,,0
2024,11,28,13,Nov,777,649,158,9.9,0.74,2024-11-28,2024-11-28,5,,,,0
2024,11,30,20,Nov,1656,1586,316,0.2,0.0,2024-11-30,2024-11-30,7,,,,0
2024,11,28,11,Nov,884,953,321,8.9,2.28,2024-11-28,2024-11-28,5,,,,0
2024,11,28,12,Nov,823,802,287,9.6,1.6,2024-11-28,2024-11-28,5,,,,0
2024,11,29,3,Nov,273,221,23,3.2,0.0,2024-11-29,2024-11-29,6,,,,0
2024,11,30,14,Nov,1359,1253,256,3.5,0.0,2024-11-30,2024-11-30,7,,,,0
2024,11,28,8,Nov,445,756,141,5.9,1.14,2024-11-28,2024-11-28,5,,,,0
2024,11,30,13,Nov,1286,1310,262,2.9,0.0,2024-11-30,2024-11-30,7,,,,0
2024,11,30,12,Nov,1255,1485,266,2.2,0.0,2024-11-30,2024-11-30,7,,,,0
2024,11,26,1,Nov,369,227,39,8.8,0.0,2024-11-26,2024-11-26,3,,,,0
2024,11,26,15,Nov,1047,1155,184,14.8,0.0,2024-11-26,2024-11-26,3,,,,0
2024,11,27,6,Nov,613,903,94,3.2,0.0,2024-11-27,2024-11-27,4,,,,0
2024,11,27,7,Nov,731,931,136,2.9,0.0,2024-11-27,2024-11-27,4,,,,0
2024,11,30,4,Nov,505,257,50,-1.0,0.0,2024-11-30,2024-11-30,7,,,,0
2024,11,30,23,Nov,1924,1434,315,-1.3,0.0,2024-11-30,2024-11-30,7,,,,0
2024,11,26,9,Nov,1362,1358,287,12.2,1.08,2024-11-26,2024-11-26,3,,,,0
2024,11,27,11,Nov,1007,1191,177,6.6,0.0,2024-11-27,2024-11-27,4,,,,0
2024,11,27,17,Nov,1261,1565,271,9.1,0.0,2024-11-27,2024-11-27,4,,,,0
2024,11,29,1,Nov,437,336,82,4.3,0.0,2024-11-29,2024-11-29,6,,,,0
2024,11,27,13,Nov,1057,1262,192,9.4,0.0,2024-11-27,2024-11-27,4,,,,0
2024,11,27,22,Nov,1338,1171,221,4.9,0.0,2024-11-27,2024-11-27,4,,,,0
2024,11,29,12,Nov,979,1006,179,6.5,0.0,2024-11-29,2024-11-29,6,,,,0
2024,11,29,22,Nov,1424,1269,229,2.0,0.0,2024-11-29,2024-11-29,6,,,,0
2024,11,30,5,Nov,274,323,30,-1.3,0.0,2024-11-30,2024-11-30,7,,,,0
2024,11,30,15,Nov,1449,1357,276,3.5,0.0,2024-11-30,2024-11-30,7,,,,0
2024,11,27,21,Nov,1274,1147,257,5.3,0.0,2024-11-27,2024-11-27,4,,,,0
2024,11,28,4,Nov,427,360,58,5.2,0.0,2024-11-28,2024-11-28,5,,,,0
2024,11,28,18,Nov,1112,939,173,6.4,0.0,2024-11-28,2024-11-28,5,,,,0
2024,11,29,2,Nov,341,229,34,3.6,0.0,2024-11-29,2024-11-29,6,,,,0
2024,11,29,11,Nov,966,901,145,4.9,0.0,2024-11-29,2024-11-29,6,,,,0
2024,11,29,23,Nov,1570,1152,243,1.5,0.0,2024-11-29,2024-11-29,6,,,,0
2024,11,26,13,Nov,1071,1005,153,12.7,0.0,2024-11-26,2024-11-26,3,,,,0
2024,11,27,2,Nov,363,204,52,4.8,0.0,2024-11-27,2024-11-27,4,,,,0
2024,11,26,3,Nov,233,237,22,8.9,0.0,2024-11-26,2024-11-26,3,,,,0
2024,11,26,19,Nov,1277,1199,199,10.8,0.0,2024-11-26,2024-11-26,3,,,,0
2024,11,27,5,Nov,419,596,59,3.8,0.0,2024-11-27,2024-11-27,4,,,,0
2024,11,29,4,Nov,245,227,29,2.7,0.0,2024-11-29,2024-11-29,6,,,,0
2024,11,30,22,Nov,1878,1582,288,-0.8,0.0,2024-11-30,2024-11-30,7,,,,0
2024,11,26,12,Nov,1031,1025,153,12.2,0.48,2024-11-26,2024-11-26,3,,,,0
2024,11,28,1,Nov,780,497,118,5.5,0.0,2024-11-28,2024-11-28,5,,,,0
2024,11,26,5,Nov,373,563,66,9.1,0.0,2024-11-26,2024-11-26,3,,,,0
2024,11,26,23,Nov,1040,768,111,6.7,0.0,2024-11-26,2024-11-26,3,,,,0
2024,11,27,4,Nov,297,464,29,3.9,0.0,2024-11-27,2024-11-27,4,,,,0
2024,11,27,18,Nov,1280,1634,318,7.6,0.0,2024-11-27,2024-11-27,4,,,,0
2024,11,28,19,Nov,1064,937,154,6.0,0.0,2024-11-28,2024-11-28,5,,,,0
2024,11,26,21,Nov,1396,984,182,9.0,0.0,2024-11-26,2024-11-26,3,,,,0
2024,11,27,1,Nov,383,278,54,5.4,0.0,2024-11-27,2024-11-27,4,,,,0
2024,11,29,10,Nov,727,810,125,4.0,0.0,2024-11-29,2024-11-29,6,,,,0
2024,11,30,1,Nov,887,640,125,0.3,0.0,2024-11-30,2024-11-30,7,,,,0
2024,11,30,16,Nov,1669,1452,320,3.2,0.0,2024-11-30,2024-11-30,7,,,,0
2024,11,26,11,Nov,1001,1096,172,11.3,0.72,2024-11-26,2024-11-26,3,,,,0
2024,11,26,22,Nov,1428,1003,138,7.7,0.0,2024-11-26,2024-11-26,3,,,,0
2024,11,28,10,Nov,799,1072,260,7.7,1.8,2024-11-28,2024-11-28,5,,,,0
2024,11,28,14,Nov,790,596,104,11.3,0.54,2024-11-28,2024-11-28,5,,,,0
2024,11,26,2,Nov,300,160,26,8.8,0.0,2024-11-26,2024-11-26,3,,,,0
2024,11,29,13,Nov,1125,1056,189,7.5,0.1,2024-11-29,2024-11-29,6,,,,0
2024,11,29,21,Nov,1411,1130,207,2.5,0.0,2024-11-29,2024-11-29,6,,,,0
2024,11,30,0,Nov,1199,889,206,1.0,0.0,2024-11-30,2024-11-30,7,,,,0
2024,11,30,7,Nov,396,628,88,-1.8,0.0,2024-11-30,2024-11-30,7,,,,0
2024,11,30,11,Nov,1194,1419,238,1.3,0.0,2024-11-30,2024-11-30,7,,,,0
2024,11,27,15,Nov,1051,1370,199,10.3,0.0,2024-11-27,2024-11-27,4,,,,0
2024,11,29,0,Nov,634,556,96,5.0,0.0,2024-11-29,2024-11-29,6,,,,0
2024,11,26,14,Nov,991,1061,168,14.2,0.0,2024-11-26,2024-11-26,3,,,,0
2024,11,28,3,Nov,547,280,61,5.2,0.0,2024-11-28,2024-11-28,5,,,,0
2024,11,28,21,Nov,995,1097,129,5.5,0.0,2024-11-28,2024-11-28,5,,,,0
2024,11,29,17,Nov,1382,1367,264,5.2,0.04,2024-11-29,2024-11-29,6,,,,0
2024,11,27,8,Nov,936,1028,170,2.6,0.0,2024-11-27,2024-11-27,4,,,,0
2024,11,28,7,Nov,496,753,136,5.8,0.6,2024-11-28,2024-11-28,5,,,,0
2024,11,28,23,Nov,856,783,139,5.2,0.0,2024-11-28,2024-11-28,5,,,,0
2024,11,26,7,Nov,1007,1052,177,9.8,0.0,2024-11-26,2024-11-26,3,,,,0
2024,11,27,3,Nov,276,284,29,4.3,0.0,2024-11-27,2024-11-27,4,,,,0
2024,11,28,5,Nov,467,509,75,5.4,0.34,2024-11-28,2024-11-28,5,,,,0
2024,11,29,18,Nov,1469,1512,267,4.5,0.0,2024-11-29,2024-11-29,6,,,,0
2024,11,26,10,Nov,1171,1142,227,11.9,1.3,2024-11-26,2024-11-26,3,,,,0
2024,11,28,6,Nov,514,827,116,5.7,0.3,2024-11-28,2024-11-28,5,,,,0
2024,11,29,7,Nov,399,522,70,1.5,0.0,2024-11-29,2024-11-29,6,,,,0
2024,11,30,2,Nov,827,433,111,-0.2,0.0,2024-11-30,2024-11-30,7,,,,0
2024,11,28,17,Nov,1076,889,178,7.4,0.0,2024-11-28,2024-11-28,5,,,,0
2024,11,30,6,Nov,325,491,50,-1.6,0.0,2024-11-30,2024-11-30,7,,,,0
2024,11,30,18,Nov,1870,1755,345,1.8,0.0,2024-11-30,2024-11-30,7,,,,0
2024,11,28,0,Nov,1044,757,173,5.5,0.0,2024-11-28,2024-11-28,5,,,,0
2024,11,28,22,Nov,1010,920,142,5.5,0.0,2024-11-28,2024-11-28,5,,,,0
2024,11,30,17,Nov,1728,1636,339,2.6,0.0,2024-11-30,2024-11-30,7,,,,0
2024,11,27,14,Nov,1248,1217,191,10.0,0.0,2024-11-27,2024-11-27,4,,,,0
2024,11,27,16,Nov,1163,1484,243,10.1,0.0,2024-11-27,2024-11-27,4,,,,0
2024,11,29,20,Nov,1333,1286,218,3.6,0.0,2024-11-29,2024-11-29,6,,,,0
2024,11,30,3,Nov,739,346,81,-0.7,0.0,2024-11-30,2024-11-30,7,,,,0
2024,11,29,15,Nov,1116,1150,208,6.8,0.0,2024-11-29,2024-11-29,6,,,,0
2024,11,30,8,Nov,621,711,119,-2.0,0.0,2024-11-30,2024-11-30,7,,,,0
2024,11,30,9,Nov,796,922,168,-1.0,0.0,2024-11-30,2024-11-30,7,,,,0
2024,11,26,16,Nov,1068,1351,218,14.6,0.0,2024-11-26,2024-11-26,3,,,,0
2024,11,30,10,Nov,1022,1138,189,0.1,0.0,2024-11-30,2024-11-30,7,,,,0
2024,11,25,22,Nov,1150,875,147,7.8,0.0,2024-11-25,2024-11-25,2,,,,0
2024,11,26,0,Nov,610,378,76,8.7,0.0,2024-11-26,2024-11-26,3,,,,0
2024,11,26,4,Nov,293,410,32,9.0,0.0,2024-11-26,2024-11-26,3,,,,0
2024,11,27,0,Nov,650,482,69,6.1,0.0,2024-11-27,2024-11-27,4,,,,0
2024,11,27,9,Nov,949,1142,152,3.5,0.0,2024-11-27,2024-11-27,4,,,,0
2024,11,28,16,Nov,980,803,135,9.2,0.3,2024-11-28,2024-11-28,5,,,,0
2024,11,27,12,Nov,1025,1087,210,8.3,0.0,2024-11-27,2024-11-27,4,,,,0
2024,11,28,2,Nov,660,326,86,5.2,0.0,2024-11-28,2024-11-28,5,,,,0
2024,11,30,19,Nov,1855,1740,326,1.0,0.0,2024-11-30,2024-11-30,7,,,,0
2024,11,26,6,Nov,612,850,93,9.0,0.0,2024-11-26,2024-11-26,3,,,,0
2024,11,27,23,Nov,1122,1055,190,5.4,0.0,2024-11-27,2024-11-27,4,,,,0
2024,11,28,20,Nov,1022,1056,153,5.4,0.0,2024-11-28,2024-11-28,5,,,,0
2024,11,29,8,Nov,518,593,76,1.3,0.0,2024-11-29,2024-11-29,6,,,,0
2024,11,29,14,Nov,1132,1047,219,7.7,0.0,2024-11-29,2024-11-29,6,,,,0
2024,11,29,16,Nov,1291,1371,280,5.5,0.18,2024-11-29,2024-11-29,6,,,,0
2024,11,26,17,Nov,1245,1325,250,13.7,0.0,2024-11-26,2024-11-26,3,,,,0
2024,11,26,18,Nov,1315,1406,237,12.1,0.0,2024-11-26,2024-11-26,3,,,,0
2024,11,26,20,Nov,1258,1125,193,9.6,0.0,2024-11-26,2024-11-26,3,,,,0
2024,11,29,5,Nov,233,282,35,2.1,0.0,2024-11-29,2024-11-29,6,,,,0
2024,11,29,19,Nov,1331,1411,283,3.9,0.0,2024-11-29,2024-11-29,6,,,,0
2024,11,30,21,Nov,1733,1458,305,-0.2,0.0,2024-11-30,2024-11-30,7,,,,0
2024,11,27,10,Nov,933,1104,165,4.9,0.0,2024-11-27,2024-11-27,4,,,,0
2024,11,28,15,Nov,836,733,102,10.8,0.36,2024-11-28,2024-11-28,5,,,,0
2024,11,29,6,Nov,319,377,41,1.7,0.0,2024-11-29,2024-11-29,6,,,,0
2024,11,29,9,Nov,622,626,104,3.4,0.0,2024-11-29,2024-11-29,6,,,,0
2025,8,27,13,Aug,917,847,164,24.1,0.0,2025-8-27,2025-08-27,4,,,,0
2025,8,30,18,Aug,1462,1602,278,24.4,0.0,2025-8-30,2025-08-30,7,,,,0
2025,8,28,4,Aug,360,342,30,16.3,0.0,2025-8-28,2025-08-28,5,,,,0
2025,8,29,13,Aug,1084,957,220,27.1,0.0,2025-8-29,2025-08-29,6,,,,0
2025,8,30,13,Aug,1140,1224,201,23.7,0.0,2025-8-30,2025-08-30,7,,,,0
2025,8,31,13,Aug,1208,1122,189,25.7,0.0,2025-8-31,2025-08-31,1,,,,0
2025,8,27,10,Aug,946,917,178,20.7,0.0,2025-8-27,2025-08-27,4,,,,0
2025,8,27,16,Aug,1090,1163,212,24.7,0.06,2025-8-27,2025-08-27,4,,,,0
2025,8,28,21,Aug,1461,1125,211,23.0,0.0,2025-8-28,2025-08-28,5,,,,0
2025,8,26,15,Aug,921,969,157,26.6,0.0,2025-8-26,2025-08-26,3,,,,0
2025,8,27,3,Aug,223,151,27,17.6,0.0,2025-8-27,2025-08-27,4,,,,0
2025,8,31,8,Aug,616,760,89,16.8,0.0,2025-8-31,2025-08-31,1,,,,0
2025,8,26,14,Aug,917,899,139,27.4,0.0,2025-8-26,2025-08-26,3,,,,0
2025,8,27,17,Aug,1263,1307,245,24.3,0.04,2025-8-27,2025-08-27,4,,,,0
2025,8,28,7,Aug,852,864,146,15.8,0.0,2025-8-28,2025-08-28,5,,,,0
2025,8,29,0,Aug,1060,652,131,20.9,0.0,2025-8-29,2025-08-29,6,,,,0
2025,8,29,4,Aug,384,366,40,19.2,0.0,2025-8-29,2025-08-29,6,,,,0
2025,8,27,6,Aug,567,670,65,16.6,0.0,2025-8-27,2025-08-27,4,,,,0
2025,8,27,20,Aug,1393,1052,201,22.0,0.0,2025-8-27,2025-08-27,4,,,,0
2025,8,29,6,Aug,579,722,63,18.3,0.0,2025-8-29,2025-08-29,6,,,,0
2025,8,29,9,Aug,958,974,170,20.9,0.0,2025-8-29,2025-08-29,6,,,,0
2025,8,30,11,Aug,1152,1228,209,21.1,0.0,2025-8-30,2025-08-30,7,,,,0
2025,8,31,16,Aug,1366,1287,250,27.4,0.0,2025-8-31,2025-08-31,1,,,,0
2025,8,31,17,Aug,1432,1199,247,26.2,0.0,2025-8-31,2025-08-31,1,,,,0
2025,8,26,20,Aug,1217,1124,211,24.1,0.0,2025-8-26,2025-08-26,3,,,,0
2025,8,30,8,Aug,666,869,121,15.3,0.0,2025-8-30,2025-08-30,7,,,,0
2025,8,26,18,Aug,1335,1374,247,25.5,0.0,2025-8-26,2025-08-26,3,,,,0
2025,8,27,7,Aug,880,912,159,16.7,0.0,2025-8-27,2025-08-27,4,,,,0
2025,8,28,14,Aug,1071,882,166,27.0,0.0,2025-8-28,2025-08-28,5,,,,0
2025,8,28,15,Aug,1068,1044,150,26.9,0.0,2025-8-28,2025-08-28,5,,,,0
2025,8,29,21,Aug,1481,1213,225,22.3,0.0,2025-8-29,2025-08-29,6,,,,0
2025,8,26,17,Aug,1215,1257,284,26.9,0.0,2025-8-26,2025-08-26,3,,,,0
2025,8,28,17,Aug,1362,1420,267,26.6,0.0,2025-8-28,2025-08-28,5,,,,0
2025,8,29,3,Aug,371,265,46,19.8,0.0,2025-8-29,2025-08-29,6,,,,0
2025,8,29,15,Aug,1060,1267,218,25.9,0.0,2025-8-29,2025-08-29,6,,,,0
2025,8,28,6,Aug,568,672,70,15.4,0.0,2025-8-28,2025-08-28,5,,,,0
2025,8,28,8,Aug,1241,1201,223,17.8,0.0,2025-8-28,2025-08-28,5,,,,0
2025,8,28,22,Aug,1503,1075,189,22.2,0.0,2025-8-28,2025-08-28,5,,,,0
2025,8,30,1,Aug,1299,762,139,17.8,0.0,2025-8-30,2025-08-30,7,,,,0
2025,8,30,20,Aug,1568,1327,271,23.0,0.0,2025-8-30,2025-08-30,7,,,,0
2025,8,31,5,Aug,283,289,32,15.5,0.0,2025-8-31,2025-08-31,1,,,,0
2025,8,31,1,Aug,1283,774,192,18.2,0.0,2025-8-31,2025-08-31,1,,,,0
2025,8,27,9,Aug,1111,1120,251,18.9,0.0,2025-8-27,2025-08-27,4,,,,0
2025,8,28,2,Aug,287,192,52,17.6,0.0,2025-8-28,2025-08-28,5,,,,0
2025,8,30,5,Aug,339,374,26,15.0,0.0,2025-8-30,2025-08-30,7,,,,0
2025,8,31,4,Aug,486,274,62,16.2,0.0,2025-8-31,2025-08-31,1,,,,0
2025,8,31,23,Aug,1175,907,170,19.5,0.0,2025-8-31,2025-08-31,1,,,,0
2025,8,28,1,Aug,493,297,63,18.0,0.0,2025-8-28,2025-08-28,5,,,,0
2025,8,28,23,Aug,1339,939,144,21.4,0.0,2025-8-28,2025-08-28,5,,,,0
2025,8,29,19,Aug,1468,1331,232,24.0,0.0,2025-8-29,2025-08-29,6,,,,0
2025,8,31,21,Aug,1235,1130,214,20.8,0.0,2025-8-31,2025-08-31,1,,,,0
2025,8,30,19,Aug,1482,1519,249,24.2,0.0,2025-8-30,2025-08-30,7,,,,0
2025,8,29,8,Aug,881,913,149,19.1,0.0,2025-8-29,2025-08-29,6,,,,0
2025,8,29,16,Aug,1224,1329,254,26.3,0.0,2025-8-29,2025-08-29,6,,,,0
2025,8,30,12,Aug,1143,1217,224,22.4,0.0,2025-8-30,2025-08-30,7,,,,0
2025,8,30,21,Aug,1498,1294,246,21.5,0.0,2025-8-30,2025-08-30,7,,,,0
2025,8,31,14,Aug,1140,1039,209,26.4,0.0,2025-8-31,2025-08-31,1,,,,0
2025,8,27,12,Aug,902,831,139,23.2,0.0,2025-8-27,2025-08-27,4,,,,0
2025,8,28,12,Aug,883,968,167,25.3,0.0,2025-8-28,2025-08-28,5,,,,0
2025,8,28,18,Aug,1441,1343,285,25.8,0.0,2025-8-28,2025-08-28,5,,,,0
2025,8,28,19,Aug,1299,1234,220,25.2,0.0,2025-8-28,2025-08-28,5,,,,0
2025,8,30,3,Aug,742,450,89,16.2,0.0,2025-8-30,2025-08-30,7,,,,0
2025,8,30,16,Aug,1304,1366,253,25.7,0.0,2025-8-30,2025-08-30,7,,,,0
2025,8,27,5,Aug,319,398,40,17.0,0.0,2025-8-27,2025-08-27,4,,,,0
2025,8,28,16,Aug,1162,1262,220,26.3,0.0,2025-8-28,2025-08-28,5,,,,0
2025,8,29,10,Aug,995,1082,165,22.6,0.0,2025-8-29,2025-08-29,6,,,,0
2025,8,31,9,Aug,844,885,114,18.8,0.0,2025-8-31,2025-08-31,1,,,,0
2025,8,26,22,Aug,1358,905,170,22.5,0.0,2025-8-26,2025-08-26,3,,,,0
2025,8,27,8,Aug,1274,1295,240,17.5,0.0,2025-8-27,2025-08-27,4,,,,0
2025,8,27,21,Aug,1482,1019,178,21.5,0.0,2025-8-27,2025-08-27,4,,,,0
2025,8,29,2,Aug,503,317,54,20.2,0.0,2025-8-29,2025-08-29,6,,,,0
2025,8,30,9,Aug,999,1090,177,17.2,0.0,2025-8-30,2025-08-30,7,,,,0
2025,8,31,0,Aug,1500,1078,251,18.8,0.0,2025-8-31,2025-08-31,1,,,,0
2025,8,31,10,Aug,922,1071,175,21.5,0.0,2025-8-31,2025-08-31,1,,,,0
2025,8,26,23,Aug,1442,662,117,20.6,0.0,2025-8-26,2025-08-26,3,,,,0
2025,8,27,11,Aug,916,953,183,22.1,0.0,2025-8-27,2025-08-27,4,,,,0
2025,8,27,14,Aug,911,813,156,24.4,0.0,2025-8-27,2025-08-27,4,,,,0
2025,8,28,0,Aug,960,484,109,18.9,0.0,2025-8-28,2025-08-28,5,,,,0
2025,8,29,1,Aug,657,399,80,20.5,0.0,2025-8-29,2025-08-29,6,,,,0
2025,8,29,12,Aug,1005,1074,161,25.8,0.0,2025-8-29,2025-08-29,6,,,,0
2025,8,29,23,Aug,1522,1368,221,19.6,0.0,2025-8-29,2025-08-29,6,,,,0
2025,8,30,6,Aug,380,647,67,14.4,0.0,2025-8-30,2025-08-30,7,,,,0
2025,8,31,3,Aug,815,424,81,16.8,0.0,2025-8-31,2025-08-31,1,,,,0
2025,8,28,10,Aug,1009,986,211,21.4,0.0,2025-8-28,2025-08-28,5,,,,0
2025,8,30,23,Aug,1691,1403,276,19.8,0.0,2025-8-30,2025-08-30,7,,,,0
2025,8,27,1,Aug,405,226,58,19.2,0.0,2025-8-27,2025-08-27,4,,,,0
2025,8,27,23,Aug,1446,751,155,19.8,0.0,2025-8-27,2025-08-27,4,,,,0
2025,8,28,9,Aug,1147,1122,192,19.0,0.0,2025-8-28,2025-08-28,5,,,,0
2025,8,30,2,Aug,1009,581,125,17.0,0.0,2025-8-30,2025-08-30,7,,,,0
2025,8,30,14,Aug,1116,1146,220,25.0,0.0,2025-8-30,2025-08-30,7,,,,0
2025,8,31,22,Aug,1305,1222,204,20.0,0.0,2025-8-31,2025-08-31,1,,,,0
2025,8,28,13,Aug,1021,1006,160,26.3,0.0,2025-8-28,2025-08-28,5,,,,0
2025,8,29,18,Aug,1532,1405,303,25.1,0.0,2025-8-29,2025-08-29,6,,,,0
2025,8,31,6,Aug,324,544,67,14.9,0.0,2025-8-31,2025-08-31,1,,,,0
2025,8,31,7,Aug,369,664,82,15.3,0.0,2025-8-31,2025-08-31,1,,,,0
2025,8,31,20,Aug,1227,1116,214,22.6,0.0,2025-8-31,2025-08-31,1,,,,0
2025,8,28,20,Aug,1375,1119,197,24.4,0.0,2025-8-28,2025-08-28,5,,,,0
2025,8,29,22,Aug,1589,1366,243,21.2,0.0,2025-8-29,2025-08-29,6,,,,0
2025,8,30,17,Aug,1433,1537,289,25.2,0.0,2025-8-30,2025-08-30,7,,,,0
2025,8,26,21,Aug,1444,1075,187,23.6,0.0,2025-8-26,2025-08-26,3,,,,0
2025,8,27,2,Aug,251,159,31,18.4,0.0,2025-8-27,2025-08-27,4,,,,0
2025,8,27,4,Aug,241,262,23,17.3,0.0,2025-8-27,2025-08-27,4,,,,0
2025,8,28,3,Aug,287,201,32,16.9,0.0,2025-8-28,2025-08-28,5,,,,0
2025,8,29,7,Aug,683,760,112,18.1,0.0,2025-8-29,2025-08-29,6,,,,0
2025,8,30,0,Aug,1345,1120,208,18.5,0.0,2025-8-30,2025-08-30,7,,,,0
2025,8,30,10,Aug,1023,1201,223,19.5,0.0,2025-8-30,2025-08-30,7,,,,0
2025,8,30,22,Aug,1591,1450,260,20.8,0.0,2025-8-30,2025-08-30,7,,,,0
2025,8,31,2,Aug,1049,635,130,17.5,0.0,2025-8-31,2025-08-31,1,,,,0
2025,8,31,18,Aug,1315,1142,209,25.4,0.0,2025-8-31,2025-08-31,1,,,,0
2025,8,26,13,Aug,871,813,169,27.1,0.0,2025-8-26,2025-08-26,3,,,,0
2025,8,27,18,Aug,1314,1330,242,23.8,0.0,2025-8-27,2025-08-27,4,,,,0
2025,8,27,19,Aug,1246,1267,239,22.9,0.0,2025-8-27,2025-08-27,4,,,,0
2025,8,29,5,Aug,426,440,50,18.8,0.0,2025-8-29,2025-08-29,6,,,,0
2025,8,29,14,Aug,1080,984,214,27.4,0.0,2025-8-29,2025-08-29,6,,,,0
2025,8,31,15,Aug,1162,1136,199,27.0,0.0,2025-8-31,2025-08-31,1,,,,0
2025,8,29,20,Aug,1360,1360,241,22.6,0.0,2025-8-29,2025-08-29,6,,,,0
2025,8,31,12,Aug,1129,1068,188,24.6,0.0,2025-8-31,2025-08-31,1,,,,0
2025,8,26,12,Aug,816,788,131,25.6,0.0,2025-8-26,2025-08-26,3,,,,0
2025,8,26,16,Aug,1088,1164,198,27.0,0.0,2025-8-26,2025-08-26,3,,,,0
2025,8,26,19,Aug,1152,1331,229,24.8,0.0,2025-8-26,2025-08-26,3,,,,0
2025,8,27,0,Aug,807,429,81,19.8,0.0,2025-8-27,2025-08-27,4,,,,0
2025,8,27,15,Aug,962,936,147,24.9,0.0,2025-8-27,2025-08-27,4,,,,0
2025,8,27,22,Aug,1350,942,158,20.8,0.0,2025-8-27,2025-08-27,4,,,,0
2025,8,28,11,Aug,908,964,160,23.6,0.0,2025-8-28,2025-08-28,5,,,,0
2025,8,29,11,Aug,987,1065,188,24.5,0.0,2025-8-29,2025-08-29,6,,,,0
2025,8,29,17,Aug,1259,1376,269,25.7,0.0,2025-8-29,2025-08-29,6,,,,0
2025,8,30,7,Aug,466,785,76,14.2,0.0,2025-8-30,2025-08-30,7,,,,0
2025,8,31,19,Aug,1298,1041,200,24.1,0.0,2025-8-31,2025-08-31,1,,,,0
2025,8,28,5,Aug,419,460,40,15.8,0.0,2025-8-28,2025-08-28,5,,,,0
2025,8,30,4,Aug,493,306,52,15.6,0.0,2025-8-30,2025-08-30,7,,,,0
2025,8,30,15,Aug,1121,1280,196,25.3,0.0,2025-8-30,2025-08-30,7,,,,0
2025,8,31,11,Aug,1078,1158,206,23.1,0.0,2025-8-31,2025-08-31,1,,,,0
2024,8,29,16,Aug,1153,1387,250,25.5,0.0,2024-8-29,2024-08-29,5,,,,0
2024,8,29,22,Aug,1549,1151,198,20.8,0.0,2024-8-29,2024-08-29,5,,,,0
2023,11,29,18,Nov,1927,1927,436,0.4,0.0,2023-11-29,2023-11-29,4,,,,0
2023,11,29,20,Nov,1973,1629,336,-1.3,0.0,2023-11-29,2023-11-29,4,,,,0
2023,11,27,6,Nov,669,806,86,5.6,0.0,2023-11-27,2023-11-27,2,,,,0
2023,11,27,11,Nov,933,962,135,8.6,0.0,2023-11-27,2023-11-27,2,,,,0
2023,11,28,22,Nov,1668,1233,211,-1.0,0.0,2023-11-28,2023-11-28,3,,,,0
2023,11,30,4,Nov,357,300,33,-2.3,0.0,2023-11-30,2023-11-30,5,,,,0
2024,8,30,1,Aug,740,503,105,20.0,2.96,2024-8-30,2024-08-30,6,,,,0
2023,11,27,17,Nov,1469,1338,294,8.9,0.0,2023-11-27,2023-11-27,2,,,,0
2023,11,29,4,Nov,256,256,24,-3.0,0.0,2023-11-29,2023-11-29,4,,,,0
2023,11,29,11,Nov,1067,1089,170,-0.2,0.0,2023-11-29,2023-11-29,4,,,,0
2023,11,30,2,Nov,377,206,50,-1.4,0.0,2023-11-30,2023-11-30,5,,,,0
2024,8,30,3,Aug,450,336,55,19.1,1.32,2024-8-30,2024-08-30,6,,,,0
2024,8,30,14,Aug,1030,1160,190,24.1,0.0,2024-8-30,2024-08-30,6,,,,0
2023,11,27,18,Nov,1498,1406,291,7.6,0.0,2023-11-27,2023-11-27,2,,,,0
2023,11,30,5,Nov,426,464,52,-2.4,0.0,2023-11-30,2023-11-30,5,,,,0
2024,8,30,9,Aug,994,1207,169,19.6,0.0,2024-8-30,2024-08-30,6,,,,0
2024,8,30,17,Aug,1397,1457,315,22.9,0.0,2024-8-30,2024-08-30,6,,,,0
2024,8,31,2,Aug,1352,780,194,17.6,0.0,2024-8-31,2024-08-31,7,,,,0
2023,11,27,0,Nov,830,457,93,11.8,2.9,2023-11-27,2023-11-27,2,,,,0
2023,11,29,5,Nov,328,449,49,-3.3,0.0,2023-11-29,2023-11-29,4,,,,0
2023,11,30,13,Nov,1098,1029,176,8.0,0.0,2023-11-30,2023-11-30,5,,,,0
2024,8,28,16,Aug,1255,1265,257,33.6,0.0,2024-8-28,2024-08-28,4,,,,0
2024,8,29,14,Aug,1109,1023,201,26.3,0.0,2024-8-29,2024-08-29,5,,,,0
2024,8,29,19,Aug,1422,1464,230,22.4,0.0,2024-8-29,2024-08-29,5,,,,0
2024,8,29,21,Aug,1570,1119,221,20.9,0.2,2024-8-29,2024-08-29,5,,,,0
2024,8,30,10,Aug,988,1190,194,20.8,0.0,2024-8-30,2024-08-30,6,,,,0
2024,8,30,19,Aug,1494,1850,304,21.0,0.0,2024-8-30,2024-08-30,6,,,,0
2024,8,31,12,Aug,1195,1327,260,24.3,0.2,2024-8-31,2024-08-31,7,,,,0
2023,11,27,15,Nov,1100,1054,178,10.1,0.0,2023-11-27,2023-11-27,2,,,,0
2023,11,27,21,Nov,1744,1281,229,3.7,0.0,2023-11-27,2023-11-27,2,,,,0
2023,11,28,3,Nov,205,155,19,0.6,0.0,2023-11-28,2023-11-28,3,,,,0
2023,11,30,9,Nov,1503,1517,326,-0.5,0.0,2023-11-30,2023-11-30,5,,,,0
2024,8,30,11,Aug,1055,1144,163,22.3,0.0,2024-8-30,2024-08-30,6,,,,0
2023,11,27,12,Nov,967,896,124,10.1,0.0,2023-11-27,2023-11-27,2,,,,0
2023,11,29,13,Nov,1070,1034,185,2.1,0.0,2023-11-29,2023-11-29,4,,,,0
2023,11,29,16,Nov,1396,1312,330,2.2,0.0,2023-11-29,2023-11-29,4,,,,0
2023,11,29,23,Nov,1664,1052,233,-1.7,0.0,2023-11-29,2023-11-29,4,,,,0
2024,8,28,19,Aug,1475,1330,228,31.5,0.0,2024-8-28,2024-08-28,4,,,,0
2024,8,29,11,Aug,963,942,166,24.6,0.0,2024-8-29,2024-08-29,5,,,,0
2024,8,29,13,Aug,1007,1002,193,26.2,0.0,2024-8-29,2024-08-29,5,,,,0
2023,11,28,18,Nov,1960,1885,437,0.9,0.0,2023-11-28,2023-11-28,3,,,,0
2023,11,29,12,Nov,1019,1023,184,1.3,0.0,2023-11-29,2023-11-29,4,,,,0
2023,11,30,21,Nov,2750,1711,338,5.8,0.0,2023-11-30,2023-11-30,5,,,,0
2024,8,29,7,Aug,811,994,162,20.0,0.04,2024-8-29,2024-08-29,5,,,,0
2024,8,30,5,Aug,465,517,83,18.4,0.0,2024-8-30,2024-08-30,6,,,,0
2024,8,30,16,Aug,1256,1374,238,23.2,0.0,2024-8-30,2024-08-30,6,,,,0
2024,8,31,1,Aug,1798,1059,279,17.8,0.0,2024-8-31,2024-08-31,7,,,,0
2023,11,27,1,Nov,326,250,42,12.9,1.06,2023-11-27,2023-11-27,2,,,,0
2023,11,30,6,Nov,728,883,97,-2.4,0.0,2023-11-30,2023-11-30,5,,,,0
2023,11,30,7,Nov,1270,1179,213,-2.4,0.0,2023-11-30,2023-11-30,5,,,,0
2023,11,30,10,Nov,1255,1169,278,1.9,0.0,2023-11-30,2023-11-30,5,,,,0
2023,11,30,19,Nov,2053,2232,399,5.8,0.0,2023-11-30,2023-11-30,5,,,,0
2023,11,27,19,Nov,1419,1164,248,5.8,0.0,2023-11-27,2023-11-27,2,,,,0
2023,11,27,22,Nov,1275,1035,151,3.2,0.0,2023-11-27,2023-11-27,2,,,,0
2023,11,30,23,Nov,2124,1163,248,4.9,0.0,2023-11-30,2023-11-30,5,,,,0
2024,8,30,2,Aug,525,297,71,19.3,1.18,2024-8-30,2024-08-30,6,,,,0
2024,8,31,9,Aug,928,1174,174,22.5,0.0,2024-8-31,2024-08-31,7,,,,0
2023,11,28,15,Nov,1179,1125,234,2.9,0.04,2023-11-28,2023-11-28,3,,,,0
2023,11,29,9,Nov,1405,1584,361,-3.4,0.0,2023-11-29,2023-11-29,4,,,,0
2024,8,29,10,Aug,1071,1042,185,23.9,0.0,2024-8-29,2024-08-29,5,,,,0
2024,8,31,3,Aug,1039,537,121,17.6,0.0,2024-8-31,2024-08-31,7,,,,0
2023,11,27,8,Nov,1297,1395,235,4.6,0.0,2023-11-27,2023-11-27,2,,,,0
2023,11,28,10,Nov,1029,1130,231,1.6,0.0,2023-11-28,2023-11-28,3,,,,0
2024,8,29,2,Aug,364,202,46,22.9,3.32,2024-8-29,2024-08-29,5,,,,0
2023,11,28,12,Nov,957,952,196,3.6,0.0,2023-11-28,2023-11-28,3,,,,0
2023,11,29,0,Nov,749,570,84,-1.5,0.0,2023-11-29,2023-11-29,4,,,,0
2023,11,30,16,Nov,1366,1474,264,9.4,0.0,2023-11-30,2023-11-30,5,,,,0
2024,8,31,16,Aug,1387,1622,240,25.1,0.0,2024-8-31,2024-08-31,7,,,,0
2023,11,27,5,Nov,353,445,43,6.5,0.0,2023-11-27,2023-11-27,2,,,,0
2023,11,29,6,Nov,725,829,97,-3.5,0.0,2023-11-29,2023-11-29,4,,,,0
2023,11,30,0,Nov,1056,731,148,-0.4,0.0,2023-11-30,2023-11-30,5,,,,0
2024,8,29,5,Aug,370,393,43,21.4,0.0,2024-8-29,2024-08-29,5,,,,0
2024,8,30,4,Aug,400,464,58,18.8,0.04,2024-8-30,2024-08-30,6,,,,0
2024,8,30,15,Aug,1121,1211,224,23.5,0.0,2024-8-30,2024-08-30,6,,,,0
2024,8,30,23,Aug,1918,1485,299,18.6,0.0,2024-8-30,2024-08-30,6,,,,0
2023,11,30,11,Nov,1099,1163,195,4.3,0.0,2023-11-30,2023-11-30,5,,,,0
2024,8,28,15,Aug,1166,1202,206,33.1,0.0,2024-8-28,2024-08-28,4,,,,0
2024,8,29,0,Aug,937,609,133,25.1,0.0,2024-8-29,2024-08-29,5,,,,0
2024,8,29,3,Aug,288,230,34,22.2,1.8,2024-8-29,2024-08-29,5,,,,0
2024,8,30,7,Aug,756,1002,133,18.3,0.0,2024-8-30,2024-08-30,6,,,,0
2024,8,31,17,Aug,1524,1585,305,25.1,0.0,2024-8-31,2024-08-31,7,,,,0
2023,11,27,14,Nov,1078,943,202,10.5,0.0,2023-11-27,2023-11-27,2,,,,0
2023,11,29,2,Nov,250,176,27,-2.3,0.0,2023-11-29,2023-11-29,4,,,,0
2023,11,30,1,Nov,595,385,83,0.0,0.0,2023-11-30,2023-11-30,5,,,,0
2024,8,28,23,Aug,1140,857,165,25.1,0.0,2024-8-28,2024-08-28,4,,,,0
2024,8,30,0,Aug,1243,824,143,20.4,0.2,2024-8-30,2024-08-30,6,,,,0
2023,11,27,23,Nov,918,755,97,3.0,0.0,2023-11-27,2023-11-27,2,,,,0
2023,11,29,10,Nov,1092,1205,201,-1.9,0.0,2023-11-29,2023-11-29,4,,,,0
2023,11,30,22,Nov,2715,1420,280,5.4,0.0,2023-11-30,2023-11-30,5,,,,0
2024,8,28,21,Aug,1733,1493,291,25.4,0.0,2024-8-28,2024-08-28,4,,,,0
2024,8,30,6,Aug,593,783,97,18.2,0.0,2024-8-30,2024-08-30,6,,,,0
2024,8,30,8,Aug,963,1077,164,18.8,0.0,2024-8-30,2024-08-30,6,,,,0
2024,8,31,0,Aug,1756,1332,315,18.1,0.0,2024-8-31,2024-08-31,7,,,,0
2024,8,31,5,Aug,353,370,52,18.1,0.0,2024-8-31,2024-08-31,7,,,,0
2024,8,31,15,Aug,1209,1267,203,25.5,0.0,2024-8-31,2024-08-31,7,,,,0
2024,8,31,20,Aug,1442,1408,226,22.3,0.0,2024-8-31,2024-08-31,7,,,,0
2024,8,31,22,Aug,1793,1597,276,21.7,0.0,2024-8-31,2024-08-31,7,,,,0
2023,11,28,21,Nov,2190,1548,248,-0.6,0.0,2023-11-28,2023-11-28,3,,,,0
2023,11,30,14,Nov,1191,1175,168,8.8,0.0,2023-11-30,2023-11-30,5,,,,0
2024,8,30,22,Aug,1688,1447,227,19.4,0.0,2024-8-30,2024-08-30,6,,,,0
2024,8,31,13,Aug,1309,1245,238,25.2,0.2,2024-8-31,2024-08-31,7,,,,0
2023,11,27,16,Nov,1201,1133,227,9.5,0.0,2023-11-27,2023-11-27,2,,,,0
2023,11,28,0,Nov,510,445,61,2.2,0.0,2023-11-28,2023-11-28,3,,,,0
2023,11,28,1,Nov,296,255,51,1.6,0.0,2023-11-28,2023-11-28,3,,,,0
2023,11,28,7,Nov,1143,1106,208,-1.3,0.0,2023-11-28,2023-11-28,3,,,,0
2023,11,28,11,Nov,1019,1001,211,2.8,0.0,2023-11-28,2023-11-28,3,,,,0
2023,11,28,14,Nov,1076,1141,208,3.6,0.0,2023-11-28,2023-11-28,3,,,,0
2024,8,29,8,Aug,1302,1350,242,20.3,0.0,2024-8-29,2024-08-29,5,,,,0
2024,8,30,13,Aug,1145,1143,191,24.1,0.0,2024-8-30,2024-08-30,6,,,,0
2024,8,30,20,Aug,1482,1725,296,20.4,0.0,2024-8-30,2024-08-30,6,,,,0
2023,11,27,13,Nov,939,861,151,10.3,0.0,2023-11-27,2023-11-27,2,,,,0
2023,11,28,23,Nov,1248,909,147,-1.3,0.0,2023-11-28,2023-11-28,3,,,,0
2023,11,30,20,Nov,2194,2004,390,5.6,0.0,2023-11-30,2023-11-30,5,,,,0
2024,8,31,6,Aug,394,651,55,18.2,0.0,2024-8-31,2024-08-31,7,,,,0
2023,11,27,10,Nov,948,929,163,6.9,0.0,2023-11-27,2023-11-27,2,,,,0
2023,11,28,16,Nov,1045,1048,234,2.5,0.0,2023-11-28,2023-11-28,3,,,,0
2023,11,28,19,Nov,1833,1679,344,0.3,0.0,2023-11-28,2023-11-28,3,,,,0
2023,11,30,18,Nov,2036,2575,547,6.0,0.0,2023-11-30,2023-11-30,5,,,,0
2024,8,29,4,Aug,304,355,33,22.1,0.26,2024-8-29,2024-08-29,5,,,,0
2024,8,31,21,Aug,1486,1347,270,21.7,0.0,2024-8-31,2024-08-31,7,,,,0
2023,11,27,9,Nov,1052,1173,237,5.6,0.0,2023-11-27,2023-11-27,2,,,,0
2023,11,28,6,Nov,687,798,100,-0.8,0.0,2023-11-28,2023-11-28,3,,,,0
2023,11,30,17,Nov,1721,2395,420,8.1,0.0,2023-11-30,2023-11-30,5,,,,0
2024,8,30,18,Aug,1545,1589,298,22.0,0.0,2024-8-30,2024-08-30,6,,,,0
2024,8,31,10,Aug,1147,1297,204,23.9,0.2,2024-8-31,2024-08-31,7,,,,0
2023,11,27,7,Nov,999,1063,150,5.0,0.0,2023-11-27,2023-11-27,2,,,,0
2023,11,29,3,Nov,163,174,22,-2.6,0.0,2023-11-29,2023-11-29,4,,,,0
2024,8,29,6,Aug,604,728,109,20.6,0.1,2024-8-29,2024-08-29,5,,,,0
2024,8,29,12,Aug,982,972,156,25.3,0.0,2024-8-29,2024-08-29,5,,,,0
2024,8,31,8,Aug,674,963,120,19.6,0.0,2024-8-31,2024-08-31,7,,,,0
2023,11,28,13,Nov,981,919,186,3.8,0.0,2023-11-28,2023-11-28,3,,,,0
2023,11,29,1,Nov,398,280,55,-1.9,0.0,2023-11-29,2023-11-29,4,,,,0
2024,8,29,1,Aug,534,312,92,24.3,0.0,2024-8-29,2024-08-29,5,,,,0
2024,8,29,9,Aug,1140,1241,224,22.8,0.0,2024-8-29,2024-08-29,5,,,,0
2023,11,29,7,Nov,1271,1163,253,-3.8,0.0,2023-11-29,2023-11-29,4,,,,0
2024,8,28,18,Aug,1590,1514,309,33.1,0.0,2024-8-28,2024-08-28,4,,,,0
2024,8,28,20,Aug,1607,1361,305,29.9,0.0,2024-8-28,2024-08-28,4,,,,0
2024,8,28,22,Aug,1521,1078,213,25.4,0.0,2024-8-28,2024-08-28,4,,,,0
2024,8,29,15,Aug,1104,1229,208,26.1,0.0,2024-8-29,2024-08-29,5,,,,0
2024,8,29,20,Aug,1469,1162,227,21.5,0.0,2024-8-29,2024-08-29,5,,,,0
2024,8,31,4,Aug,663,386,88,18.0,0.0,2024-8-31,2024-08-31,7,,,,0
2024,8,31,14,Aug,1249,1294,271,25.6,0.06,2024-8-31,2024-08-31,7,,,,0
2024,8,31,18,Aug,1531,1704,309,24.2,0.0,2024-8-31,2024-08-31,7,,,,0
2024,8,31,23,Aug,1683,1442,262,21.5,0.0,2024-8-31,2024-08-31,7,,,,0
2023,11,27,20,Nov,1581,1202,246,4.4,0.0,2023-11-27,2023-11-27,2,,,,0
2023,11,29,8,Nov,1695,1737,411,-4.2,0.0,2023-11-29,2023-11-29,4,,,,0
2023,11,29,15,Nov,1311,1182,247,2.5,0.0,2023-11-29,2023-11-29,4,,,,0
2023,11,30,12,Nov,1058,1054,194,6.5,0.0,2023-11-30,2023-11-30,5,,,,0
2024,8,28,13,Aug,1032,1023,177,32.7,0.0,2024-8-28,2024-08-28,4,,,,0
2024,8,29,23,Aug,1523,1043,177,20.6,0.08,2024-8-29,2024-08-29,5,,,,0
2024,8,31,7,Aug,523,780,77,18.6,0.0,2024-8-31,2024-08-31,7,,,,0
2023,11,27,3,Nov,209,144,25,8.6,0.22,2023-11-27,2023-11-27,2,,,,0
2023,11,28,8,Nov,1554,1712,337,-1.6,0.0,2023-11-28,2023-11-28,3,,,,0
2023,11,28,20,Nov,1860,1574,284,0.1,0.0,2023-11-28,2023-11-28,3,,,,0
2023,11,30,8,Nov,1677,1615,315,-2.5,0.0,2023-11-30,2023-11-30,5,,,,0
2024,8,28,14,Aug,1004,1044,171,32.2,0.0,2024-8-28,2024-08-28,4,,,,0
2024,8,30,12,Aug,1058,1144,230,23.7,0.0,2024-8-30,2024-08-30,6,,,,0
2023,11,27,4,Nov,310,243,17,8.1,0.0,2023-11-27,2023-11-27,2,,,,0
2023,11,28,2,Nov,241,136,22,1.1,0.0,2023-11-28,2023-11-28,3,,,,0
2023,11,28,4,Nov,242,222,20,0.1,0.0,2023-11-28,2023-11-28,3,,,,0
2023,11,29,17,Nov,1869,1616,393,1.5,0.0,2023-11-29,2023-11-29,4,,,,0
2023,11,30,3,Nov,350,177,27,-2.1,0.0,2023-11-30,2023-11-30,5,,,,0
2023,11,30,15,Nov,1331,1230,205,9.5,0.0,2023-11-30,2023-11-30,5,,,,0
2024,8,29,17,Aug,1405,1535,298,24.8,0.0,2024-8-29,2024-08-29,5,,,,0
2024,8,30,21,Aug,1422,1394,276,19.8,0.0,2024-8-30,2024-08-30,6,,,,0
2023,11,29,19,Nov,1786,1746,384,-0.6,0.0,2023-11-29,2023-11-29,4,,,,0
2023,11,29,21,Nov,2357,1553,328,-1.8,0.0,2023-11-29,2023-11-29,4,,,,0
2023,11,27,2,Nov,201,144,22,10.1,0.16,2023-11-27,2023-11-27,2,,,,0
2024,8,29,18,Aug,1438,1569,319,23.9,0.0,2024-8-29,2024-08-29,5,,,,0
2023,11,29,14,Nov,1208,1142,212,2.4,0.0,2023-11-29,2023-11-29,4,,,,0
2024,8,28,17,Aug,1432,1478,292,33.7,0.0,2024-8-28,2024-08-28,4,,,,0
2024,8,31,11,Aug,1196,1375,263,23.9,0.18,2024-8-31,2024-08-31,7,,,,0
2024,8,31,19,Aug,1507,1641,313,23.4,0.0,2024-8-31,2024-08-31,7,,,,0
2023,11,28,5,Nov,319,442,43,-0.3,0.0,2023-11-28,2023-11-28,3,,,,0
2023,11,28,9,Nov,1153,1491,358,0.3,0.0,2023-11-28,2023-11-28,3,,,,0
2023,11,28,17,Nov,1578,1365,334,1.9,0.0,2023-11-28,2023-11-28,3,,,,0
2023,11,29,22,Nov,2229,1355,316,-2.3,0.0,2023-11-29,2023-11-29,4,,,,0
